ISO-10303-21;
HEADER;
FILE_DESCRIPTION (( 'STEP AP214' ),
    '1' );
FILE_NAME ('R5ËÄÂÖµ×ÅÌ°åV2.0.3ºÚ.STEP',
    '2025-03-06T06:09:17',
    ( '' ),
    ( '' ),
    'SwSTEP 2.0',
    'SolidWorks 2022',
    '' );
FILE_SCHEMA (( 'AUTOMOTIVE_DESIGN' ));
ENDSEC;

DATA;
#1 = CARTESIAN_POINT ( 'NONE',  ( -42.00000000000001421, -70.00000000000002842, 0.000000000000000000 ) ) ;
#2 = ORIENTED_EDGE ( 'NONE', *, *, #1425, .T. ) ;
#3 = DIRECTION ( 'NONE',  ( -0.000000000000000000, -0.000000000000000000, 1.000000000000000000 ) ) ;
#4 = CIRCLE ( 'NONE', #6873, 1.550000000000002709 ) ;
#5 = ADVANCED_FACE ( 'NONE', ( #5425 ), #3822, .F. ) ;
#6 = ORIENTED_EDGE ( 'NONE', *, *, #2863, .T. ) ;
#7 = FACE_BOUND ( 'NONE', #1077, .T. ) ;
#8 = ADVANCED_FACE ( 'NONE', ( #1413 ), #6864, .F. ) ;
#9 = EDGE_CURVE ( 'NONE', #2651, #2300, #8986, .T. ) ;
#10 = FACE_OUTER_BOUND ( 'NONE', #1120, .T. ) ;
#11 = ORIENTED_EDGE ( 'NONE', *, *, #5047, .F. ) ;
#12 = DIRECTION ( 'NONE',  ( 0.000000000000000000, 0.000000000000000000, 1.000000000000000000 ) ) ;
#13 = ORIENTED_EDGE ( 'NONE', *, *, #9166, .F. ) ;
#14 = DIRECTION ( 'NONE',  ( 0.000000000000000000, 0.000000000000000000, 1.000000000000000000 ) ) ;
#15 = CARTESIAN_POINT ( 'NONE',  ( 40.45000000000005258, 54.00000000000000711, 0.000000000000000000 ) ) ;
#16 = EDGE_CURVE ( 'NONE', #4842, #2986, #3871, .T. ) ;
#17 = DIRECTION ( 'NONE',  ( -1.000000000000000000, 0.000000000000000000, 0.000000000000000000 ) ) ;
#18 = DIRECTION ( 'NONE',  ( 0.000000000000000000, 0.000000000000000000, 1.000000000000000000 ) ) ;
#19 = EDGE_CURVE ( 'NONE', #5471, #5792, #8504, .T. ) ;
#20 = CARTESIAN_POINT ( 'NONE',  ( -27.44999999999993534, 85.50000000000002842, 0.000000000000000000 ) ) ;
#21 = ORIENTED_EDGE ( 'NONE', *, *, #5618, .F. ) ;
#22 = ADVANCED_FACE ( 'NONE', ( #6022 ), #7514, .F. ) ;
#23 = VERTEX_POINT ( 'NONE', #1611 ) ;
#24 = DIRECTION ( 'NONE',  ( -1.000000000000000000, 0.000000000000000000, 0.000000000000000000 ) ) ;
#25 = ORIENTED_EDGE ( 'NONE', *, *, #503, .T. ) ;
#26 = CARTESIAN_POINT ( 'NONE',  ( 19.90398448916088014, 22.09601551083915538, 2.000000000000000000 ) ) ;
#27 = DIRECTION ( 'NONE',  ( 1.000000000000000000, 0.000000000000000000, 0.000000000000000000 ) ) ;
#28 = CARTESIAN_POINT ( 'NONE',  ( -29.64999999999999858, 69.00000000000000000, 2.000000000000000000 ) ) ;
#29 = CARTESIAN_POINT ( 'NONE',  ( 27.45000000000001705, 9.500000000000000000, 0.000000000000000000 ) ) ;
#30 = VERTEX_POINT ( 'NONE', #8360 ) ;
#31 = CARTESIAN_POINT ( 'NONE',  ( 29.00000000000000000, -24.50000000000000000, 0.000000000000000000 ) ) ;
#32 = ORIENTED_EDGE ( 'NONE', *, *, #5689, .T. ) ;
#33 = DIRECTION ( 'NONE',  ( -1.000000000000000000, 0.000000000000000000, 0.000000000000000000 ) ) ;
#34 = FACE_OUTER_BOUND ( 'NONE', #2175, .T. ) ;
#35 = ORIENTED_EDGE ( 'NONE', *, *, #2378, .T. ) ;
#36 = DIRECTION ( 'NONE',  ( 1.000000000000000000, 0.000000000000000000, 0.000000000000000000 ) ) ;
#37 = EDGE_LOOP ( 'NONE', ( #6990, #5905, #3991, #8184 ) ) ;
#38 = CARTESIAN_POINT ( 'NONE',  ( 56.00000000000008527, -90.99999999999998579, 0.000000000000000000 ) ) ;
#39 = AXIS2_PLACEMENT_3D ( 'NONE', #9850, #5283, #2892 ) ;
#40 = EDGE_CURVE ( 'NONE', #2142, #8651, #8028, .T. ) ;
#41 = CARTESIAN_POINT ( 'NONE',  ( -56.00000000000001421, -54.00000000000003553, 2.000000000000000000 ) ) ;
#42 = CYLINDRICAL_SURFACE ( 'NONE', #757, 1.550000000000009592 ) ;
#43 = ORIENTED_EDGE ( 'NONE', *, *, #5607, .F. ) ;
#44 = CARTESIAN_POINT ( 'NONE',  ( -46.00000000000001421, 92.54999999999999716, 2.000000000000000000 ) ) ;
#45 = VECTOR ( 'NONE', #5129, 1000.000000000000000 ) ;
#46 = VERTEX_POINT ( 'NONE', #8314 ) ;
#47 = ORIENTED_EDGE ( 'NONE', *, *, #5756, .F. ) ;
#48 = CARTESIAN_POINT ( 'NONE',  ( -1.549999999999922329, 85.50000000000001421, 2.000000000000000000 ) ) ;
#49 = ORIENTED_EDGE ( 'NONE', *, *, #1473, .T. ) ;
#50 = CARTESIAN_POINT ( 'NONE',  ( 46.00000000000008527, -89.45000000000001705, 2.000000000000000000 ) ) ;
#51 = VECTOR ( 'NONE', #9672, 1000.000000000000000 ) ;
#52 = CIRCLE ( 'NONE', #3280, 1.549999999999995604 ) ;
#53 = ORIENTED_EDGE ( 'NONE', *, *, #2622, .T. ) ;
#54 = FACE_BOUND ( 'NONE', #1610, .T. ) ;
#55 = CARTESIAN_POINT ( 'NONE',  ( -56.00000000000004263, 54.00000000000000711, 0.000000000000000000 ) ) ;
#56 = VERTEX_POINT ( 'NONE', #44 ) ;
#57 = CARTESIAN_POINT ( 'NONE',  ( -29.55000000000002203, 46.99999999999998579, 2.000000000000000000 ) ) ;
#58 = VERTEX_POINT ( 'NONE', #1507 ) ;
#59 = CARTESIAN_POINT ( 'NONE',  ( 1.387778780781445676E-14, -91.00000000000000000, 0.000000000000000000 ) ) ;
#60 = ORIENTED_EDGE ( 'NONE', *, *, #9342, .F. ) ;
#61 = CARTESIAN_POINT ( 'NONE',  ( -56.00000000000001421, -91.00000000000000000, 2.000000000000000000 ) ) ;
#62 = CIRCLE ( 'NONE', #552, 1.550000000000002709 ) ;
#63 = EDGE_LOOP ( 'NONE', ( #9498, #8030, #8737, #8907 ) ) ;
#64 = DIRECTION ( 'NONE',  ( 1.000000000000000000, 0.000000000000000000, 0.000000000000000000 ) ) ;
#65 = CARTESIAN_POINT ( 'NONE',  ( -20.44999999999999574, 60.19999999999999574, 0.000000000000000000 ) ) ;
#66 = DIRECTION ( 'NONE',  ( 0.000000000000000000, 0.000000000000000000, 1.000000000000000000 ) ) ;
#67 = EDGE_LOOP ( 'NONE', ( #2187, #6429, #6735, #4389 ) ) ;
#68 = ORIENTED_EDGE ( 'NONE', *, *, #3647, .F. ) ;
#69 = CARTESIAN_POINT ( 'NONE',  ( -43.55000000000001137, 38.20000000000000284, 2.000000000000000000 ) ) ;
#70 = VERTEX_POINT ( 'NONE', #7709 ) ;
#71 = DIRECTION ( 'NONE',  ( -0.000000000000000000, -0.000000000000000000, -1.000000000000000000 ) ) ;
#72 = DIRECTION ( 'NONE',  ( -0.000000000000000000, -0.000000000000000000, 1.000000000000000000 ) ) ;
#73 = DIRECTION ( 'NONE',  ( -0.000000000000000000, -0.000000000000000000, -1.000000000000000000 ) ) ;
#74 = ADVANCED_FACE ( 'NONE', ( #9791 ), #3119, .F. ) ;
#75 = EDGE_CURVE ( 'NONE', #2653, #1219, #658, .T. ) ;
#76 = CARTESIAN_POINT ( 'NONE',  ( 0.000000000000000000, 57.49999999999999289, 2.000000000000000000 ) ) ;
#77 = ORIENTED_EDGE ( 'NONE', *, *, #8045, .F. ) ;
#78 = EDGE_CURVE ( 'NONE', #1937, #5148, #7228, .T. ) ;
#79 = CIRCLE ( 'NONE', #2196, 1.550000000000000488 ) ;
#80 = CARTESIAN_POINT ( 'NONE',  ( -56.00000000000001421, -91.00000000000000000, 2.000000000000000000 ) ) ;
#81 = EDGE_LOOP ( 'NONE', ( #2608, #8468, #2420, #9207 ) ) ;
#82 = CARTESIAN_POINT ( 'NONE',  ( -27.45000000000000639, 24.50000000000000000, 2.000000000000000000 ) ) ;
#83 = CYLINDRICAL_SURFACE ( 'NONE', #4019, 1.550000000000002709 ) ;
#84 = VECTOR ( 'NONE', #2232, 1000.000000000000000 ) ;
#85 = ORIENTED_EDGE ( 'NONE', *, *, #606, .T. ) ;
#86 = DIRECTION ( 'NONE',  ( 0.000000000000000000, 0.000000000000000000, 1.000000000000000000 ) ) ;
#87 = VERTEX_POINT ( 'NONE', #9026 ) ;
#88 = DIRECTION ( 'NONE',  ( -0.000000000000000000, -0.000000000000000000, -1.000000000000000000 ) ) ;
#89 = CIRCLE ( 'NONE', #7601, 1.550000000000002709 ) ;
#90 = EDGE_CURVE ( 'NONE', #6251, #4760, #2923, .T. ) ;
#91 = DIRECTION ( 'NONE',  ( 1.000000000000000000, 0.000000000000000000, 0.000000000000000000 ) ) ;
#92 = DIRECTION ( 'NONE',  ( 0.000000000000000000, 0.000000000000000000, 1.000000000000000000 ) ) ;
#93 = VECTOR ( 'NONE', #6175, 1000.000000000000000 ) ;
#94 = ORIENTED_EDGE ( 'NONE', *, *, #7362, .T. ) ;
#95 = LINE ( 'NONE', #3975, #3966 ) ;
#96 = ORIENTED_EDGE ( 'NONE', *, *, #950, .T. ) ;
#97 = ORIENTED_EDGE ( 'NONE', *, *, #7451, .F. ) ;
#98 = DIRECTION ( 'NONE',  ( 0.000000000000000000, 0.000000000000000000, -1.000000000000000000 ) ) ;
#99 = EDGE_LOOP ( 'NONE', ( #9232, #1461 ) ) ;
#100 = DIRECTION ( 'NONE',  ( -0.000000000000000000, 1.000000000000000000, -0.000000000000000000 ) ) ;
#101 = AXIS2_PLACEMENT_3D ( 'NONE', #4716, #9456, #4896 ) ;
#102 = CIRCLE ( 'NONE', #2355, 1.549999999999995826 ) ;
#103 = VECTOR ( 'NONE', #8884, 1000.000000000000000 ) ;
#104 = VERTEX_POINT ( 'NONE', #9123 ) ;
#105 = AXIS2_PLACEMENT_3D ( 'NONE', #5938, #8987, #7476 ) ;
#106 = VECTOR ( 'NONE', #672, 1000.000000000000000 ) ;
#107 = FACE_BOUND ( 'NONE', #1040, .T. ) ;
#108 = ORIENTED_EDGE ( 'NONE', *, *, #4736, .F. ) ;
#109 = AXIS2_PLACEMENT_3D ( 'NONE', #5876, #2160, #2072 ) ;
#110 = DIRECTION ( 'NONE',  ( 0.000000000000000000, 0.000000000000000000, 1.000000000000000000 ) ) ;
#111 = ORIENTED_EDGE ( 'NONE', *, *, #2440, .F. ) ;
#112 = DIRECTION ( 'NONE',  ( -0.000000000000000000, -0.000000000000000000, 1.000000000000000000 ) ) ;
#113 = CIRCLE ( 'NONE', #5730, 1.550000000000002709 ) ;
#114 = ORIENTED_EDGE ( 'NONE', *, *, #1797, .F. ) ;
#115 = FACE_OUTER_BOUND ( 'NONE', #5706, .T. ) ;
#116 = VECTOR ( 'NONE', #7268, 1000.000000000000000 ) ;
#117 = AXIS2_PLACEMENT_3D ( 'NONE', #6464, #8766, #4969 ) ;
#118 = ORIENTED_EDGE ( 'NONE', *, *, #4554, .T. ) ;
#119 = CARTESIAN_POINT ( 'NONE',  ( -18.50000000000003908, -83.00000000000000000, 0.000000000000000000 ) ) ;
#120 = AXIS2_PLACEMENT_3D ( 'NONE', #9361, #7098, #2403 ) ;
#121 = VECTOR ( 'NONE', #4248, 1000.000000000000000 ) ;
#122 = AXIS2_PLACEMENT_3D ( 'NONE', #4650, #3842, #2996 ) ;
#123 = FACE_OUTER_BOUND ( 'NONE', #4160, .T. ) ;
#124 = ORIENTED_EDGE ( 'NONE', *, *, #8311, .F. ) ;
#125 = ORIENTED_EDGE ( 'NONE', *, *, #4601, .F. ) ;
#126 = CYLINDRICAL_SURFACE ( 'NONE', #5412, 1.550000000000002709 ) ;
#127 = EDGE_LOOP ( 'NONE', ( #622, #3596, #77, #3390 ) ) ;
#128 = DIRECTION ( 'NONE',  ( 1.000000000000000000, 0.000000000000000000, 0.000000000000000000 ) ) ;
#129 = CARTESIAN_POINT ( 'NONE',  ( 29.00000000000008527, 85.49999999999998579, 0.000000000000000000 ) ) ;
#130 = DIRECTION ( 'NONE',  ( -1.000000000000000000, 0.000000000000000000, 0.000000000000000000 ) ) ;
#131 = EDGE_CURVE ( 'NONE', #4618, #9163, #910, .T. ) ;
#132 = EDGE_CURVE ( 'NONE', #5804, #7441, #9075, .T. ) ;
#133 = CARTESIAN_POINT ( 'NONE',  ( 29.55000000000006111, 46.99999999999999289, 0.000000000000000000 ) ) ;
#134 = SURFACE_STYLE_USAGE ( .BOTH. , #6352 ) ;
#135 = ORIENTED_EDGE ( 'NONE', *, *, #2111, .T. ) ;
#136 = CARTESIAN_POINT ( 'NONE',  ( -19.90398448916085528, 22.09601551083915183, 0.000000000000000000 ) ) ;
#137 = AXIS2_PLACEMENT_3D ( 'NONE', #8018, #3475, #2013 ) ;
#138 = VERTEX_POINT ( 'NONE', #6959 ) ;
#139 = FACE_BOUND ( 'NONE', #9291, .T. ) ;
#140 = EDGE_CURVE ( 'NONE', #9046, #7272, #4774, .T. ) ;
#141 = CARTESIAN_POINT ( 'NONE',  ( 28.00000000000006040, -46.99999999999999289, 0.000000000000000000 ) ) ;
#142 = VERTEX_POINT ( 'NONE', #6370 ) ;
#143 = CARTESIAN_POINT ( 'NONE',  ( 8.000000000000000000, 43.00000000000000000, 0.000000000000000000 ) ) ;
#144 = ORIENTED_EDGE ( 'NONE', *, *, #758, .F. ) ;
#145 = CARTESIAN_POINT ( 'NONE',  ( -11.09601551083913762, -8.903984489160825078, 2.000000000000000000 ) ) ;
#146 = ADVANCED_FACE ( 'NONE', ( #3179 ), #2465, .F. ) ;
#147 = DIRECTION ( 'NONE',  ( 0.000000000000000000, 0.000000000000000000, 1.000000000000000000 ) ) ;
#148 = CARTESIAN_POINT ( 'NONE',  ( -42.00000000000001421, -54.00000000000003553, 0.000000000000000000 ) ) ;
#149 = EDGE_CURVE ( 'NONE', #7850, #1113, #6993, .T. ) ;
#150 = ORIENTED_EDGE ( 'NONE', *, *, #6246, .F. ) ;
#151 = DIRECTION ( 'NONE',  ( -0.000000000000000000, -0.000000000000000000, -1.000000000000000000 ) ) ;
#152 = ORIENTED_EDGE ( 'NONE', *, *, #2658, .T. ) ;
#153 = CARTESIAN_POINT ( 'NONE',  ( -40.45000000000000995, 38.20000000000000284, 0.000000000000000000 ) ) ;
#154 = ORIENTED_EDGE ( 'NONE', *, *, #2610, .T. ) ;
#155 = CARTESIAN_POINT ( 'NONE',  ( -57.55000000000000426, -70.00000000000002842, 0.000000000000000000 ) ) ;
#156 = CIRCLE ( 'NONE', #5925, 1.550000000000002709 ) ;
#157 = AXIS2_PLACEMENT_3D ( 'NONE', #8677, #2582, #2068 ) ;
#158 = ORIENTED_EDGE ( 'NONE', *, *, #4871, .F. ) ;
#159 = FACE_BOUND ( 'NONE', #9016, .T. ) ;
#160 = DIRECTION ( 'NONE',  ( 0.000000000000000000, 0.000000000000000000, 1.000000000000000000 ) ) ;
#161 = AXIS2_PLACEMENT_3D ( 'NONE', #6504, #8857, #7212 ) ;
#162 = CIRCLE ( 'NONE', #2660, 1.549999999999995826 ) ;
#163 = ORIENTED_EDGE ( 'NONE', *, *, #7413, .F. ) ;
#164 = DIRECTION ( 'NONE',  ( 1.000000000000000000, 0.000000000000000000, 0.000000000000000000 ) ) ;
#165 = EDGE_LOOP ( 'NONE', ( #3315, #7819 ) ) ;
#166 = CARTESIAN_POINT ( 'NONE',  ( 16.94999999999999574, 43.00000000000000000, 0.000000000000000000 ) ) ;
#167 = PRODUCT_DEFINITION_SHAPE ( 'NONE', 'NONE',  #5136 ) ;
#168 = ORIENTED_EDGE ( 'NONE', *, *, #8329, .T. ) ;
#169 = AXIS2_PLACEMENT_3D ( 'NONE', #7993, #6442, #2034 ) ;
#170 = DIRECTION ( 'NONE',  ( -0.000000000000000000, -0.000000000000000000, -1.000000000000000000 ) ) ;
#171 = ORIENTED_EDGE ( 'NONE', *, *, #5289, .F. ) ;
#172 = CARTESIAN_POINT ( 'NONE',  ( 52.00000000000004263, -77.00000000000002842, 2.000000000000000000 ) ) ;
#173 = EDGE_CURVE ( 'NONE', #2738, #6182, #1709, .T. ) ;
#174 = CARTESIAN_POINT ( 'NONE',  ( 9.549999999999998934, 18.00000000000000000, 2.000000000000000000 ) ) ;
#175 = ORIENTED_EDGE ( 'NONE', *, *, #2556, .T. ) ;
#176 = ORIENTED_EDGE ( 'NONE', *, *, #9408, .F. ) ;
#177 = CARTESIAN_POINT ( 'NONE',  ( -9.550000000000000711, 43.00000000000000000, 2.000000000000000000 ) ) ;
#178 = ORIENTED_EDGE ( 'NONE', *, *, #1647, .F. ) ;
#179 = CARTESIAN_POINT ( 'NONE',  ( 46.00000000000008527, 89.45000000000001705, 2.000000000000000000 ) ) ;
#180 = DIRECTION ( 'NONE',  ( 0.000000000000000000, 0.000000000000000000, 1.000000000000000000 ) ) ;
#181 = LINE ( 'NONE', #3150, #220 ) ;
#182 = DIRECTION ( 'NONE',  ( 0.000000000000000000, 0.000000000000000000, 1.000000000000000000 ) ) ;
#183 = DIRECTION ( 'NONE',  ( -0.000000000000000000, -0.000000000000000000, -1.000000000000000000 ) ) ;
#184 = EDGE_LOOP ( 'NONE', ( #7382, #6002 ) ) ;
#185 = CARTESIAN_POINT ( 'NONE',  ( 42.00000000000004263, -54.00000000000003553, 2.000000000000000000 ) ) ;
#186 = ORIENTED_EDGE ( 'NONE', *, *, #2863, .F. ) ;
#187 = FACE_BOUND ( 'NONE', #1913, .T. ) ;
#188 = CARTESIAN_POINT ( 'NONE',  ( -53.55000000000001137, -77.00000000000001421, 0.000000000000000000 ) ) ;
#189 = VERTEX_POINT ( 'NONE', #7065 ) ;
#190 = CARTESIAN_POINT ( 'NONE',  ( -22.09601551083916249, -19.90398448916083041, 0.000000000000000000 ) ) ;
#191 = ORIENTED_EDGE ( 'NONE', *, *, #1148, .T. ) ;
#192 = EDGE_CURVE ( 'NONE', #3843, #8120, #5472, .T. ) ;
#193 = DIRECTION ( 'NONE',  ( 1.000000000000000000, 0.000000000000000000, 0.000000000000000000 ) ) ;
#194 = DIRECTION ( 'NONE',  ( 1.000000000000000000, 0.000000000000000000, 0.000000000000000000 ) ) ;
#195 = ADVANCED_FACE ( 'NONE', ( #7761 ), #9430, .F. ) ;
#196 = VERTEX_POINT ( 'NONE', #2515 ) ;
#197 = DIRECTION ( 'NONE',  ( 0.000000000000000000, 0.000000000000000000, 1.000000000000000000 ) ) ;
#198 = VERTEX_POINT ( 'NONE', #306 ) ;
#199 = FACE_OUTER_BOUND ( 'NONE', #9027, .T. ) ;
#200 = EDGE_LOOP ( 'NONE', ( #4087, #2875 ) ) ;
#201 = AXIS2_PLACEMENT_3D ( 'NONE', #1517, #8989, #4584 ) ;
#202 = CARTESIAN_POINT ( 'NONE',  ( -44.00000000000000711, -7.500000000000000888, 0.000000000000000000 ) ) ;
#203 = EDGE_CURVE ( 'NONE', #7033, #8325, #5241, .T. ) ;
#204 = EDGE_CURVE ( 'NONE', #1219, #9036, #7818, .T. ) ;
#205 = ORIENTED_EDGE ( 'NONE', *, *, #5814, .F. ) ;
#206 = FACE_BOUND ( 'NONE', #4108, .T. ) ;
#207 = CARTESIAN_POINT ( 'NONE',  ( 8.999999999999992895, 28.50000000000002132, 0.000000000000000000 ) ) ;
#208 = APPLICATION_CONTEXT ( 'automotive_design' ) ;
#209 = AXIS2_PLACEMENT_3D ( 'NONE', #650, #8206, #8305 ) ;
#210 = EDGE_CURVE ( 'NONE', #3841, #653, #95, .T. ) ;
#211 = ORIENTED_EDGE ( 'NONE', *, *, #8051, .F. ) ;
#212 = AXIS2_PLACEMENT_3D ( 'NONE', #7398, #3519, #1958 ) ;
#213 = EDGE_CURVE ( 'NONE', #1244, #8120, #954, .T. ) ;
#214 = DIRECTION ( 'NONE',  ( 1.000000000000000000, 0.000000000000000000, 0.000000000000000000 ) ) ;
#215 = VERTEX_POINT ( 'NONE', #5671 ) ;
#216 = DIRECTION ( 'NONE',  ( 0.000000000000000000, 0.000000000000000000, 1.000000000000000000 ) ) ;
#217 = ORIENTED_EDGE ( 'NONE', *, *, #4482, .T. ) ;
#218 = CARTESIAN_POINT ( 'NONE',  ( -40.45000000000001705, -70.00000000000002842, 0.000000000000000000 ) ) ;
#219 = AXIS2_PLACEMENT_3D ( 'NONE', #754, #1460, #3680 ) ;
#220 = VECTOR ( 'NONE', #6202, 1000.000000000000000 ) ;
#221 = ORIENTED_EDGE ( 'NONE', *, *, #710, .F. ) ;
#222 = CARTESIAN_POINT ( 'NONE',  ( 13.50000000000001599, -33.50000000000000000, 2.000000000000000000 ) ) ;
#223 = ADVANCED_FACE ( 'NONE', ( #5577 ), #5624, .F. ) ;
#224 = VECTOR ( 'NONE', #779, 1000.000000000000000 ) ;
#225 = FACE_OUTER_BOUND ( 'NONE', #1057, .T. ) ;
#226 = ORIENTED_EDGE ( 'NONE', *, *, #3827, .T. ) ;
#227 = FACE_OUTER_BOUND ( 'NONE', #5340, .T. ) ;
#228 = EDGE_LOOP ( 'NONE', ( #1722, #8384, #2229, #7223 ) ) ;
#229 = DIRECTION ( 'NONE',  ( -0.000000000000000000, -0.000000000000000000, 1.000000000000000000 ) ) ;
#230 = LINE ( 'NONE', #9306, #7907 ) ;
#231 = VECTOR ( 'NONE', #8031, 1000.000000000000000 ) ;
#232 = CARTESIAN_POINT ( 'NONE',  ( -11.00000000000000000, -76.00000000000002842, 0.000000000000000000 ) ) ;
#233 = CARTESIAN_POINT ( 'NONE',  ( -40.45000000000002416, 54.00000000000000711, 0.000000000000000000 ) ) ;
#234 = ORIENTED_EDGE ( 'NONE', *, *, #40, .F. ) ;
#235 = CARTESIAN_POINT ( 'NONE',  ( 43.55000000000008242, -38.20000000000000284, 2.000000000000000000 ) ) ;
#236 = ORIENTED_EDGE ( 'NONE', *, *, #8022, .T. ) ;
#237 = EDGE_LOOP ( 'NONE', ( #4017, #9112 ) ) ;
#238 = FACE_BOUND ( 'NONE', #4648, .T. ) ;
#239 = DIRECTION ( 'NONE',  ( -0.000000000000000000, -0.000000000000000000, -1.000000000000000000 ) ) ;
#240 = ORIENTED_EDGE ( 'NONE', *, *, #2553, .F. ) ;
#241 = DIRECTION ( 'NONE',  ( 1.000000000000000000, 0.000000000000000000, 0.000000000000000000 ) ) ;
#242 = VERTEX_POINT ( 'NONE', #2617 ) ;
#243 = CARTESIAN_POINT ( 'NONE',  ( -22.09601551083916249, -19.90398448916083041, 2.000000000000000000 ) ) ;
#244 = DIRECTION ( 'NONE',  ( 1.000000000000000000, 0.000000000000000000, 0.000000000000000000 ) ) ;
#245 = VERTEX_POINT ( 'NONE', #1766 ) ;
#246 = CARTESIAN_POINT ( 'NONE',  ( -29.00000000000000355, -9.500000000000000000, 0.000000000000000000 ) ) ;
#247 = DIRECTION ( 'NONE',  ( -0.000000000000000000, -0.000000000000000000, 1.000000000000000000 ) ) ;
#248 = AXIS2_PLACEMENT_3D ( 'NONE', #2161, #8075, #2925 ) ;
#249 = CIRCLE ( 'NONE', #5537, 1.550000000000002709 ) ;
#250 = DIRECTION ( 'NONE',  ( -1.000000000000000000, 0.000000000000000000, 0.000000000000000000 ) ) ;
#251 = ORIENTED_EDGE ( 'NONE', *, *, #9140, .T. ) ;
#252 = CARTESIAN_POINT ( 'NONE',  ( 42.00000000000005684, 54.00000000000000711, 0.000000000000000000 ) ) ;
#253 = VECTOR ( 'NONE', #1370, 1000.000000000000000 ) ;
#254 = EDGE_CURVE ( 'NONE', #8395, #7711, #4570, .T. ) ;
#255 = CIRCLE ( 'NONE', #2829, 1.550000000000002709 ) ;
#256 = EDGE_CURVE ( 'NONE', #651, #4904, #8754, .T. ) ;
#257 = FACE_BOUND ( 'NONE', #5669, .T. ) ;
#258 = CYLINDRICAL_SURFACE ( 'NONE', #9422, 1.549999999999999378 ) ;
#259 = ORIENTED_EDGE ( 'NONE', *, *, #78, .F. ) ;
#260 = CARTESIAN_POINT ( 'NONE',  ( 54.45000000000008100, 1.371604415045036973E-14, 2.000000000000000000 ) ) ;
#261 = EDGE_CURVE ( 'NONE', #4599, #3049, #4823, .T. ) ;
#262 = ORIENTED_EDGE ( 'NONE', *, *, #3967, .F. ) ;
#263 = FACE_OUTER_BOUND ( 'NONE', #8266, .T. ) ;
#264 = EDGE_LOOP ( 'NONE', ( #3243, #940 ) ) ;
#265 = DIRECTION ( 'NONE',  ( 0.000000000000000000, 0.000000000000000000, 1.000000000000000000 ) ) ;
#266 = AXIS2_PLACEMENT_3D ( 'NONE', #3293, #923, #7883 ) ;
#267 = AXIS2_PLACEMENT_3D ( 'NONE', #7684, #7734, #3889 ) ;
#268 = EDGE_CURVE ( 'NONE', #2122, #7066, #6422, .T. ) ;
#269 = VECTOR ( 'NONE', #6543, 1000.000000000000000 ) ;
#270 = ORIENTED_EDGE ( 'NONE', *, *, #3281, .T. ) ;
#271 = CARTESIAN_POINT ( 'NONE',  ( -56.00000000000001421, 91.00000000000000000, 2.000000000000000000 ) ) ;
#272 = AXIS2_PLACEMENT_3D ( 'NONE', #38, #7600, #3963 ) ;
#273 = AXIS2_PLACEMENT_3D ( 'NONE', #7179, #8024, #1162 ) ;
#274 = CIRCLE ( 'NONE', #917, 1.549999999999995826 ) ;
#275 = CARTESIAN_POINT ( 'NONE',  ( 56.00000000000004263, -54.00000000000003553, 2.000000000000000000 ) ) ;
#276 = ORIENTED_EDGE ( 'NONE', *, *, #8476, .T. ) ;
#277 = AXIS2_PLACEMENT_3D ( 'NONE', #7406, #6714, #8165 ) ;
#278 = FACE_OUTER_BOUND ( 'NONE', #3558, .T. ) ;
#279 = AXIS2_PLACEMENT_3D ( 'NONE', #8064, #8710, #1857 ) ;
#280 = ORIENTED_EDGE ( 'NONE', *, *, #4522, .F. ) ;
#281 = DIRECTION ( 'NONE',  ( -0.000000000000000000, -0.000000000000000000, -1.000000000000000000 ) ) ;
#282 = CARTESIAN_POINT ( 'NONE',  ( -28.00000000000001776, 77.00000000000002842, 2.000000000000000000 ) ) ;
#283 = DIRECTION ( 'NONE',  ( -0.000000000000000000, -0.000000000000000000, -1.000000000000000000 ) ) ;
#284 = AXIS2_PLACEMENT_3D ( 'NONE', #1846, #7052, #6211 ) ;
#285 = CIRCLE ( 'NONE', #3342, 1.550000000000002709 ) ;
#286 = DIRECTION ( 'NONE',  ( -0.000000000000000000, -0.000000000000000000, -1.000000000000000000 ) ) ;
#287 = DIRECTION ( 'NONE',  ( 1.000000000000000000, 0.000000000000000000, 0.000000000000000000 ) ) ;
#288 = ORIENTED_EDGE ( 'NONE', *, *, #3218, .F. ) ;
#289 = CARTESIAN_POINT ( 'NONE',  ( 16.54999999999999716, 77.00000000000000000, 2.000000000000000000 ) ) ;
#290 = ORIENTED_EDGE ( 'NONE', *, *, #2978, .F. ) ;
#291 = ORIENTED_EDGE ( 'NONE', *, *, #5728, .T. ) ;
#292 = FACE_BOUND ( 'NONE', #509, .T. ) ;
#293 = ORIENTED_EDGE ( 'NONE', *, *, #5902, .T. ) ;
#294 = FACE_OUTER_BOUND ( 'NONE', #1545, .T. ) ;
#295 = CIRCLE ( 'NONE', #2868, 1.549999999999995826 ) ;
#296 = ORIENTED_EDGE ( 'NONE', *, *, #4383, .F. ) ;
#297 = CIRCLE ( 'NONE', #1254, 1.549999999999999378 ) ;
#298 = CARTESIAN_POINT ( 'NONE',  ( 1.387778780781445676E-14, 91.00000000000000000, 0.000000000000000000 ) ) ;
#299 = CIRCLE ( 'NONE', #9752, 1.550000000000002709 ) ;
#300 = ORIENTED_EDGE ( 'NONE', *, *, #3115, .F. ) ;
#301 =( GEOMETRIC_REPRESENTATION_CONTEXT ( 3 ) GLOBAL_UNCERTAINTY_ASSIGNED_CONTEXT ( ( #4661 ) ) GLOBAL_UNIT_ASSIGNED_CONTEXT ( ( #5146, #8748, #527 ) ) REPRESENTATION_CONTEXT ( 'NONE', 'WORKASPACE' ) );
#302 = LINE ( 'NONE', #4220, #907 ) ;
#303 = DIRECTION ( 'NONE',  ( -0.000000000000000000, -0.000000000000000000, -1.000000000000000000 ) ) ;
#304 = ORIENTED_EDGE ( 'NONE', *, *, #8442, .F. ) ;
#305 = CARTESIAN_POINT ( 'NONE',  ( -56.00000000000001421, -91.00000000000000000, 0.000000000000000000 ) ) ;
#306 = CARTESIAN_POINT ( 'NONE',  ( -13.44999999999999751, 52.99999999999999289, 2.000000000000000000 ) ) ;
#307 = DIRECTION ( 'NONE',  ( -1.000000000000000000, 0.000000000000000000, 0.000000000000000000 ) ) ;
#308 = ORIENTED_EDGE ( 'NONE', *, *, #2968, .T. ) ;
#309 = CARTESIAN_POINT ( 'NONE',  ( 19.90398448916088014, 22.09601551083915183, 0.000000000000000000 ) ) ;
#310 = EDGE_CURVE ( 'NONE', #7155, #5439, #8060, .T. ) ;
#311 = FACE_BOUND ( 'NONE', #5908, .T. ) ;
#312 = FACE_OUTER_BOUND ( 'NONE', #4299, .T. ) ;
#313 = VERTEX_POINT ( 'NONE', #3526 ) ;
#314 = DIRECTION ( 'NONE',  ( 1.000000000000000000, 0.000000000000000000, 0.000000000000000000 ) ) ;
#315 = ORIENTED_EDGE ( 'NONE', *, *, #5728, .F. ) ;
#316 = AXIS2_PLACEMENT_3D ( 'NONE', #548, #3620, #9786 ) ;
#317 = FACE_OUTER_BOUND ( 'NONE', #8100, .T. ) ;
#318 = ORIENTED_EDGE ( 'NONE', *, *, #7013, .T. ) ;
#319 = EDGE_CURVE ( 'NONE', #9163, #6789, #9681, .T. ) ;
#320 = CARTESIAN_POINT ( 'NONE',  ( 6.450000000000001066, 18.00000000000000000, 0.000000000000000000 ) ) ;
#321 = EDGE_CURVE ( 'NONE', #2825, #9236, #8823, .T. ) ;
#322 = VECTOR ( 'NONE', #5358, 1000.000000000000000 ) ;
#323 = VERTEX_POINT ( 'NONE', #4272 ) ;
#324 = EDGE_CURVE ( 'NONE', #3226, #5319, #2066, .T. ) ;
#325 = DIRECTION ( 'NONE',  ( 0.000000000000000000, 0.000000000000000000, 1.000000000000000000 ) ) ;
#326 = CIRCLE ( 'NONE', #3847, 1.549999999999982059 ) ;
#327 = DIRECTION ( 'NONE',  ( -0.000000000000000000, -0.000000000000000000, -1.000000000000000000 ) ) ;
#328 = ORIENTED_EDGE ( 'NONE', *, *, #4077, .T. ) ;
#329 = EDGE_CURVE ( 'NONE', #5725, #5111, #3432, .T. ) ;
#330 = DIRECTION ( 'NONE',  ( 0.000000000000000000, 0.000000000000000000, 1.000000000000000000 ) ) ;
#331 = ORIENTED_EDGE ( 'NONE', *, *, #1873, .F. ) ;
#332 = CARTESIAN_POINT ( 'NONE',  ( 56.00000000000004263, 91.00000000000001421, 2.000000000000000000 ) ) ;
#333 = FACE_OUTER_BOUND ( 'NONE', #7913, .T. ) ;
#334 = DIRECTION ( 'NONE',  ( 0.000000000000000000, -0.000000000000000000, 1.000000000000000000 ) ) ;
#335 = DIRECTION ( 'NONE',  ( 1.000000000000000000, 0.000000000000000000, 0.000000000000000000 ) ) ;
#336 = VECTOR ( 'NONE', #1986, 1000.000000000000000 ) ;
#337 = EDGE_CURVE ( 'NONE', #2165, #8243, #4178, .T. ) ;
#338 = EDGE_CURVE ( 'NONE', #6866, #5660, #2139, .T. ) ;
#339 = CARTESIAN_POINT ( 'NONE',  ( 8.000000000000000000, 43.00000000000000000, 2.000000000000000000 ) ) ;
#340 = CARTESIAN_POINT ( 'NONE',  ( -35.32000000000000028, 20.36000000000000298, 2.000000000000000000 ) ) ;
#341 = ORIENTED_EDGE ( 'NONE', *, *, #9096, .T. ) ;
#342 = EDGE_CURVE ( 'NONE', #6730, #8718, #4326, .T. ) ;
#343 = CARTESIAN_POINT ( 'NONE',  ( 39.00000000000001421, 7.500000000000000000, 2.000000000000000000 ) ) ;
#344 = ORIENTED_EDGE ( 'NONE', *, *, #3876, .F. ) ;
#345 = ORIENTED_EDGE ( 'NONE', *, *, #2279, .T. ) ;
#346 = FACE_BOUND ( 'NONE', #459, .T. ) ;
#347 = ORIENTED_EDGE ( 'NONE', *, *, #4429, .T. ) ;
#348 = LINE ( 'NONE', #2003, #965 ) ;
#349 = VERTEX_POINT ( 'NONE', #5116 ) ;
#350 = CARTESIAN_POINT ( 'NONE',  ( 50.45000000000005258, -77.00000000000002842, 2.000000000000000000 ) ) ;
#351 = ORIENTED_EDGE ( 'NONE', *, *, #6463, .F. ) ;
#352 = CARTESIAN_POINT ( 'NONE',  ( -27.44999999999999218, -85.50000000000000000, 2.000000000000000000 ) ) ;
#353 = AXIS2_PLACEMENT_3D ( 'NONE', #8409, #5316, #8467 ) ;
#354 = CARTESIAN_POINT ( 'NONE',  ( 42.00000000000005684, 70.00000000000000000, 2.000000000000000000 ) ) ;
#355 = DIRECTION ( 'NONE',  ( 0.000000000000000000, 0.000000000000000000, 1.000000000000000000 ) ) ;
#356 = VERTEX_POINT ( 'NONE', #7361 ) ;
#357 = CARTESIAN_POINT ( 'NONE',  ( 40.45000000000007390, 46.00000000000000711, 2.000000000000000000 ) ) ;
#358 = CARTESIAN_POINT ( 'NONE',  ( 29.00000000000000000, -24.50000000000000000, 0.000000000000000000 ) ) ;
#359 = LINE ( 'NONE', #8019, #383 ) ;
#360 = VERTEX_POINT ( 'NONE', #2720 ) ;
#361 = DIRECTION ( 'NONE',  ( 1.000000000000000000, 0.000000000000000000, 0.000000000000000000 ) ) ;
#362 = FACE_BOUND ( 'NONE', #9587, .T. ) ;
#363 = DIRECTION ( 'NONE',  ( -0.000000000000000000, -0.000000000000000000, 1.000000000000000000 ) ) ;
#364 = ORIENTED_EDGE ( 'NONE', *, *, #2725, .T. ) ;
#365 = CARTESIAN_POINT ( 'NONE',  ( 28.00000000000006040, 46.99999999999999289, 2.000000000000000000 ) ) ;
#366 = ORIENTED_EDGE ( 'NONE', *, *, #2914, .T. ) ;
#367 = CYLINDRICAL_SURFACE ( 'NONE', #1533, 1.550000000000002709 ) ;
#368 = CIRCLE ( 'NONE', #2620, 1.550000000000002709 ) ;
#369 = ORIENTED_EDGE ( 'NONE', *, *, #504, .F. ) ;
#370 = DIRECTION ( 'NONE',  ( -0.000000000000000000, -0.000000000000000000, 1.000000000000000000 ) ) ;
#371 = CARTESIAN_POINT ( 'NONE',  ( -43.55000000000001847, -54.00000000000003553, 2.000000000000000000 ) ) ;
#372 = ORIENTED_EDGE ( 'NONE', *, *, #6135, .F. ) ;
#373 = CARTESIAN_POINT ( 'NONE',  ( 6.000000000000000000, 70.70000000000000284, 2.000000000000000000 ) ) ;
#374 = ORIENTED_EDGE ( 'NONE', *, *, #7487, .T. ) ;
#375 = DIRECTION ( 'NONE',  ( 0.000000000000000000, 0.000000000000000000, 1.000000000000000000 ) ) ;
#376 = CIRCLE ( 'NONE', #2293, 1.550000000000002709 ) ;
#377 = AXIS2_PLACEMENT_3D ( 'NONE', #1862, #7968, #2874 ) ;
#378 = CARTESIAN_POINT ( 'NONE',  ( -42.00000000000002842, 70.00000000000000000, 2.000000000000000000 ) ) ;
#379 = LINE ( 'NONE', #8043, #4879 ) ;
#380 = CARTESIAN_POINT ( 'NONE',  ( 29.00000000000008527, 85.49999999999998579, 0.000000000000000000 ) ) ;
#381 = CIRCLE ( 'NONE', #3748, 1.550000000000002709 ) ;
#382 = DIRECTION ( 'NONE',  ( -1.000000000000000000, 0.000000000000000000, 0.000000000000000000 ) ) ;
#383 = VECTOR ( 'NONE', #8871, 1000.000000000000000 ) ;
#384 = EDGE_LOOP ( 'NONE', ( #9845, #484, #9399, #6538 ) ) ;
#385 = CARTESIAN_POINT ( 'NONE',  ( -56.00000000000001421, 91.00000000000000000, 2.000000000000000000 ) ) ;
#386 = ORIENTED_EDGE ( 'NONE', *, *, #7190, .F. ) ;
#387 = VECTOR ( 'NONE', #935, 1000.000000000000000 ) ;
#388 = ORIENTED_EDGE ( 'NONE', *, *, #9396, .T. ) ;
#389 = CARTESIAN_POINT ( 'NONE',  ( 29.00000000000000000, 24.50000000000000000, 2.000000000000000000 ) ) ;
#390 = EDGE_LOOP ( 'NONE', ( #5494, #3539 ) ) ;
#391 = CARTESIAN_POINT ( 'NONE',  ( -13.00000000000000000, 62.00000000000000000, 0.000000000000000000 ) ) ;
#392 = ORIENTED_EDGE ( 'NONE', *, *, #1338, .F. ) ;
#393 = DIRECTION ( 'NONE',  ( 0.000000000000000000, 0.000000000000000000, 1.000000000000000000 ) ) ;
#394 = EDGE_LOOP ( 'NONE', ( #4145, #4789, #1095, #9316 ) ) ;
#395 = EDGE_CURVE ( 'NONE', #2480, #7953, #4706, .T. ) ;
#396 = EDGE_CURVE ( 'NONE', #9810, #242, #5982, .T. ) ;
#397 = EDGE_CURVE ( 'NONE', #9565, #6216, #8453, .T. ) ;
#398 = EDGE_CURVE ( 'NONE', #2825, #7252, #9264, .T. ) ;
#399 = LINE ( 'NONE', #491, #9082 ) ;
#400 = ORIENTED_EDGE ( 'NONE', *, *, #7974, .T. ) ;
#401 = DIRECTION ( 'NONE',  ( -0.000000000000000000, -0.000000000000000000, 1.000000000000000000 ) ) ;
#402 = CARTESIAN_POINT ( 'NONE',  ( -46.00000000000001421, 92.54999999999999716, 0.000000000000000000 ) ) ;
#403 = ORIENTED_EDGE ( 'NONE', *, *, #9180, .T. ) ;
#404 = CARTESIAN_POINT ( 'NONE',  ( -22.00000000000000000, 60.19999999999999574, 0.000000000000000000 ) ) ;
#405 = DIRECTION ( 'NONE',  ( 0.000000000000000000, 0.000000000000000000, 1.000000000000000000 ) ) ;
#406 = CARTESIAN_POINT ( 'NONE',  ( 54.45000000000003837, -54.00000000000003553, 2.000000000000000000 ) ) ;
#407 = ORIENTED_EDGE ( 'NONE', *, *, #5469, .T. ) ;
#408 = DIRECTION ( 'NONE',  ( 1.000000000000000000, 0.000000000000000000, 0.000000000000000000 ) ) ;
#409 = EDGE_CURVE ( 'NONE', #5433, #3313, #6233, .T. ) ;
#410 = CYLINDRICAL_SURFACE ( 'NONE', #4606, 1.550000000000009592 ) ;
#411 = LINE ( 'NONE', #5075, #418 ) ;
#412 = AXIS2_PLACEMENT_3D ( 'NONE', #8236, #771, #9854 ) ;
#413 = PLANE ( 'NONE',  #5125 ) ;
#414 = LINE ( 'NONE', #6431, #2944 ) ;
#415 = VERTEX_POINT ( 'NONE', #2669 ) ;
#416 = CIRCLE ( 'NONE', #1699, 1.550000000000002709 ) ;
#417 = CARTESIAN_POINT ( 'NONE',  ( -27.44999999999993534, 85.50000000000002842, 0.000000000000000000 ) ) ;
#418 = VECTOR ( 'NONE', #1266, 1000.000000000000000 ) ;
#419 = VERTEX_POINT ( 'NONE', #2766 ) ;
#420 = DIRECTION ( 'NONE',  ( 1.000000000000000000, 0.000000000000000000, 0.000000000000000000 ) ) ;
#421 = CYLINDRICAL_SURFACE ( 'NONE', #1718, 1.549999999999995826 ) ;
#422 = VERTEX_POINT ( 'NONE', #3618 ) ;
#423 = LINE ( 'NONE', #6440, #8940 ) ;
#424 = EDGE_LOOP ( 'NONE', ( #291, #9770, #5563, #561 ) ) ;
#425 = CARTESIAN_POINT ( 'NONE',  ( 6.000000000000015099, -91.00000000000000000, 2.000000000000000000 ) ) ;
#426 = CARTESIAN_POINT ( 'NONE',  ( 29.55000000000006111, 46.99999999999999289, 2.000000000000000000 ) ) ;
#427 = CARTESIAN_POINT ( 'NONE',  ( 11.00000000000000000, -52.55000000000001137, 0.000000000000000000 ) ) ;
#428 = DIRECTION ( 'NONE',  ( -1.000000000000000000, -0.000000000000000000, -0.000000000000000000 ) ) ;
#429 = VECTOR ( 'NONE', #8308, 1000.000000000000000 ) ;
#430 = AXIS2_PLACEMENT_3D ( 'NONE', #5638, #6391, #8682 ) ;
#431 = DIRECTION ( 'NONE',  ( 0.000000000000000000, 0.000000000000000000, 1.000000000000000000 ) ) ;
#432 = AXIS2_PLACEMENT_3D ( 'NONE', #3839, #7533, #2331 ) ;
#433 = VECTOR ( 'NONE', #6087, 1000.000000000000000 ) ;
#434 = AXIS2_PLACEMENT_3D ( 'NONE', #7815, #6862, #9933 ) ;
#435 = LINE ( 'NONE', #7250, #1571 ) ;
#436 = ORIENTED_EDGE ( 'NONE', *, *, #1868, .F. ) ;
#437 = VECTOR ( 'NONE', #8515, 1000.000000000000000 ) ;
#438 = ORIENTED_EDGE ( 'NONE', *, *, #4167, .T. ) ;
#439 = CARTESIAN_POINT ( 'NONE',  ( -28.99999999999998934, -85.50000000000000000, 2.000000000000000000 ) ) ;
#440 = EDGE_LOOP ( 'NONE', ( #1276, #6163, #386, #3745 ) ) ;
#441 = CARTESIAN_POINT ( 'NONE',  ( -8.449999999999985079, 9.999999999999994671, 2.000000000000000000 ) ) ;
#442 = ORIENTED_EDGE ( 'NONE', *, *, #2348, .F. ) ;
#443 = DIRECTION ( 'NONE',  ( 0.000000000000000000, 0.000000000000000000, 1.000000000000000000 ) ) ;
#444 = CIRCLE ( 'NONE', #3174, 1.550000000000002709 ) ;
#445 = EDGE_CURVE ( 'NONE', #7230, #583, #5755, .T. ) ;
#446 = AXIS2_PLACEMENT_3D ( 'NONE', #2007, #1959, #3612 ) ;
#447 = FACE_OUTER_BOUND ( 'NONE', #5737, .T. ) ;
#448 = EDGE_CURVE ( 'NONE', #978, #245, #3572, .T. ) ;
#449 = ORIENTED_EDGE ( 'NONE', *, *, #4081, .F. ) ;
#450 = DIRECTION ( 'NONE',  ( 0.000000000000000000, 0.000000000000000000, 1.000000000000000000 ) ) ;
#451 = EDGE_CURVE ( 'NONE', #9649, #356, #6659, .T. ) ;
#452 = AXIS2_PLACEMENT_3D ( 'NONE', #80, #3951, #1037 ) ;
#453 = CARTESIAN_POINT ( 'NONE',  ( 46.00000000000008527, 89.45000000000001705, 0.000000000000000000 ) ) ;
#454 = ORIENTED_EDGE ( 'NONE', *, *, #6461, .T. ) ;
#455 = FACE_OUTER_BOUND ( 'NONE', #7778, .T. ) ;
#456 = DIRECTION ( 'NONE',  ( -3.652049423109067827E-16, -1.000000000000000000, 0.000000000000000000 ) ) ;
#457 = EDGE_CURVE ( 'NONE', #9326, #8196, #5867, .T. ) ;
#458 = DIRECTION ( 'NONE',  ( 1.000000000000000000, 0.000000000000000000, 0.000000000000000000 ) ) ;
#459 = EDGE_LOOP ( 'NONE', ( #8730, #7306 ) ) ;
#460 = DIRECTION ( 'NONE',  ( 1.000000000000000000, 0.000000000000000000, 0.000000000000000000 ) ) ;
#461 = ADVANCED_FACE ( 'NONE', ( #1300 ), #9589, .F. ) ;
#462 = CARTESIAN_POINT ( 'NONE',  ( 8.000000000000000000, 43.00000000000000000, 2.000000000000000000 ) ) ;
#463 = CARTESIAN_POINT ( 'NONE',  ( -43.55000000000001847, -70.00000000000002842, 0.000000000000000000 ) ) ;
#464 = DIRECTION ( 'NONE',  ( 0.000000000000000000, 0.000000000000000000, 1.000000000000000000 ) ) ;
#465 = DIRECTION ( 'NONE',  ( -0.000000000000000000, -0.000000000000000000, -1.000000000000000000 ) ) ;
#466 = ORIENTED_EDGE ( 'NONE', *, *, #8971, .F. ) ;
#467 = CARTESIAN_POINT ( 'NONE',  ( -54.00000000000000000, -99.00000000000000000, 2.000000000000000000 ) ) ;
#468 = ORIENTED_EDGE ( 'NONE', *, *, #6691, .T. ) ;
#469 = CARTESIAN_POINT ( 'NONE',  ( 16.55000000000000782, 53.00000000000000000, 0.000000000000000000 ) ) ;
#470 = FACE_OUTER_BOUND ( 'NONE', #6626, .T. ) ;
#471 = VERTEX_POINT ( 'NONE', #1920 ) ;
#472 = FACE_OUTER_BOUND ( 'NONE', #394, .T. ) ;
#473 = ORIENTED_EDGE ( 'NONE', *, *, #4943, .F. ) ;
#474 = DIRECTION ( 'NONE',  ( 0.000000000000000000, 0.000000000000000000, 1.000000000000000000 ) ) ;
#475 = CARTESIAN_POINT ( 'NONE',  ( 6.000000000000000000, 70.70000000000000284, 0.000000000000000000 ) ) ;
#476 = CYLINDRICAL_SURFACE ( 'NONE', #1831, 1.550000000000002709 ) ;
#477 = FACE_OUTER_BOUND ( 'NONE', #8294, .T. ) ;
#478 = AXIS2_PLACEMENT_3D ( 'NONE', #6704, #9001, #9716 ) ;
#479 = VECTOR ( 'NONE', #9116, 1000.000000000000000 ) ;
#480 = EDGE_CURVE ( 'NONE', #6879, #9236, #7561, .T. ) ;
#481 = DIRECTION ( 'NONE',  ( 1.000000000000000000, 0.000000000000000000, 0.000000000000000000 ) ) ;
#482 = CARTESIAN_POINT ( 'NONE',  ( 13.45000000000000284, 53.00000000000000000, 2.000000000000000000 ) ) ;
#483 = EDGE_LOOP ( 'NONE', ( #5203, #3931, #2079, #4964 ) ) ;
#484 = ORIENTED_EDGE ( 'NONE', *, *, #744, .T. ) ;
#485 = FACE_BOUND ( 'NONE', #390, .T. ) ;
#486 = ORIENTED_EDGE ( 'NONE', *, *, #2378, .F. ) ;
#487 = CARTESIAN_POINT ( 'NONE',  ( 42.00000000000005684, 70.00000000000000000, 2.000000000000000000 ) ) ;
#488 = EDGE_LOOP ( 'NONE', ( #3563, #8749, #7499, #4772 ) ) ;
#489 = DIRECTION ( 'NONE',  ( 1.000000000000000000, 0.000000000000000000, 0.000000000000000000 ) ) ;
#490 = CIRCLE ( 'NONE', #7846, 1.550000000000002709 ) ;
#491 = CARTESIAN_POINT ( 'NONE',  ( 40.45000000000005258, 70.00000000000000000, 2.000000000000000000 ) ) ;
#492 = VERTEX_POINT ( 'NONE', #4517 ) ;
#493 = DIRECTION ( 'NONE',  ( 0.000000000000000000, 0.000000000000000000, 1.000000000000000000 ) ) ;
#494 = VERTEX_POINT ( 'NONE', #788 ) ;
#495 = CARTESIAN_POINT ( 'NONE',  ( 46.00000000000008527, -92.54999999999998295, 2.000000000000000000 ) ) ;
#496 = DIRECTION ( 'NONE',  ( 1.000000000000000000, 0.000000000000000000, 0.000000000000000000 ) ) ;
#497 = ORIENTED_EDGE ( 'NONE', *, *, #2778, .T. ) ;
#498 = CARTESIAN_POINT ( 'NONE',  ( 50.45000000000005258, 77.00000000000002842, 2.000000000000000000 ) ) ;
#499 = DIRECTION ( 'NONE',  ( -0.000000000000000000, -0.000000000000000000, 1.000000000000000000 ) ) ;
#500 = ORIENTED_EDGE ( 'NONE', *, *, #8556, .F. ) ;
#501 = EDGE_CURVE ( 'NONE', #1096, #2884, #5208, .T. ) ;
#502 = CARTESIAN_POINT ( 'NONE',  ( -57.55000000000006111, 54.00000000000000711, 2.000000000000000000 ) ) ;
#503 = EDGE_CURVE ( 'NONE', #1712, #8821, #9209, .T. ) ;
#504 = EDGE_CURVE ( 'NONE', #3882, #1131, #6618, .T. ) ;
#505 = CARTESIAN_POINT ( 'NONE',  ( -16.95000000000004547, -83.00000000000000000, 0.000000000000000000 ) ) ;
#506 = DIRECTION ( 'NONE',  ( 1.000000000000000000, 0.000000000000000000, 0.000000000000000000 ) ) ;
#507 = DIRECTION ( 'NONE',  ( 0.000000000000000000, 0.000000000000000000, 1.000000000000000000 ) ) ;
#508 = DIRECTION ( 'NONE',  ( 0.000000000000000000, 0.000000000000000000, 1.000000000000000000 ) ) ;
#509 = EDGE_LOOP ( 'NONE', ( #6454, #4330 ) ) ;
#510 = DIRECTION ( 'NONE',  ( -0.000000000000000000, -0.000000000000000000, 1.000000000000000000 ) ) ;
#511 = EDGE_CURVE ( 'NONE', #1585, #6066, #1012, .T. ) ;
#512 = ADVANCED_FACE ( 'NONE', ( #7504 ), #5965, .F. ) ;
#513 = ORIENTED_EDGE ( 'NONE', *, *, #5123, .T. ) ;
#514 = ADVANCED_FACE ( 'NONE', ( #34 ), #2349, .F. ) ;
#515 = DIRECTION ( 'NONE',  ( -0.000000000000000000, -0.000000000000000000, -1.000000000000000000 ) ) ;
#516 = EDGE_CURVE ( 'NONE', #5806, #8628, #1490, .T. ) ;
#517 = FACE_OUTER_BOUND ( 'NONE', #4693, .T. ) ;
#518 = ORIENTED_EDGE ( 'NONE', *, *, #8159, .F. ) ;
#519 = DIRECTION ( 'NONE',  ( 0.000000000000000000, 0.000000000000000000, 1.000000000000000000 ) ) ;
#520 = ORIENTED_EDGE ( 'NONE', *, *, #6477, .T. ) ;
#521 = CARTESIAN_POINT ( 'NONE',  ( -52.00000000000002132, -47.00000000000000000, 0.000000000000000000 ) ) ;
#522 = CARTESIAN_POINT ( 'NONE',  ( -5.999999999999940492, -91.00000000000000000, 2.000000000000000000 ) ) ;
#523 = CIRCLE ( 'NONE', #9005, 1.550000000000000488 ) ;
#524 = CARTESIAN_POINT ( 'NONE',  ( 9.549999999999998934, 43.00000000000000000, 0.000000000000000000 ) ) ;
#525 = ADVANCED_FACE ( 'NONE', ( #4413 ), #2302, .F. ) ;
#526 = CARTESIAN_POINT ( 'NONE',  ( 29.00000000000000000, -24.50000000000000000, 2.000000000000000000 ) ) ;
#527 =( NAMED_UNIT ( * ) SI_UNIT ( $, .STERADIAN. ) SOLID_ANGLE_UNIT ( ) );
#528 = AXIS2_PLACEMENT_3D ( 'NONE', #8078, #8830, #8029 ) ;
#529 = FACE_OUTER_BOUND ( 'NONE', #9280, .T. ) ;
#530 = ORIENTED_EDGE ( 'NONE', *, *, #3385, .T. ) ;
#531 = ORIENTED_EDGE ( 'NONE', *, *, #5788, .F. ) ;
#532 = FACE_BOUND ( 'NONE', #4033, .T. ) ;
#533 = ORIENTED_EDGE ( 'NONE', *, *, #2276, .T. ) ;
#534 = FACE_OUTER_BOUND ( 'NONE', #5220, .T. ) ;
#535 = ADVANCED_FACE ( 'NONE', ( #6715 ), #691, .F. ) ;
#536 = VERTEX_POINT ( 'NONE', #6857 ) ;
#537 = AXIS2_PLACEMENT_3D ( 'NONE', #7754, #7161, #241 ) ;
#538 = DIRECTION ( 'NONE',  ( 0.000000000000000000, -1.000000000000000000, 0.000000000000000000 ) ) ;
#539 = AXIS2_PLACEMENT_3D ( 'NONE', #9636, #8118, #1260 ) ;
#540 = DIRECTION ( 'NONE',  ( -0.000000000000000000, -0.000000000000000000, 1.000000000000000000 ) ) ;
#541 = ORIENTED_EDGE ( 'NONE', *, *, #8591, .T. ) ;
#542 = CIRCLE ( 'NONE', #6148, 1.550000000000002709 ) ;
#543 = DIRECTION ( 'NONE',  ( -1.000000000000000000, 0.000000000000000000, 0.000000000000000000 ) ) ;
#544 = VERTEX_POINT ( 'NONE', #3064 ) ;
#545 = DIRECTION ( 'NONE',  ( -1.000000000000000000, 0.000000000000000000, 0.000000000000000000 ) ) ;
#546 = CARTESIAN_POINT ( 'NONE',  ( 27.45000000000001705, 9.500000000000000000, 0.000000000000000000 ) ) ;
#547 = EDGE_LOOP ( 'NONE', ( #351, #1515, #800, #879 ) ) ;
#548 = CARTESIAN_POINT ( 'NONE',  ( 56.00000000000005684, 70.00000000000000000, 2.000000000000000000 ) ) ;
#549 = EDGE_LOOP ( 'NONE', ( #2601, #1453, #6921, #6009 ) ) ;
#550 = EDGE_CURVE ( 'NONE', #3885, #1587, #2250, .T. ) ;
#551 = DIRECTION ( 'NONE',  ( 1.000000000000000000, 0.000000000000000000, 0.000000000000000000 ) ) ;
#552 = AXIS2_PLACEMENT_3D ( 'NONE', #6040, #9095, #6690 ) ;
#553 = DIRECTION ( 'NONE',  ( -0.000000000000000000, -0.000000000000000000, -1.000000000000000000 ) ) ;
#554 = DIRECTION ( 'NONE',  ( -0.000000000000000000, -0.000000000000000000, -1.000000000000000000 ) ) ;
#555 = DIRECTION ( 'NONE',  ( 1.000000000000000000, 0.000000000000000000, 0.000000000000000000 ) ) ;
#556 = DIRECTION ( 'NONE',  ( 0.000000000000000000, -0.000000000000000000, -1.000000000000000000 ) ) ;
#557 = ORIENTED_EDGE ( 'NONE', *, *, #8146, .F. ) ;
#558 = DIRECTION ( 'NONE',  ( 1.000000000000000000, 0.000000000000000000, 0.000000000000000000 ) ) ;
#559 = EDGE_CURVE ( 'NONE', #8179, #1447, #1400, .T. ) ;
#560 = EDGE_CURVE ( 'NONE', #3307, #23, #9824, .T. ) ;
#561 = ORIENTED_EDGE ( 'NONE', *, *, #681, .F. ) ;
#562 = CIRCLE ( 'NONE', #6519, 1.550000000000001155 ) ;
#563 = CARTESIAN_POINT ( 'NONE',  ( -63.99999999999998579, -91.00000000000000000, 2.000000000000000000 ) ) ;
#564 = EDGE_CURVE ( 'NONE', #6182, #3292, #3758, .T. ) ;
#565 = DIRECTION ( 'NONE',  ( 0.000000000000000000, 0.000000000000000000, 1.000000000000000000 ) ) ;
#566 = ORIENTED_EDGE ( 'NONE', *, *, #9465, .T. ) ;
#567 = DIRECTION ( 'NONE',  ( 0.000000000000000000, 0.000000000000000000, 1.000000000000000000 ) ) ;
#568 = ORIENTED_EDGE ( 'NONE', *, *, #448, .F. ) ;
#569 = CARTESIAN_POINT ( 'NONE',  ( 54.45000000000008100, -90.99999999999998579, 2.000000000000000000 ) ) ;
#570 = VECTOR ( 'NONE', #748, 1000.000000000000000 ) ;
#571 = FACE_OUTER_BOUND ( 'NONE', #2303, .T. ) ;
#572 = EDGE_CURVE ( 'NONE', #7715, #2423, #3012, .T. ) ;
#573 = AXIS2_PLACEMENT_3D ( 'NONE', #119, #868, #7835 ) ;
#574 = FACE_OUTER_BOUND ( 'NONE', #9155, .T. ) ;
#575 = FACE_OUTER_BOUND ( 'NONE', #1741, .T. ) ;
#576 = AXIS2_PLACEMENT_3D ( 'NONE', #3870, #5581, #4676 ) ;
#577 = CARTESIAN_POINT ( 'NONE',  ( 46.00000000000004263, 91.00000000000001421, 2.000000000000000000 ) ) ;
#578 = ORIENTED_EDGE ( 'NONE', *, *, #210, .F. ) ;
#579 = ORIENTED_EDGE ( 'NONE', *, *, #8584, .F. ) ;
#580 = FACE_BOUND ( 'NONE', #5427, .T. ) ;
#581 = ORIENTED_EDGE ( 'NONE', *, *, #6709, .F. ) ;
#582 = CYLINDRICAL_SURFACE ( 'NONE', #8473, 1.550000000000002265 ) ;
#583 = VERTEX_POINT ( 'NONE', #2254 ) ;
#584 = CARTESIAN_POINT ( 'NONE',  ( -54.45000000000002416, 70.00000000000000000, 0.000000000000000000 ) ) ;
#585 = AXIS2_PLACEMENT_3D ( 'NONE', #7508, #8929, #1351 ) ;
#586 = VECTOR ( 'NONE', #4049, 1000.000000000000114 ) ;
#587 = AXIS2_PLACEMENT_3D ( 'NONE', #8292, #4544, #9856 ) ;
#588 = VECTOR ( 'NONE', #5087, 1000.000000000000000 ) ;
#589 = AXIS2_PLACEMENT_3D ( 'NONE', #7265, #2716, #4864 ) ;
#590 = DIRECTION ( 'NONE',  ( -1.000000000000000000, 0.000000000000000000, 0.000000000000000000 ) ) ;
#591 = VERTEX_POINT ( 'NONE', #8398 ) ;
#592 = EDGE_CURVE ( 'NONE', #6774, #4106, #5308, .T. ) ;
#593 = DIRECTION ( 'NONE',  ( -0.000000000000000000, -0.000000000000000000, 1.000000000000000000 ) ) ;
#594 = CIRCLE ( 'NONE', #5399, 1.550000000000002709 ) ;
#595 = ORIENTED_EDGE ( 'NONE', *, *, #9590, .T. ) ;
#596 = LINE ( 'NONE', #5018, #920 ) ;
#597 = CARTESIAN_POINT ( 'NONE',  ( 6.000000000000015099, 91.00000000000000000, 2.000000000000000000 ) ) ;
#598 = AXIS2_PLACEMENT_3D ( 'NONE', #148, #355, #952 ) ;
#599 = ORIENTED_EDGE ( 'NONE', *, *, #4688, .T. ) ;
#600 = CIRCLE ( 'NONE', #8600, 1.550000000000002709 ) ;
#601 = DIRECTION ( 'NONE',  ( -0.000000000000000000, -0.000000000000000000, 1.000000000000000000 ) ) ;
#602 = VECTOR ( 'NONE', #1582, 1000.000000000000000 ) ;
#603 = VERTEX_POINT ( 'NONE', #736 ) ;
#604 = DIRECTION ( 'NONE',  ( -0.000000000000000000, -0.000000000000000000, -1.000000000000000000 ) ) ;
#605 = AXIS2_PLACEMENT_3D ( 'NONE', #6450, #8049, #7345 ) ;
#606 = EDGE_CURVE ( 'NONE', #7455, #6102, #1541, .T. ) ;
#607 = AXIS2_PLACEMENT_3D ( 'NONE', #4154, #9355, #7197 ) ;
#608 = CIRCLE ( 'NONE', #3187, 1.549999999999988942 ) ;
#609 = CARTESIAN_POINT ( 'NONE',  ( -56.00000000000000711, -70.00000000000002842, 2.000000000000000000 ) ) ;
#610 = CARTESIAN_POINT ( 'NONE',  ( 0.000000000000000000, 57.49999999999999289, 0.000000000000000000 ) ) ;
#611 = DIRECTION ( 'NONE',  ( 0.000000000000000000, 0.000000000000000000, 1.000000000000000000 ) ) ;
#612 = DIRECTION ( 'NONE',  ( -0.000000000000000000, -0.000000000000000000, 1.000000000000000000 ) ) ;
#613 = EDGE_LOOP ( 'NONE', ( #8621, #6359, #659, #7927 ) ) ;
#614 = EDGE_CURVE ( 'NONE', #2334, #7573, #9938, .T. ) ;
#615 = AXIS2_PLACEMENT_3D ( 'NONE', #207, #363, #2625 ) ;
#616 = DIRECTION ( 'NONE',  ( -0.000000000000000000, -0.000000000000000000, -1.000000000000000000 ) ) ;
#617 = ORIENTED_EDGE ( 'NONE', *, *, #90, .F. ) ;
#618 = FACE_OUTER_BOUND ( 'NONE', #483, .T. ) ;
#619 = DIRECTION ( 'NONE',  ( 0.000000000000000000, 0.000000000000000000, 1.000000000000000000 ) ) ;
#620 = EDGE_LOOP ( 'NONE', ( #4324, #369 ) ) ;
#621 = DIRECTION ( 'NONE',  ( 1.000000000000000000, 0.000000000000000000, 0.000000000000000000 ) ) ;
#622 = ORIENTED_EDGE ( 'NONE', *, *, #7732, .T. ) ;
#623 = DIRECTION ( 'NONE',  ( 0.000000000000000000, 0.000000000000000000, 1.000000000000000000 ) ) ;
#624 = CARTESIAN_POINT ( 'NONE',  ( -52.00000000000002132, 47.00000000000000000, 2.000000000000000000 ) ) ;
#625 = EDGE_CURVE ( 'NONE', #5704, #4911, #3542, .T. ) ;
#626 = CARTESIAN_POINT ( 'NONE',  ( -26.45000000000001350, 46.99999999999998579, 2.000000000000000000 ) ) ;
#627 = ADVANCED_FACE ( 'NONE', ( #8456 ), #83, .F. ) ;
#628 = CARTESIAN_POINT ( 'NONE',  ( 7.500000000000002665, -33.50000000000000000, 0.000000000000000000 ) ) ;
#629 = EDGE_CURVE ( 'NONE', #9692, #2300, #8608, .T. ) ;
#630 = CARTESIAN_POINT ( 'NONE',  ( -26.45000000000001705, 77.00000000000002842, 2.000000000000000000 ) ) ;
#631 = CARTESIAN_POINT ( 'NONE',  ( -29.00000000000000000, 24.50000000000000000, 0.000000000000000000 ) ) ;
#632 = VERTEX_POINT ( 'NONE', #7751 ) ;
#633 = ORIENTED_EDGE ( 'NONE', *, *, #4253, .T. ) ;
#634 = CARTESIAN_POINT ( 'NONE',  ( -7.499999999999993783, -33.50000000000000000, 0.000000000000000000 ) ) ;
#635 = ORIENTED_EDGE ( 'NONE', *, *, #1343, .T. ) ;
#636 = DIRECTION ( 'NONE',  ( 1.000000000000000000, 0.000000000000000000, 0.000000000000000000 ) ) ;
#637 = ORIENTED_EDGE ( 'NONE', *, *, #7347, .T. ) ;
#638 = FACE_OUTER_BOUND ( 'NONE', #5465, .T. ) ;
#639 = VECTOR ( 'NONE', #6105, 1000.000000000000000 ) ;
#640 = VECTOR ( 'NONE', #6162, 1000.000000000000000 ) ;
#641 = EDGE_CURVE ( 'NONE', #5263, #6757, #7516, .T. ) ;
#642 = EDGE_CURVE ( 'NONE', #6918, #3705, #8808, .T. ) ;
#643 = CYLINDRICAL_SURFACE ( 'NONE', #646, 1.549999999999995826 ) ;
#644 = VERTEX_POINT ( 'NONE', #6215 ) ;
#645 = AXIS2_PLACEMENT_3D ( 'NONE', #9469, #7158, #4662 ) ;
#646 = AXIS2_PLACEMENT_3D ( 'NONE', #1591, #9867, #9154 ) ;
#647 = CARTESIAN_POINT ( 'NONE',  ( 1.550000000000009592, -91.00000000000000000, 2.000000000000000000 ) ) ;
#648 = ORIENTED_EDGE ( 'NONE', *, *, #2834, .T. ) ;
#649 = FACE_BOUND ( 'NONE', #7937, .T. ) ;
#650 = CARTESIAN_POINT ( 'NONE',  ( -56.00000000000002842, 0.000000000000000000, 2.000000000000000000 ) ) ;
#651 = VERTEX_POINT ( 'NONE', #9315 ) ;
#652 = CARTESIAN_POINT ( 'NONE',  ( -53.55000000000002558, 47.00000000000000000, 0.000000000000000000 ) ) ;
#653 = VERTEX_POINT ( 'NONE', #188 ) ;
#654 = CARTESIAN_POINT ( 'NONE',  ( 56.00000000000005684, 54.00000000000000711, 2.000000000000000000 ) ) ;
#655 = ADVANCED_FACE ( 'NONE', ( #294 ), #4811, .F. ) ;
#656 = CARTESIAN_POINT ( 'NONE',  ( -56.00000000000001421, -54.00000000000003553, 2.000000000000000000 ) ) ;
#657 = DIRECTION ( 'NONE',  ( 0.000000000000000000, 0.000000000000000000, 1.000000000000000000 ) ) ;
#658 = LINE ( 'NONE', #2162, #5956 ) ;
#659 = ORIENTED_EDGE ( 'NONE', *, *, #1868, .T. ) ;
#660 = CARTESIAN_POINT ( 'NONE',  ( -27.45000000000001705, 9.500000000000000000, 0.000000000000000000 ) ) ;
#661 = ORIENTED_EDGE ( 'NONE', *, *, #4429, .F. ) ;
#662 = CARTESIAN_POINT ( 'NONE',  ( -26.45000000000001705, -77.00000000000002842, 0.000000000000000000 ) ) ;
#663 = VERTEX_POINT ( 'NONE', #5510 ) ;
#664 = DIRECTION ( 'NONE',  ( 1.000000000000000000, 0.000000000000000000, 0.000000000000000000 ) ) ;
#665 = FACE_OUTER_BOUND ( 'NONE', #9905, .T. ) ;
#666 = ORIENTED_EDGE ( 'NONE', *, *, #4815, .F. ) ;
#667 = DIRECTION ( 'NONE',  ( -0.000000000000000000, -0.000000000000000000, -1.000000000000000000 ) ) ;
#668 = ORIENTED_EDGE ( 'NONE', *, *, #9496, .F. ) ;
#669 = LINE ( 'NONE', #7481, #8092 ) ;
#670 = DIRECTION ( 'NONE',  ( -1.000000000000000000, 0.000000000000000000, 0.000000000000000000 ) ) ;
#671 = CARTESIAN_POINT ( 'NONE',  ( -46.00000000000001421, 91.00000000000000000, 2.000000000000000000 ) ) ;
#672 = DIRECTION ( 'NONE',  ( -0.000000000000000000, -0.000000000000000000, 1.000000000000000000 ) ) ;
#673 = DIRECTION ( 'NONE',  ( 0.000000000000000000, 0.000000000000000000, 1.000000000000000000 ) ) ;
#674 = ORIENTED_EDGE ( 'NONE', *, *, #256, .F. ) ;
#675 = VERTEX_POINT ( 'NONE', #5561 ) ;
#676 = LINE ( 'NONE', #8439, #5892 ) ;
#677 = VERTEX_POINT ( 'NONE', #2408 ) ;
#678 = CARTESIAN_POINT ( 'NONE',  ( 56.00000000000004263, -54.00000000000003553, 2.000000000000000000 ) ) ;
#679 = CARTESIAN_POINT ( 'NONE',  ( 6.000000000000015099, -91.00000000000000000, 2.000000000000000000 ) ) ;
#680 = DIRECTION ( 'NONE',  ( 1.000000000000000000, 0.000000000000000000, 0.000000000000000000 ) ) ;
#681 = EDGE_CURVE ( 'NONE', #8482, #7730, #4014, .T. ) ;
#682 = CARTESIAN_POINT ( 'NONE',  ( -9.000000000000005329, 24.49999999999999289, 2.000000000000000000 ) ) ;
#683 = VECTOR ( 'NONE', #3286, 1000.000000000000000 ) ;
#684 = ORIENTED_EDGE ( 'NONE', *, *, #3944, .F. ) ;
#685 = CYLINDRICAL_SURFACE ( 'NONE', #3345, 1.549999999999995826 ) ;
#686 = CIRCLE ( 'NONE', #3266, 1.550000000000002709 ) ;
#687 = ORIENTED_EDGE ( 'NONE', *, *, #4736, .T. ) ;
#688 = FACE_BOUND ( 'NONE', #8457, .T. ) ;
#689 = EDGE_CURVE ( 'NONE', #7298, #6636, #1287, .T. ) ;
#690 = EDGE_CURVE ( 'NONE', #8293, #2394, #4494, .T. ) ;
#691 = CYLINDRICAL_SURFACE ( 'NONE', #3059, 1.549999999999995826 ) ;
#692 = ORIENTED_EDGE ( 'NONE', *, *, #4681, .T. ) ;
#693 = CARTESIAN_POINT ( 'NONE',  ( -29.55000000000001847, 77.00000000000002842, 0.000000000000000000 ) ) ;
#694 = ORIENTED_EDGE ( 'NONE', *, *, #3115, .T. ) ;
#695 = DIRECTION ( 'NONE',  ( -0.000000000000000000, -0.000000000000000000, 1.000000000000000000 ) ) ;
#696 = EDGE_CURVE ( 'NONE', #8374, #8763, #3368, .T. ) ;
#697 = VECTOR ( 'NONE', #2146, 1000.000000000000000 ) ;
#698 = DIRECTION ( 'NONE',  ( -0.000000000000000000, -0.000000000000000000, -1.000000000000000000 ) ) ;
#699 = CIRCLE ( 'NONE', #7733, 1.549999999999995826 ) ;
#700 = DIRECTION ( 'NONE',  ( 1.000000000000000000, 0.000000000000000000, 0.000000000000000000 ) ) ;
#701 = ORIENTED_EDGE ( 'NONE', *, *, #8022, .F. ) ;
#702 = ORIENTED_EDGE ( 'NONE', *, *, #9631, .T. ) ;
#703 = CIRCLE ( 'NONE', #8709, 1.550000000000002709 ) ;
#704 = CARTESIAN_POINT ( 'NONE',  ( 44.00000000000000711, -7.500000000000000888, 2.000000000000000000 ) ) ;
#705 = ORIENTED_EDGE ( 'NONE', *, *, #5360, .F. ) ;
#706 = EDGE_CURVE ( 'NONE', #2872, #5282, #7055, .T. ) ;
#707 = DIRECTION ( 'NONE',  ( 0.000000000000000000, 0.000000000000000000, 1.000000000000000000 ) ) ;
#708 = EDGE_LOOP ( 'NONE', ( #6648, #5936, #8113, #8401 ) ) ;
#709 = CARTESIAN_POINT ( 'NONE',  ( 18.50000000000000000, 43.00000000000000000, 0.000000000000000000 ) ) ;
#710 = EDGE_CURVE ( 'NONE', #189, #4053, #3260, .T. ) ;
#711 = CARTESIAN_POINT ( 'NONE',  ( 11.09601551083916249, 8.903984489160846394, 0.000000000000000000 ) ) ;
#712 = ORIENTED_EDGE ( 'NONE', *, *, #5161, .F. ) ;
#713 = LINE ( 'NONE', #9904, #5652 ) ;
#714 = ORIENTED_EDGE ( 'NONE', *, *, #2440, .T. ) ;
#715 = DIRECTION ( 'NONE',  ( 0.000000000000000000, 0.000000000000000000, 1.000000000000000000 ) ) ;
#716 = LINE ( 'NONE', #3786, #8379 ) ;
#717 = DIRECTION ( 'NONE',  ( 0.000000000000000000, 0.000000000000000000, 1.000000000000000000 ) ) ;
#718 = LINE ( 'NONE', #7579, #3017 ) ;
#719 = CARTESIAN_POINT ( 'NONE',  ( 42.00000000000007816, 46.00000000000000711, 2.000000000000000000 ) ) ;
#720 = ORIENTED_EDGE ( 'NONE', *, *, #7726, .F. ) ;
#721 = VECTOR ( 'NONE', #506, 1000.000000000000000 ) ;
#722 = AXIS2_PLACEMENT_3D ( 'NONE', #3139, #6244, #6188 ) ;
#723 = ORIENTED_EDGE ( 'NONE', *, *, #3765, .F. ) ;
#724 = DIRECTION ( 'NONE',  ( -0.000000000000000000, -0.000000000000000000, -1.000000000000000000 ) ) ;
#725 = ORIENTED_EDGE ( 'NONE', *, *, #2972, .T. ) ;
#726 = LINE ( 'NONE', #1383, #9614 ) ;
#727 = DIRECTION ( 'NONE',  ( 1.000000000000000000, 0.000000000000000000, 0.000000000000000000 ) ) ;
#728 = CARTESIAN_POINT ( 'NONE',  ( 8.903984489160851723, 11.09601551083915716, 0.000000000000000000 ) ) ;
#729 = EDGE_CURVE ( 'NONE', #6363, #2218, #1757, .T. ) ;
#730 = CIRCLE ( 'NONE', #7139, 1.550000000000002709 ) ;
#731 = FACE_OUTER_BOUND ( 'NONE', #8947, .T. ) ;
#732 = VERTEX_POINT ( 'NONE', #8655 ) ;
#733 = CARTESIAN_POINT ( 'NONE',  ( -46.00000000000005684, 89.45000000000000284, 2.000000000000000000 ) ) ;
#734 = VERTEX_POINT ( 'NONE', #1804 ) ;
#735 = DIRECTION ( 'NONE',  ( -1.000000000000000000, 0.000000000000000000, 0.000000000000000000 ) ) ;
#736 = CARTESIAN_POINT ( 'NONE',  ( -22.09601551083914828, 19.90398448916085883, 2.000000000000000000 ) ) ;
#737 = EDGE_CURVE ( 'NONE', #4213, #7685, #9364, .T. ) ;
#738 = ORIENTED_EDGE ( 'NONE', *, *, #6118, .T. ) ;
#739 = CIRCLE ( 'NONE', #5869, 1.550000000000002709 ) ;
#740 = DIRECTION ( 'NONE',  ( 0.000000000000000000, 0.000000000000000000, 1.000000000000000000 ) ) ;
#741 = EDGE_LOOP ( 'NONE', ( #3036, #2650 ) ) ;
#742 = CARTESIAN_POINT ( 'NONE',  ( 27.45000000000004547, 36.50000000000000000, 0.000000000000000000 ) ) ;
#743 = ADVANCED_FACE ( 'NONE', ( #990 ), #4056, .F. ) ;
#744 = EDGE_CURVE ( 'NONE', #4935, #6701, #7957, .T. ) ;
#745 = CIRCLE ( 'NONE', #8258, 1.549999999999999378 ) ;
#746 = CYLINDRICAL_SURFACE ( 'NONE', #3494, 1.549999999999995826 ) ;
#747 = CIRCLE ( 'NONE', #9564, 1.550000000000009592 ) ;
#748 = DIRECTION ( 'NONE',  ( -0.7071067811865486830, -0.7071067811865464625, 0.000000000000000000 ) ) ;
#749 = EDGE_CURVE ( 'NONE', #1905, #6940, #2737, .T. ) ;
#750 = AXIS2_PLACEMENT_3D ( 'NONE', #2126, #619, #1420 ) ;
#751 = VECTOR ( 'NONE', #3317, 1000.000000000000000 ) ;
#752 = ORIENTED_EDGE ( 'NONE', *, *, #606, .F. ) ;
#753 = EDGE_LOOP ( 'NONE', ( #861, #9726, #1402, #6727 ) ) ;
#754 = CARTESIAN_POINT ( 'NONE',  ( -42.00000000000000000, -38.20000000000003126, 2.000000000000000000 ) ) ;
#755 = ORIENTED_EDGE ( 'NONE', *, *, #329, .F. ) ;
#756 = CYLINDRICAL_SURFACE ( 'NONE', #5069, 1.550000000000002709 ) ;
#757 = AXIS2_PLACEMENT_3D ( 'NONE', #3863, #9882, #2312 ) ;
#758 = EDGE_CURVE ( 'NONE', #9313, #6420, #6572, .T. ) ;
#759 = EDGE_CURVE ( 'NONE', #9926, #6750, #3462, .T. ) ;
#760 = ORIENTED_EDGE ( 'NONE', *, *, #6072, .T. ) ;
#761 = FACE_BOUND ( 'NONE', #3496, .T. ) ;
#762 = AXIS2_PLACEMENT_3D ( 'NONE', #7695, #6712, #6110 ) ;
#763 = DIRECTION ( 'NONE',  ( -0.000000000000000000, -0.000000000000000000, 1.000000000000000000 ) ) ;
#764 = ORIENTED_EDGE ( 'NONE', *, *, #3038, .T. ) ;
#765 = STYLED_ITEM ( 'NONE', ( #4899 ), #9862 ) ;
#766 = CIRCLE ( 'NONE', #6378, 1.549999999999999378 ) ;
#767 = DIRECTION ( 'NONE',  ( 0.000000000000000000, 0.000000000000000000, 1.000000000000000000 ) ) ;
#768 = ORIENTED_EDGE ( 'NONE', *, *, #8032, .F. ) ;
#769 = FACE_OUTER_BOUND ( 'NONE', #8941, .T. ) ;
#770 = DIRECTION ( 'NONE',  ( 0.000000000000000000, 0.000000000000000000, 1.000000000000000000 ) ) ;
#771 = DIRECTION ( 'NONE',  ( 0.000000000000000000, 0.000000000000000000, 1.000000000000000000 ) ) ;
#772 = FACE_OUTER_BOUND ( 'NONE', #7233, .T. ) ;
#773 = CARTESIAN_POINT ( 'NONE',  ( -20.05000000000003624, -83.00000000000000000, 0.000000000000000000 ) ) ;
#774 = VERTEX_POINT ( 'NONE', #4166 ) ;
#775 = VERTEX_POINT ( 'NONE', #2803 ) ;
#776 = DIRECTION ( 'NONE',  ( 0.6246950475544250647, 0.7808688094430297211, -0.000000000000000000 ) ) ;
#777 = ORIENTED_EDGE ( 'NONE', *, *, #7797, .T. ) ;
#778 = CARTESIAN_POINT ( 'NONE',  ( 1.387778780781445676E-14, 91.00000000000000000, 2.000000000000000000 ) ) ;
#779 = DIRECTION ( 'NONE',  ( -0.000000000000000000, -0.000000000000000000, 1.000000000000000000 ) ) ;
#780 = LINE ( 'NONE', #728, #5980 ) ;
#781 = EDGE_CURVE ( 'NONE', #5405, #196, #4314, .T. ) ;
#782 = FACE_OUTER_BOUND ( 'NONE', #4454, .T. ) ;
#783 = VERTEX_POINT ( 'NONE', #3415 ) ;
#784 = CYLINDRICAL_SURFACE ( 'NONE', #4461, 1.550000000000002709 ) ;
#785 = ORIENTED_EDGE ( 'NONE', *, *, #7312, .F. ) ;
#786 = CARTESIAN_POINT ( 'NONE',  ( 28.00000000000005329, -77.00000000000002842, 2.000000000000000000 ) ) ;
#787 = AXIS2_PLACEMENT_3D ( 'NONE', #3717, #8400, #6953 ) ;
#788 = CARTESIAN_POINT ( 'NONE',  ( -57.55000000000003268, 70.00000000000000000, 0.000000000000000000 ) ) ;
#789 = ORIENTED_EDGE ( 'NONE', *, *, #2299, .T. ) ;
#790 = DIRECTION ( 'NONE',  ( -0.000000000000000000, -0.000000000000000000, 1.000000000000000000 ) ) ;
#791 = VERTEX_POINT ( 'NONE', #5807 ) ;
#792 = CARTESIAN_POINT ( 'NONE',  ( -39.00000000000001421, 7.500000000000000000, 0.000000000000000000 ) ) ;
#793 = CARTESIAN_POINT ( 'NONE',  ( -6.000000000000031086, 89.45000000000000284, 0.000000000000000000 ) ) ;
#794 = PRODUCT ( 'R5\X2\56db8f6e5e9576d8677f\X0\V2.0.3\X2\9ed1\X0\', 'R5\X2\56db8f6e5e9576d8677f\X0\V2.0.3\X2\9ed1\X0\', '', ( #8849 ) ) ;
#795 = CARTESIAN_POINT ( 'NONE',  ( -40.45000000000000995, 46.00000000000000711, 0.000000000000000000 ) ) ;
#796 = VERTEX_POINT ( 'NONE', #4214 ) ;
#797 = DIRECTION ( 'NONE',  ( -1.000000000000000000, 0.000000000000000000, 0.000000000000000000 ) ) ;
#798 = EDGE_CURVE ( 'NONE', #56, #5463, #1936, .T. ) ;
#799 = VERTEX_POINT ( 'NONE', #441 ) ;
#800 = ORIENTED_EDGE ( 'NONE', *, *, #8397, .T. ) ;
#801 = CARTESIAN_POINT ( 'NONE',  ( -7.499999999999995559, -39.50000000000001421, 0.000000000000000000 ) ) ;
#802 = ORIENTED_EDGE ( 'NONE', *, *, #2237, .F. ) ;
#803 = ADVANCED_FACE ( 'NONE', ( #4965 ), #1195, .F. ) ;
#804 = FACE_OUTER_BOUND ( 'NONE', #4966, .T. ) ;
#805 = AXIS2_PLACEMENT_3D ( 'NONE', #9556, #2697, #5751 ) ;
#806 = ORIENTED_EDGE ( 'NONE', *, *, #7120, .T. ) ;
#807 = FACE_BOUND ( 'NONE', #4066, .T. ) ;
#808 = CARTESIAN_POINT ( 'NONE',  ( 52.00000000000004263, -77.00000000000002842, 0.000000000000000000 ) ) ;
#809 = EDGE_LOOP ( 'NONE', ( #4409, #2757 ) ) ;
#810 = DIRECTION ( 'NONE',  ( -0.000000000000000000, -0.000000000000000000, -1.000000000000000000 ) ) ;
#811 = EDGE_CURVE ( 'NONE', #7694, #1579, #2710, .T. ) ;
#812 = EDGE_LOOP ( 'NONE', ( #1894, #6100, #1760, #6199 ) ) ;
#813 = CARTESIAN_POINT ( 'NONE',  ( -19.90398448916086593, -22.09601551083912341, 2.000000000000000000 ) ) ;
#814 = ORIENTED_EDGE ( 'NONE', *, *, #3781, .T. ) ;
#815 = ADVANCED_FACE ( 'NONE', ( #4909 ), #2053, .F. ) ;
#816 = CARTESIAN_POINT ( 'NONE',  ( -4.574681805324714957E-15, 37.00000000000000000, 0.000000000000000000 ) ) ;
#817 = EDGE_CURVE ( 'NONE', #9812, #8079, #348, .T. ) ;
#818 = AXIS2_PLACEMENT_3D ( 'NONE', #9935, #6169, #797 ) ;
#819 = PLANE ( 'NONE',  #5232 ) ;
#820 = CYLINDRICAL_SURFACE ( 'NONE', #3974, 1.549999999999995604 ) ;
#821 = CARTESIAN_POINT ( 'NONE',  ( 13.45000000000000284, 53.00000000000000000, 0.000000000000000000 ) ) ;
#822 = ORIENTED_EDGE ( 'NONE', *, *, #2290, .T. ) ;
#823 = VERTEX_POINT ( 'NONE', #8101 ) ;
#824 = DIRECTION ( 'NONE',  ( -0.000000000000000000, -0.000000000000000000, 1.000000000000000000 ) ) ;
#825 = ORIENTED_EDGE ( 'NONE', *, *, #689, .F. ) ;
#826 = DIRECTION ( 'NONE',  ( 1.000000000000000000, 0.000000000000000000, 0.000000000000000000 ) ) ;
#827 = FACE_OUTER_BOUND ( 'NONE', #8427, .T. ) ;
#828 = CARTESIAN_POINT ( 'NONE',  ( -28.00000000000001776, 46.99999999999998579, 2.000000000000000000 ) ) ;
#829 = EDGE_CURVE ( 'NONE', #5368, #9542, #4338, .T. ) ;
#830 = CARTESIAN_POINT ( 'NONE',  ( 1.550000000000009592, 91.00000000000000000, 2.000000000000000000 ) ) ;
#831 = ORIENTED_EDGE ( 'NONE', *, *, #3332, .F. ) ;
#832 = DIRECTION ( 'NONE',  ( -0.000000000000000000, -0.000000000000000000, -1.000000000000000000 ) ) ;
#833 = ADVANCED_FACE ( 'NONE', ( #6603 ), #6455, .F. ) ;
#834 = ORIENTED_EDGE ( 'NONE', *, *, #7736, .T. ) ;
#835 = DIRECTION ( 'NONE',  ( -1.000000000000000000, 0.000000000000000000, 0.000000000000000000 ) ) ;
#836 = DIRECTION ( 'NONE',  ( 0.000000000000000000, 0.000000000000000000, 1.000000000000000000 ) ) ;
#837 = ORIENTED_EDGE ( 'NONE', *, *, #5015, .F. ) ;
#838 = CARTESIAN_POINT ( 'NONE',  ( -45.99999999999997158, -91.00000000000002842, 0.000000000000000000 ) ) ;
#839 = ORIENTED_EDGE ( 'NONE', *, *, #2750, .T. ) ;
#840 = FACE_OUTER_BOUND ( 'NONE', #3247, .T. ) ;
#841 = AXIS2_PLACEMENT_3D ( 'NONE', #9644, #3584, #314 ) ;
#842 = DIRECTION ( 'NONE',  ( -0.000000000000000000, -0.000000000000000000, -1.000000000000000000 ) ) ;
#843 = DIRECTION ( 'NONE',  ( 0.000000000000000000, 0.000000000000000000, 1.000000000000000000 ) ) ;
#844 = ORIENTED_EDGE ( 'NONE', *, *, #4905, .F. ) ;
#845 = VERTEX_POINT ( 'NONE', #5107 ) ;
#846 = AXIS2_PLACEMENT_3D ( 'NONE', #5318, #612, #6726 ) ;
#847 = ORIENTED_EDGE ( 'NONE', *, *, #4956, .F. ) ;
#848 = AXIS2_PLACEMENT_3D ( 'NONE', #1966, #5921, #9533 ) ;
#849 = ORIENTED_EDGE ( 'NONE', *, *, #3455, .T. ) ;
#850 = CYLINDRICAL_SURFACE ( 'NONE', #7565, 6.000000000000013323 ) ;
#851 = ORIENTED_EDGE ( 'NONE', *, *, #7199, .T. ) ;
#852 = DIRECTION ( 'NONE',  ( -1.000000000000000000, 0.000000000000000000, 0.000000000000000000 ) ) ;
#853 = AXIS2_PLACEMENT_3D ( 'NONE', #3464, #9773, #2713 ) ;
#854 = VERTEX_POINT ( 'NONE', #5057 ) ;
#855 = FACE_BOUND ( 'NONE', #7082, .T. ) ;
#856 = AXIS2_PLACEMENT_3D ( 'NONE', #6349, #4894, #7892 ) ;
#857 = ORIENTED_EDGE ( 'NONE', *, *, #7105, .T. ) ;
#858 = LINE ( 'NONE', #57, #3099 ) ;
#859 = ORIENTED_EDGE ( 'NONE', *, *, #1357, .T. ) ;
#860 = DIRECTION ( 'NONE',  ( -0.000000000000000000, -0.000000000000000000, 1.000000000000000000 ) ) ;
#861 = ORIENTED_EDGE ( 'NONE', *, *, #5324, .T. ) ;
#862 = EDGE_CURVE ( 'NONE', #4913, #5739, #3538, .T. ) ;
#863 = DIRECTION ( 'NONE',  ( 0.000000000000000000, 0.000000000000000000, 1.000000000000000000 ) ) ;
#864 = ADVANCED_FACE ( 'NONE', ( #2654 ), #4360, .F. ) ;
#865 = CIRCLE ( 'NONE', #7274, 1.550000000000002709 ) ;
#866 = ORIENTED_EDGE ( 'NONE', *, *, #7403, .F. ) ;
#867 = ADVANCED_FACE ( 'NONE', ( #534 ), #3609, .F. ) ;
#868 = DIRECTION ( 'NONE',  ( 0.000000000000000000, 0.000000000000000000, 1.000000000000000000 ) ) ;
#869 = DIRECTION ( 'NONE',  ( 0.000000000000000000, 0.000000000000000000, 1.000000000000000000 ) ) ;
#870 = ORIENTED_EDGE ( 'NONE', *, *, #4495, .T. ) ;
#871 = EDGE_CURVE ( 'NONE', #4814, #4512, #4010, .T. ) ;
#872 = ORIENTED_EDGE ( 'NONE', *, *, #8982, .F. ) ;
#873 = CARTESIAN_POINT ( 'NONE',  ( -19.90398448916086593, -22.09601551083912341, 0.000000000000000000 ) ) ;
#874 = VERTEX_POINT ( 'NONE', #5344 ) ;
#875 = DIRECTION ( 'NONE',  ( -0.000000000000000000, -0.000000000000000000, -1.000000000000000000 ) ) ;
#876 = DIRECTION ( 'NONE',  ( 1.000000000000000000, 0.000000000000000000, 0.000000000000000000 ) ) ;
#877 = LINE ( 'NONE', #4048, #6476 ) ;
#878 = LINE ( 'NONE', #8602, #1389 ) ;
#879 = ORIENTED_EDGE ( 'NONE', *, *, #6522, .T. ) ;
#880 = VECTOR ( 'NONE', #5995, 1000.000000000000000 ) ;
#881 = CARTESIAN_POINT ( 'NONE',  ( -13.44999999999999751, 52.99999999999999289, 0.000000000000000000 ) ) ;
#882 = ORIENTED_EDGE ( 'NONE', *, *, #1925, .T. ) ;
#883 = FACE_BOUND ( 'NONE', #9330, .T. ) ;
#884 = CARTESIAN_POINT ( 'NONE',  ( -9.999999999999989342, 9.999999999999994671, 0.000000000000000000 ) ) ;
#885 = VECTOR ( 'NONE', #2530, 1000.000000000000000 ) ;
#886 = ORIENTED_EDGE ( 'NONE', *, *, #4383, .T. ) ;
#887 = CARTESIAN_POINT ( 'NONE',  ( 59.55000000000000426, -11.99999999999999645, 2.000000000000000000 ) ) ;
#888 = DIRECTION ( 'NONE',  ( -0.000000000000000000, -0.000000000000000000, 1.000000000000000000 ) ) ;
#889 = ORIENTED_EDGE ( 'NONE', *, *, #9199, .F. ) ;
#890 = DIRECTION ( 'NONE',  ( -1.000000000000000000, 0.000000000000000000, 0.000000000000000000 ) ) ;
#891 = CIRCLE ( 'NONE', #8891, 5.000000000000000000 ) ;
#892 = CARTESIAN_POINT ( 'NONE',  ( 54.00000000000007105, -98.99999999999998579, 2.000000000000000000 ) ) ;
#893 = DIRECTION ( 'NONE',  ( -1.000000000000000000, 0.000000000000000000, 0.000000000000000000 ) ) ;
#894 = AXIS2_PLACEMENT_3D ( 'NONE', #1975, #5883, #1271 ) ;
#895 = EDGE_LOOP ( 'NONE', ( #8250, #3776, #1710, #3996 ) ) ;
#896 = DIRECTION ( 'NONE',  ( -1.000000000000000000, 0.000000000000000000, 0.000000000000000000 ) ) ;
#897 = VERTEX_POINT ( 'NONE', #4600 ) ;
#898 = DIRECTION ( 'NONE',  ( -0.000000000000000000, -0.000000000000000000, 1.000000000000000000 ) ) ;
#899 = ORIENTED_EDGE ( 'NONE', *, *, #6376, .F. ) ;
#900 = DIRECTION ( 'NONE',  ( 0.000000000000000000, -1.000000000000000000, 0.000000000000000000 ) ) ;
#901 = EDGE_CURVE ( 'NONE', #7272, #8383, #8801, .T. ) ;
#902 = AXIS2_PLACEMENT_3D ( 'NONE', #4473, #2878, #1407 ) ;
#903 = AXIS2_PLACEMENT_3D ( 'NONE', #8182, #8321, #1317 ) ;
#904 = CIRCLE ( 'NONE', #3639, 1.550000000000002709 ) ;
#905 = EDGE_LOOP ( 'NONE', ( #764, #6646, #4520, #578 ) ) ;
#906 = VECTOR ( 'NONE', #3395, 1000.000000000000000 ) ;
#907 = VECTOR ( 'NONE', #401, 1000.000000000000000 ) ;
#908 = FACE_BOUND ( 'NONE', #1348, .T. ) ;
#909 = CARTESIAN_POINT ( 'NONE',  ( -48.99999999999998579, 7.500000000000000888, 0.000000000000000000 ) ) ;
#910 = CIRCLE ( 'NONE', #7792, 1.550000000000004485 ) ;
#911 = EDGE_CURVE ( 'NONE', #4347, #9158, #726, .T. ) ;
#912 = ORIENTED_EDGE ( 'NONE', *, *, #7304, .F. ) ;
#913 = CIRCLE ( 'NONE', #1397, 1.549999999999995826 ) ;
#914 = LINE ( 'NONE', #5587, #9492 ) ;
#915 = EDGE_LOOP ( 'NONE', ( #4709, #4886, #3201, #4339 ) ) ;
#916 = DIRECTION ( 'NONE',  ( -0.000000000000000000, -0.000000000000000000, 1.000000000000000000 ) ) ;
#917 = AXIS2_PLACEMENT_3D ( 'NONE', #8820, #1297, #5714 ) ;
#918 = ORIENTED_EDGE ( 'NONE', *, *, #4818, .F. ) ;
#919 = DIRECTION ( 'NONE',  ( -0.000000000000000000, -0.000000000000000000, -1.000000000000000000 ) ) ;
#920 = VECTOR ( 'NONE', #3671, 1000.000000000000000 ) ;
#921 = VECTOR ( 'NONE', #6510, 1000.000000000000000 ) ;
#922 = ORIENTED_EDGE ( 'NONE', *, *, #2309, .T. ) ;
#923 = DIRECTION ( 'NONE',  ( -0.000000000000000000, -0.000000000000000000, -1.000000000000000000 ) ) ;
#924 = AXIS2_PLACEMENT_3D ( 'NONE', #8451, #4610, #1594 ) ;
#925 = CIRCLE ( 'NONE', #8447, 4.000000000000014211 ) ;
#926 = CIRCLE ( 'NONE', #1568, 1.549999999999995826 ) ;
#927 = DIRECTION ( 'NONE',  ( 1.000000000000000000, 0.000000000000000000, 0.000000000000000000 ) ) ;
#928 = ORIENTED_EDGE ( 'NONE', *, *, #3752, .F. ) ;
#929 = ORIENTED_EDGE ( 'NONE', *, *, #2611, .T. ) ;
#930 = CARTESIAN_POINT ( 'NONE',  ( 0.000000000000000000, 41.99999999999999289, 2.000000000000000000 ) ) ;
#931 = VERTEX_POINT ( 'NONE', #6055 ) ;
#932 = CARTESIAN_POINT ( 'NONE',  ( 56.00000000000004263, 91.00000000000001421, 2.000000000000000000 ) ) ;
#933 = EDGE_CURVE ( 'NONE', #632, #4672, #9285, .T. ) ;
#934 = DIRECTION ( 'NONE',  ( -0.000000000000000000, -0.000000000000000000, 1.000000000000000000 ) ) ;
#935 = DIRECTION ( 'NONE',  ( -0.000000000000000000, -0.000000000000000000, 1.000000000000000000 ) ) ;
#936 = EDGE_CURVE ( 'NONE', #4070, #4189, #156, .T. ) ;
#937 = EDGE_CURVE ( 'NONE', #3700, #2425, #9930, .T. ) ;
#938 = DIRECTION ( 'NONE',  ( -0.000000000000000000, -0.000000000000000000, -1.000000000000000000 ) ) ;
#939 = CARTESIAN_POINT ( 'NONE',  ( 22.09601551083917670, -19.90398448916085883, 2.000000000000000000 ) ) ;
#940 = ORIENTED_EDGE ( 'NONE', *, *, #1101, .F. ) ;
#941 = CYLINDRICAL_SURFACE ( 'NONE', #9742, 1.550000000000002709 ) ;
#942 = EDGE_LOOP ( 'NONE', ( #9183, #1564, #4237, #3124 ) ) ;
#943 = FACE_BOUND ( 'NONE', #7126, .T. ) ;
#944 = CARTESIAN_POINT ( 'NONE',  ( -45.99999999999997158, -91.00000000000002842, 0.000000000000000000 ) ) ;
#945 = ORIENTED_EDGE ( 'NONE', *, *, #6246, .T. ) ;
#946 = DIRECTION ( 'NONE',  ( -0.7071067811865464625, 0.7071067811865486830, 0.000000000000000000 ) ) ;
#947 = EDGE_LOOP ( 'NONE', ( #1577, #3900, #7762, #7405 ) ) ;
#948 = ADVANCED_FACE ( 'NONE', ( #1480 ), #582, .F. ) ;
#949 = EDGE_CURVE ( 'NONE', #2538, #6296, #3704, .T. ) ;
#950 = EDGE_CURVE ( 'NONE', #3033, #3949, #8958, .T. ) ;
#951 = DIRECTION ( 'NONE',  ( 0.000000000000000000, 0.000000000000000000, 1.000000000000000000 ) ) ;
#952 = DIRECTION ( 'NONE',  ( -1.000000000000000000, 0.000000000000000000, 0.000000000000000000 ) ) ;
#953 = ORIENTED_EDGE ( 'NONE', *, *, #5961, .T. ) ;
#954 = LINE ( 'NONE', #3379, #6527 ) ;
#955 = ORIENTED_EDGE ( 'NONE', *, *, #6999, .T. ) ;
#956 = CYLINDRICAL_SURFACE ( 'NONE', #4704, 1.550000000000002709 ) ;
#957 = ORIENTED_EDGE ( 'NONE', *, *, #1386, .F. ) ;
#958 = FACE_OUTER_BOUND ( 'NONE', #3365, .T. ) ;
#959 = AXIS2_PLACEMENT_3D ( 'NONE', #2143, #8244, #5253 ) ;
#960 = CIRCLE ( 'NONE', #6874, 1.549999999999988942 ) ;
#961 = ADVANCED_FACE ( 'NONE', ( #9105 ), #2998, .F. ) ;
#962 = ORIENTED_EDGE ( 'NONE', *, *, #2010, .F. ) ;
#963 = FACE_BOUND ( 'NONE', #3993, .T. ) ;
#964 = CARTESIAN_POINT ( 'NONE',  ( 8.000000000000000000, 18.00000000000000000, 0.000000000000000000 ) ) ;
#965 = VECTOR ( 'NONE', #5008, 1000.000000000000000 ) ;
#966 = ORIENTED_EDGE ( 'NONE', *, *, #9012, .F. ) ;
#967 = EDGE_CURVE ( 'NONE', #3701, #7953, #7585, .T. ) ;
#968 = CARTESIAN_POINT ( 'NONE',  ( 56.00000000000008527, -90.99999999999998579, 2.000000000000000000 ) ) ;
#969 = ORIENTED_EDGE ( 'NONE', *, *, #1237, .T. ) ;
#970 = DIRECTION ( 'NONE',  ( -1.000000000000000000, -1.284980352575411959E-16, 0.000000000000000000 ) ) ;
#971 = ORIENTED_EDGE ( 'NONE', *, *, #3168, .F. ) ;
#972 = AXIS2_PLACEMENT_3D ( 'NONE', #179, #5396, #5600 ) ;
#973 = CARTESIAN_POINT ( 'NONE',  ( -42.00000000000002842, 54.00000000000000711, 0.000000000000000000 ) ) ;
#974 = EDGE_LOOP ( 'NONE', ( #8072, #7363, #7184, #1017 ) ) ;
#975 = CARTESIAN_POINT ( 'NONE',  ( -46.00000000000005684, 89.45000000000000284, 2.000000000000000000 ) ) ;
#976 = DIRECTION ( 'NONE',  ( 0.000000000000000000, 0.000000000000000000, 1.000000000000000000 ) ) ;
#977 = ORIENTED_EDGE ( 'NONE', *, *, #1446, .F. ) ;
#978 = VERTEX_POINT ( 'NONE', #9771 ) ;
#979 = DIRECTION ( 'NONE',  ( 1.000000000000000000, 0.000000000000000000, 0.000000000000000000 ) ) ;
#980 = VERTEX_POINT ( 'NONE', #6003 ) ;
#981 = DIRECTION ( 'NONE',  ( -0.000000000000000000, -0.000000000000000000, -1.000000000000000000 ) ) ;
#982 = CARTESIAN_POINT ( 'NONE',  ( 8.000000000000000000, 43.00000000000000000, 0.000000000000000000 ) ) ;
#983 = LINE ( 'NONE', #1744, #7568 ) ;
#984 = DIRECTION ( 'NONE',  ( 1.000000000000000000, 0.000000000000000000, 0.000000000000000000 ) ) ;
#985 = VERTEX_POINT ( 'NONE', #2906 ) ;
#986 = DIRECTION ( 'NONE',  ( -0.000000000000000000, -0.000000000000000000, 1.000000000000000000 ) ) ;
#987 = ORIENTED_EDGE ( 'NONE', *, *, #8311, .T. ) ;
#988 = ORIENTED_EDGE ( 'NONE', *, *, #2415, .F. ) ;
#989 = FACE_BOUND ( 'NONE', #2490, .T. ) ;
#990 = FACE_OUTER_BOUND ( 'NONE', #7858, .T. ) ;
#991 = ORIENTED_EDGE ( 'NONE', *, *, #1301, .T. ) ;
#992 = FACE_OUTER_BOUND ( 'NONE', #2061, .T. ) ;
#993 = ORIENTED_EDGE ( 'NONE', *, *, #6031, .T. ) ;
#994 = ADVANCED_FACE ( 'NONE', ( #2191 ), #6845, .F. ) ;
#995 = EDGE_CURVE ( 'NONE', #9256, #7428, #5444, .T. ) ;
#996 = CARTESIAN_POINT ( 'NONE',  ( -54.45000000000002416, 1.898202538678397212E-16, 2.000000000000000000 ) ) ;
#997 = EDGE_CURVE ( 'NONE', #1712, #3226, #3212, .T. ) ;
#998 = ADVANCED_FACE ( 'NONE', ( #7538 ), #1529, .F. ) ;
#999 = CYLINDRICAL_SURFACE ( 'NONE', #2849, 1.549999999999988942 ) ;
#1000 = ORIENTED_EDGE ( 'NONE', *, *, #3151, .T. ) ;
#1001 = CARTESIAN_POINT ( 'NONE',  ( 27.45000000000008811, 85.49999999999998579, 0.000000000000000000 ) ) ;
#1002 = CARTESIAN_POINT ( 'NONE',  ( 57.55000000000003268, -70.00000000000002842, 2.000000000000000000 ) ) ;
#1003 = ORIENTED_EDGE ( 'NONE', *, *, #1747, .F. ) ;
#1004 = EDGE_CURVE ( 'NONE', #7715, #1828, #1440, .T. ) ;
#1005 = DIRECTION ( 'NONE',  ( -0.000000000000000000, -0.000000000000000000, -1.000000000000000000 ) ) ;
#1006 = VERTEX_POINT ( 'NONE', #1335 ) ;
#1007 = AXIS2_PLACEMENT_3D ( 'NONE', #2580, #6237, #7125 ) ;
#1008 = LINE ( 'NONE', #3979, #1223 ) ;
#1009 = FACE_BOUND ( 'NONE', #2093, .T. ) ;
#1010 = AXIS2_PLACEMENT_3D ( 'NONE', #6767, #4572, #1415 ) ;
#1011 = CARTESIAN_POINT ( 'NONE',  ( -30.55000000000000782, 9.500000000000000000, 0.000000000000000000 ) ) ;
#1012 = CIRCLE ( 'NONE', #2295, 1.550000000000009592 ) ;
#1013 = EDGE_LOOP ( 'NONE', ( #4629, #6555 ) ) ;
#1014 = EDGE_CURVE ( 'NONE', #8696, #6142, #7997, .T. ) ;
#1015 = AXIS2_PLACEMENT_3D ( 'NONE', #8058, #3611, #8009 ) ;
#1016 = FACE_OUTER_BOUND ( 'NONE', #5209, .T. ) ;
#1017 = ORIENTED_EDGE ( 'NONE', *, *, #1593, .F. ) ;
#1018 = DIRECTION ( 'NONE',  ( -0.000000000000000000, -0.000000000000000000, 1.000000000000000000 ) ) ;
#1019 = EDGE_LOOP ( 'NONE', ( #8408, #8539, #4545, #7760, #53 ) ) ;
#1020 = CARTESIAN_POINT ( 'NONE',  ( 40.45000000000005258, 54.00000000000000711, 2.000000000000000000 ) ) ;
#1021 = AXIS2_PLACEMENT_3D ( 'NONE', #9684, #3575, #9863 ) ;
#1022 = VECTOR ( 'NONE', #2399, 1000.000000000000000 ) ;
#1023 = ORIENTED_EDGE ( 'NONE', *, *, #8477, .T. ) ;
#1024 = DIRECTION ( 'NONE',  ( 1.000000000000000000, 0.000000000000000000, 0.000000000000000000 ) ) ;
#1025 = EDGE_CURVE ( 'NONE', #2318, #6034, #2731, .T. ) ;
#1026 = VECTOR ( 'NONE', #8597, 1000.000000000000000 ) ;
#1027 = CYLINDRICAL_SURFACE ( 'NONE', #2042, 1.550000000000002709 ) ;
#1028 = ORIENTED_EDGE ( 'NONE', *, *, #7814, .T. ) ;
#1029 = CARTESIAN_POINT ( 'NONE',  ( 9.549999999999998934, 18.00000000000000000, 0.000000000000000000 ) ) ;
#1030 = ORIENTED_EDGE ( 'NONE', *, *, #4075, .F. ) ;
#1031 = DIRECTION ( 'NONE',  ( 0.000000000000000000, 0.000000000000000000, 1.000000000000000000 ) ) ;
#1032 = CARTESIAN_POINT ( 'NONE',  ( -30.54999999999998295, -85.50000000000000000, 0.000000000000000000 ) ) ;
#1033 = DIRECTION ( 'NONE',  ( 0.000000000000000000, 0.000000000000000000, 1.000000000000000000 ) ) ;
#1034 = CARTESIAN_POINT ( 'NONE',  ( -23.55000000000000071, 60.19999999999999574, 2.000000000000000000 ) ) ;
#1035 = CARTESIAN_POINT ( 'NONE',  ( -33.76999999999999602, 20.36000000000000298, 2.000000000000000000 ) ) ;
#1036 = EDGE_LOOP ( 'NONE', ( #2008, #9415 ) ) ;
#1037 = DIRECTION ( 'NONE',  ( -1.000000000000000000, 0.000000000000000000, 0.000000000000000000 ) ) ;
#1038 = ORIENTED_EDGE ( 'NONE', *, *, #6093, .T. ) ;
#1039 = EDGE_CURVE ( 'NONE', #7573, #3503, #8596, .T. ) ;
#1040 = EDGE_LOOP ( 'NONE', ( #5558, #2635 ) ) ;
#1041 = FACE_BOUND ( 'NONE', #4241, .T. ) ;
#1042 = ORIENTED_EDGE ( 'NONE', *, *, #6020, .F. ) ;
#1043 = DIRECTION ( 'NONE',  ( -0.000000000000000000, -0.000000000000000000, 1.000000000000000000 ) ) ;
#1044 = EDGE_CURVE ( 'NONE', #8383, #2429, #9198, .T. ) ;
#1045 = EDGE_LOOP ( 'NONE', ( #2532, #8167 ) ) ;
#1046 = FACE_OUTER_BOUND ( 'NONE', #6743, .T. ) ;
#1047 = EDGE_LOOP ( 'NONE', ( #5812, #7236 ) ) ;
#1048 = LINE ( 'NONE', #4972, #751 ) ;
#1049 = CARTESIAN_POINT ( 'NONE',  ( -29.00000000000000000, 24.50000000000000000, 0.000000000000000000 ) ) ;
#1050 = ADVANCED_FACE ( 'NONE', ( #7089 ), #8543, .F. ) ;
#1051 = ORIENTED_EDGE ( 'NONE', *, *, #9180, .F. ) ;
#1052 = CARTESIAN_POINT ( 'NONE',  ( 42.00000000000004263, -54.00000000000003553, 2.000000000000000000 ) ) ;
#1053 = CARTESIAN_POINT ( 'NONE',  ( 52.00000000000005684, -47.00000000000001421, 2.000000000000000000 ) ) ;
#1054 = AXIS2_PLACEMENT_3D ( 'NONE', #6622, #7416, #2018 ) ;
#1055 = CIRCLE ( 'NONE', #2501, 1.550000000000009592 ) ;
#1056 = CARTESIAN_POINT ( 'NONE',  ( -9.000000000000005329, 32.50000000000001421, 2.000000000000000000 ) ) ;
#1057 = EDGE_LOOP ( 'NONE', ( #8945, #8516, #5284, #114 ) ) ;
#1058 = EDGE_CURVE ( 'NONE', #6914, #1860, #1771, .T. ) ;
#1059 = DIRECTION ( 'NONE',  ( -1.000000000000000000, 0.000000000000000000, 0.000000000000000000 ) ) ;
#1060 = EDGE_CURVE ( 'NONE', #6806, #1717, #1742, .T. ) ;
#1061 = EDGE_CURVE ( 'NONE', #7898, #3275, #8441, .T. ) ;
#1062 = FACE_BOUND ( 'NONE', #3811, .T. ) ;
#1063 = DIRECTION ( 'NONE',  ( -0.000000000000000000, 0.000000000000000000, 1.000000000000000000 ) ) ;
#1064 = ORIENTED_EDGE ( 'NONE', *, *, #3568, .T. ) ;
#1065 = DIRECTION ( 'NONE',  ( -1.000000000000000000, 0.000000000000000000, 0.000000000000000000 ) ) ;
#1066 = ORIENTED_EDGE ( 'NONE', *, *, #4897, .T. ) ;
#1067 = FACE_OUTER_BOUND ( 'NONE', #3367, .T. ) ;
#1068 = ORIENTED_EDGE ( 'NONE', *, *, #8329, .F. ) ;
#1069 = CIRCLE ( 'NONE', #2835, 1.549999999999995826 ) ;
#1070 = FACE_OUTER_BOUND ( 'NONE', #5414, .T. ) ;
#1071 = ADVANCED_FACE ( 'NONE', ( #3940 ), #1588, .F. ) ;
#1072 = AXIS2_PLACEMENT_3D ( 'NONE', #3442, #325, #420 ) ;
#1073 = VECTOR ( 'NONE', #7148, 1000.000000000000000 ) ;
#1074 = VECTOR ( 'NONE', #9651, 1000.000000000000114 ) ;
#1075 = EDGE_CURVE ( 'NONE', #8484, #6663, #3298, .T. ) ;
#1076 = CIRCLE ( 'NONE', #8913, 1.550000000000016698 ) ;
#1077 = EDGE_LOOP ( 'NONE', ( #4797, #6829 ) ) ;
#1078 = DIRECTION ( 'NONE',  ( 0.9486832980505137680, -0.3162277660168381632, -0.000000000000000000 ) ) ;
#1079 = CIRCLE ( 'NONE', #6677, 1.549999999999995826 ) ;
#1080 = CARTESIAN_POINT ( 'NONE',  ( -29.55000000000002203, -46.99999999999998579, 2.000000000000000000 ) ) ;
#1081 = ORIENTED_EDGE ( 'NONE', *, *, #1427, .F. ) ;
#1082 = VECTOR ( 'NONE', #2322, 1000.000000000000000 ) ;
#1083 = DIRECTION ( 'NONE',  ( 1.000000000000000000, 0.000000000000000000, 0.000000000000000000 ) ) ;
#1084 = CIRCLE ( 'NONE', #3171, 1.550000000000002709 ) ;
#1085 = ORIENTED_EDGE ( 'NONE', *, *, #1025, .T. ) ;
#1086 = DIRECTION ( 'NONE',  ( -0.000000000000000000, -0.000000000000000000, -1.000000000000000000 ) ) ;
#1087 = CARTESIAN_POINT ( 'NONE',  ( -28.00000000000001776, -77.00000000000002842, 0.000000000000000000 ) ) ;
#1088 = DIRECTION ( 'NONE',  ( 1.000000000000000000, 0.000000000000000000, 0.000000000000000000 ) ) ;
#1089 = CARTESIAN_POINT ( 'NONE',  ( 6.000000000000060396, -89.45000000000000284, 0.000000000000000000 ) ) ;
#1090 = AXIS2_PLACEMENT_3D ( 'NONE', #4890, #7939, #1083 ) ;
#1091 = DIRECTION ( 'NONE',  ( 1.000000000000000000, 0.000000000000000000, 0.000000000000000000 ) ) ;
#1092 = LINE ( 'NONE', #2647, #3509 ) ;
#1093 = ORIENTED_EDGE ( 'NONE', *, *, #3281, .F. ) ;
#1094 = CARTESIAN_POINT ( 'NONE',  ( -3.081487911019577365E-30, 75.70000000000000284, 0.000000000000000000 ) ) ;
#1095 = ORIENTED_EDGE ( 'NONE', *, *, #7369, .T. ) ;
#1096 = VERTEX_POINT ( 'NONE', #6347 ) ;
#1097 = FACE_BOUND ( 'NONE', #1045, .T. ) ;
#1098 = EDGE_LOOP ( 'NONE', ( #768, #4631, #1518, #8194 ) ) ;
#1099 = CARTESIAN_POINT ( 'NONE',  ( -20.05000000000000071, 43.00000000000000000, 0.000000000000000000 ) ) ;
#1100 = VECTOR ( 'NONE', #4960, 1000.000000000000000 ) ;
#1101 = EDGE_CURVE ( 'NONE', #4626, #3183, #9627, .T. ) ;
#1102 = ORIENTED_EDGE ( 'NONE', *, *, #9532, .F. ) ;
#1103 = CIRCLE ( 'NONE', #7478, 1.550000000000002709 ) ;
#1104 = CARTESIAN_POINT ( 'NONE',  ( 27.45000000000000639, 24.50000000000000000, 0.000000000000000000 ) ) ;
#1105 = AXIS2_PLACEMENT_3D ( 'NONE', #8736, #2694, #9654 ) ;
#1106 = ORIENTED_EDGE ( 'NONE', *, *, #1101, .T. ) ;
#1107 = DIRECTION ( 'NONE',  ( 1.000000000000000000, 0.000000000000000000, 0.000000000000000000 ) ) ;
#1108 = CARTESIAN_POINT ( 'NONE',  ( -21.00000000000000355, 20.99999999999999289, 0.000000000000000000 ) ) ;
#1109 = ORIENTED_EDGE ( 'NONE', *, *, #2182, .T. ) ;
#1110 = CARTESIAN_POINT ( 'NONE',  ( 58.00000000000000000, -11.99999999999999645, 0.000000000000000000 ) ) ;
#1111 = DIRECTION ( 'NONE',  ( 1.000000000000000000, 0.000000000000000000, 0.000000000000000000 ) ) ;
#1112 = CARTESIAN_POINT ( 'NONE',  ( -54.45000000000002416, 70.00000000000000000, 2.000000000000000000 ) ) ;
#1113 = VERTEX_POINT ( 'NONE', #2549 ) ;
#1114 = FACE_OUTER_BOUND ( 'NONE', #1098, .T. ) ;
#1115 = FACE_BOUND ( 'NONE', #2240, .T. ) ;
#1116 = DIRECTION ( 'NONE',  ( -0.000000000000000000, -0.000000000000000000, 1.000000000000000000 ) ) ;
#1117 = ORIENTED_EDGE ( 'NONE', *, *, #690, .T. ) ;
#1118 = DIRECTION ( 'NONE',  ( 0.7071067811865474617, -0.7071067811865474617, -0.000000000000000000 ) ) ;
#1119 = AXIS2_PLACEMENT_3D ( 'NONE', #5909, #4798, #4697 ) ;
#1120 = EDGE_LOOP ( 'NONE', ( #5953, #9294, #7170, #9860 ) ) ;
#1121 = CIRCLE ( 'NONE', #3540, 1.549999999999995826 ) ;
#1122 = CARTESIAN_POINT ( 'NONE',  ( 1.550000000000007372, -11.99999999999999645, 0.000000000000000000 ) ) ;
#1123 = CARTESIAN_POINT ( 'NONE',  ( 27.45000000000001705, 9.500000000000000000, 0.000000000000000000 ) ) ;
#1124 = AXIS2_PLACEMENT_3D ( 'NONE', #7104, #239, #3310 ) ;
#1125 = EDGE_LOOP ( 'NONE', ( #3217, #7029, #3121, #2995 ) ) ;
#1126 = CARTESIAN_POINT ( 'NONE',  ( -11.00000000000000000, -49.45000000000000284, 0.000000000000000000 ) ) ;
#1127 = VECTOR ( 'NONE', #5403, 1000.000000000000000 ) ;
#1128 = EDGE_CURVE ( 'NONE', #9896, #422, #6418, .T. ) ;
#1129 = ADVANCED_FACE ( 'NONE', ( #2446 ), #7044, .T. ) ;
#1130 = FACE_OUTER_BOUND ( 'NONE', #2380, .T. ) ;
#1131 = VERTEX_POINT ( 'NONE', #2494 ) ;
#1132 = ADVANCED_FACE ( 'NONE', ( #5549 ), #8640, .F. ) ;
#1133 = PLANE ( 'NONE',  #1105 ) ;
#1134 = EDGE_LOOP ( 'NONE', ( #4777, #5955, #2974, #8303 ) ) ;
#1135 = DIRECTION ( 'NONE',  ( 1.000000000000000000, 0.000000000000000000, 0.000000000000000000 ) ) ;
#1136 = CARTESIAN_POINT ( 'NONE',  ( -57.55000000000000426, -70.00000000000002842, 2.000000000000000000 ) ) ;
#1137 = DIRECTION ( 'NONE',  ( 1.000000000000000000, 0.000000000000000000, 0.000000000000000000 ) ) ;
#1138 = EDGE_CURVE ( 'NONE', #5548, #5691, #490, .T. ) ;
#1139 = CARTESIAN_POINT ( 'NONE',  ( -20.05000000000003979, -46.00000000000000711, 0.000000000000000000 ) ) ;
#1140 = CARTESIAN_POINT ( 'NONE',  ( 43.55000000000008242, 38.20000000000000284, 0.000000000000000000 ) ) ;
#1141 = VERTEX_POINT ( 'NONE', #6894 ) ;
#1142 = CARTESIAN_POINT ( 'NONE',  ( -54.45000000000000995, 91.00000000000000000, 0.000000000000000000 ) ) ;
#1143 = VERTEX_POINT ( 'NONE', #26 ) ;
#1144 = ORIENTED_EDGE ( 'NONE', *, *, #4130, .T. ) ;
#1145 = CYLINDRICAL_SURFACE ( 'NONE', #1403, 4.999999999999984013 ) ;
#1146 = ORIENTED_EDGE ( 'NONE', *, *, #409, .T. ) ;
#1147 = CARTESIAN_POINT ( 'NONE',  ( 11.00000000000000000, -76.00000000000002842, 0.000000000000000000 ) ) ;
#1148 = EDGE_CURVE ( 'NONE', #6356, #8606, #2255, .T. ) ;
#1149 = VERTEX_POINT ( 'NONE', #9257 ) ;
#1150 = DIRECTION ( 'NONE',  ( 1.000000000000000000, 0.000000000000000000, 0.000000000000000000 ) ) ;
#1151 = ORIENTED_EDGE ( 'NONE', *, *, #6207, .F. ) ;
#1152 = FACE_OUTER_BOUND ( 'NONE', #2149, .T. ) ;
#1153 = ORIENTED_EDGE ( 'NONE', *, *, #8845, .T. ) ;
#1154 = DIRECTION ( 'NONE',  ( -0.000000000000000000, -0.000000000000000000, -1.000000000000000000 ) ) ;
#1155 = CARTESIAN_POINT ( 'NONE',  ( -6.000000000000000000, 70.70000000000000284, 0.000000000000000000 ) ) ;
#1156 = ORIENTED_EDGE ( 'NONE', *, *, #1574, .T. ) ;
#1157 = DIRECTION ( 'NONE',  ( -1.000000000000000000, 0.000000000000000000, -0.000000000000000000 ) ) ;
#1158 = CARTESIAN_POINT ( 'NONE',  ( -54.00000000000000000, -99.00000000000000000, 2.000000000000000000 ) ) ;
#1159 = CARTESIAN_POINT ( 'NONE',  ( 28.00000000000005329, 77.00000000000002842, 2.000000000000000000 ) ) ;
#1160 = VERTEX_POINT ( 'NONE', #2397 ) ;
#1161 = CARTESIAN_POINT ( 'NONE',  ( 13.00000000000000000, 62.00000000000000000, 0.000000000000000000 ) ) ;
#1162 = DIRECTION ( 'NONE',  ( 1.000000000000000000, 0.000000000000000000, 0.000000000000000000 ) ) ;
#1163 = DIRECTION ( 'NONE',  ( -0.000000000000000000, -0.000000000000000000, 1.000000000000000000 ) ) ;
#1164 = DIRECTION ( 'NONE',  ( 1.000000000000000000, 0.000000000000000000, 0.000000000000000000 ) ) ;
#1165 = ORIENTED_EDGE ( 'NONE', *, *, #4942, .T. ) ;
#1166 = CARTESIAN_POINT ( 'NONE',  ( 56.00000000000008527, -90.99999999999998579, 2.000000000000000000 ) ) ;
#1167 = ORIENTED_EDGE ( 'NONE', *, *, #8556, .T. ) ;
#1168 = LINE ( 'NONE', #1217, #7109 ) ;
#1169 = AXIS2_PLACEMENT_3D ( 'NONE', #6877, #12, #5183 ) ;
#1170 = EDGE_LOOP ( 'NONE', ( #4283, #3077 ) ) ;
#1171 = CARTESIAN_POINT ( 'NONE',  ( 6.000000000000015099, 91.00000000000000000, 2.000000000000000000 ) ) ;
#1172 = AXIS2_PLACEMENT_3D ( 'NONE', #7011, #3417, #1649 ) ;
#1173 = DIRECTION ( 'NONE',  ( -1.000000000000000000, 0.000000000000000000, 0.000000000000000000 ) ) ;
#1174 = EDGE_LOOP ( 'NONE', ( #2458, #3461, #8056, #7806 ) ) ;
#1175 = EDGE_CURVE ( 'NONE', #7230, #4785, #5453, .T. ) ;
#1176 = CARTESIAN_POINT ( 'NONE',  ( 11.09601551083916249, 8.903984489160846394, 2.000000000000000000 ) ) ;
#1177 = ORIENTED_EDGE ( 'NONE', *, *, #817, .T. ) ;
#1178 = CARTESIAN_POINT ( 'NONE',  ( 27.45000000000001705, -36.50000000000000000, 0.000000000000000000 ) ) ;
#1179 = AXIS2_PLACEMENT_3D ( 'NONE', #2774, #4986, #3537 ) ;
#1180 = DIRECTION ( 'NONE',  ( 0.000000000000000000, 0.000000000000000000, 1.000000000000000000 ) ) ;
#1181 = DIRECTION ( 'NONE',  ( -0.000000000000000000, -0.000000000000000000, -1.000000000000000000 ) ) ;
#1182 = EDGE_CURVE ( 'NONE', #7138, #591, #1618, .T. ) ;
#1183 = FACE_OUTER_BOUND ( 'NONE', #9150, .T. ) ;
#1184 = CIRCLE ( 'NONE', #856, 1.549999999999995826 ) ;
#1185 = EDGE_CURVE ( 'NONE', #1828, #5369, #5644, .T. ) ;
#1186 = FACE_OUTER_BOUND ( 'NONE', #4722, .T. ) ;
#1187 = VECTOR ( 'NONE', #4226, 1000.000000000000000 ) ;
#1188 = EDGE_CURVE ( 'NONE', #8315, #7134, #4201, .T. ) ;
#1189 = CARTESIAN_POINT ( 'NONE',  ( 30.55000000000000426, -9.500000000000000000, 2.000000000000000000 ) ) ;
#1190 = EDGE_LOOP ( 'NONE', ( #7769, #6580 ) ) ;
#1191 = AXIS2_PLACEMENT_3D ( 'NONE', #7985, #2683, #3489 ) ;
#1192 = ORIENTED_EDGE ( 'NONE', *, *, #3631, .T. ) ;
#1193 = DIRECTION ( 'NONE',  ( -0.000000000000000000, -0.000000000000000000, -1.000000000000000000 ) ) ;
#1194 = ORIENTED_EDGE ( 'NONE', *, *, #7362, .F. ) ;
#1195 = CYLINDRICAL_SURFACE ( 'NONE', #1444, 1.550000000000002709 ) ;
#1196 = ORIENTED_EDGE ( 'NONE', *, *, #6596, .F. ) ;
#1197 = DIRECTION ( 'NONE',  ( 0.000000000000000000, 0.000000000000000000, 1.000000000000000000 ) ) ;
#1198 = EDGE_CURVE ( 'NONE', #7272, #5693, #8842, .T. ) ;
#1199 = CARTESIAN_POINT ( 'NONE',  ( -52.00000000000002132, -77.00000000000001421, 0.000000000000000000 ) ) ;
#1200 = ORIENTED_EDGE ( 'NONE', *, *, #6641, .F. ) ;
#1201 = DIRECTION ( 'NONE',  ( -0.000000000000000000, -0.000000000000000000, 1.000000000000000000 ) ) ;
#1202 = CARTESIAN_POINT ( 'NONE',  ( -56.00000000000002842, 70.00000000000000000, 0.000000000000000000 ) ) ;
#1203 = ORIENTED_EDGE ( 'NONE', *, *, #7531, .T. ) ;
#1204 = CARTESIAN_POINT ( 'NONE',  ( 7.499999999999996447, -39.50000000000001421, 0.000000000000000000 ) ) ;
#1205 = DIRECTION ( 'NONE',  ( -0.000000000000000000, -0.000000000000000000, 1.000000000000000000 ) ) ;
#1206 = CARTESIAN_POINT ( 'NONE',  ( 30.55000000000000782, 9.500000000000000000, 0.000000000000000000 ) ) ;
#1207 = ORIENTED_EDGE ( 'NONE', *, *, #337, .F. ) ;
#1208 = DIRECTION ( 'NONE',  ( -0.000000000000000000, -0.000000000000000000, 1.000000000000000000 ) ) ;
#1209 = FACE_BOUND ( 'NONE', #6231, .T. ) ;
#1210 = CYLINDRICAL_SURFACE ( 'NONE', #248, 4.000000000000010658 ) ;
#1211 = AXIS2_PLACEMENT_3D ( 'NONE', #2488, #5491, #9248 ) ;
#1212 = CARTESIAN_POINT ( 'NONE',  ( 30.54999999999999716, 24.50000000000000000, 2.000000000000000000 ) ) ;
#1213 = FACE_OUTER_BOUND ( 'NONE', #8269, .T. ) ;
#1214 = EDGE_LOOP ( 'NONE', ( #5808, #8207 ) ) ;
#1215 = VECTOR ( 'NONE', #2840, 1000.000000000000000 ) ;
#1216 = EDGE_CURVE ( 'NONE', #3458, #3112, #5694, .T. ) ;
#1217 = CARTESIAN_POINT ( 'NONE',  ( -1.550000000000000488, 57.49999999999999289, 0.000000000000000000 ) ) ;
#1218 = VECTOR ( 'NONE', #1374, 1000.000000000000000 ) ;
#1219 = VERTEX_POINT ( 'NONE', #8797 ) ;
#1220 = DIRECTION ( 'NONE',  ( -0.7071067811865472397, -0.7071067811865479058, 0.000000000000000000 ) ) ;
#1221 = CYLINDRICAL_SURFACE ( 'NONE', #4444, 1.549999999999995826 ) ;
#1222 = ORIENTED_EDGE ( 'NONE', *, *, #3001, .T. ) ;
#1223 = VECTOR ( 'NONE', #8519, 1000.000000000000114 ) ;
#1224 = CARTESIAN_POINT ( 'NONE',  ( -46.00000000000001421, 92.54999999999999716, 2.000000000000000000 ) ) ;
#1225 = ORIENTED_EDGE ( 'NONE', *, *, #2227, .T. ) ;
#1226 = CARTESIAN_POINT ( 'NONE',  ( -57.55000000000003268, 0.000000000000000000, 2.000000000000000000 ) ) ;
#1227 = DIRECTION ( 'NONE',  ( -1.000000000000000000, 0.000000000000000000, 0.000000000000000000 ) ) ;
#1228 = CARTESIAN_POINT ( 'NONE',  ( -11.00000000000000000, -51.00000000000000711, 2.000000000000000000 ) ) ;
#1229 = DIRECTION ( 'NONE',  ( -0.000000000000000000, -0.000000000000000000, -1.000000000000000000 ) ) ;
#1230 = AXIS2_PLACEMENT_3D ( 'NONE', #5023, #4927, #2573 ) ;
#1231 = AXIS2_PLACEMENT_3D ( 'NONE', #172, #4690, #6340 ) ;
#1232 = DIRECTION ( 'NONE',  ( 1.000000000000000000, 0.000000000000000000, 0.000000000000000000 ) ) ;
#1233 = AXIS2_PLACEMENT_3D ( 'NONE', #577, #7438, #2137 ) ;
#1234 = SURFACE_STYLE_FILL_AREA ( #1328 ) ;
#1235 = CIRCLE ( 'NONE', #3170, 1.550000000000000933 ) ;
#1236 = AXIS2_PLACEMENT_3D ( 'NONE', #7060, #147, #193 ) ;
#1237 = EDGE_CURVE ( 'NONE', #7703, #5441, #7142, .T. ) ;
#1238 = CARTESIAN_POINT ( 'NONE',  ( -40.45000000000002416, 54.00000000000000711, 2.000000000000000000 ) ) ;
#1239 = VERTEX_POINT ( 'NONE', #9610 ) ;
#1240 = ORIENTED_EDGE ( 'NONE', *, *, #1357, .F. ) ;
#1241 = FACE_BOUND ( 'NONE', #4406, .T. ) ;
#1242 = EDGE_LOOP ( 'NONE', ( #8553, #5519, #2722, #6168 ) ) ;
#1243 = DIRECTION ( 'NONE',  ( 0.000000000000000000, 0.000000000000000000, 1.000000000000000000 ) ) ;
#1244 = VERTEX_POINT ( 'NONE', #5093 ) ;
#1245 = EDGE_CURVE ( 'NONE', #7675, #9148, #1294, .T. ) ;
#1246 = CARTESIAN_POINT ( 'NONE',  ( -57.55000000000006111, 54.00000000000000711, 2.000000000000000000 ) ) ;
#1247 = AXIS2_PLACEMENT_3D ( 'NONE', #1108, #5573, #1763 ) ;
#1248 = ADVANCED_FACE ( 'NONE', ( #4300 ), #4153, .F. ) ;
#1249 = CIRCLE ( 'NONE', #1729, 1.549999999999995826 ) ;
#1250 = DIRECTION ( 'NONE',  ( -0.000000000000000000, -0.000000000000000000, -1.000000000000000000 ) ) ;
#1251 = ORIENTED_EDGE ( 'NONE', *, *, #6575, .F. ) ;
#1252 = CIRCLE ( 'NONE', #605, 1.549999999999995826 ) ;
#1253 = FACE_OUTER_BOUND ( 'NONE', #8571, .T. ) ;
#1254 = AXIS2_PLACEMENT_3D ( 'NONE', #7844, #6994, #4047 ) ;
#1255 = EDGE_LOOP ( 'NONE', ( #6195, #7163, #1612, #1066 ) ) ;
#1256 = CARTESIAN_POINT ( 'NONE',  ( -50.45000000000002416, 77.00000000000001421, 2.000000000000000000 ) ) ;
#1257 = ADVANCED_FACE ( 'NONE', ( #3504 ), #2592, .F. ) ;
#1258 = DIRECTION ( 'NONE',  ( -1.000000000000000000, 0.000000000000000000, 0.000000000000000000 ) ) ;
#1259 = EDGE_CURVE ( 'NONE', #1592, #3215, #6547, .T. ) ;
#1260 = DIRECTION ( 'NONE',  ( -1.000000000000000000, 0.000000000000000000, 0.000000000000000000 ) ) ;
#1261 = EDGE_LOOP ( 'NONE', ( #3027, #3093, #5321, #847 ) ) ;
#1262 = DIRECTION ( 'NONE',  ( 1.000000000000000000, 0.000000000000000000, 0.000000000000000000 ) ) ;
#1263 = EDGE_CURVE ( 'NONE', #6789, #3008, #4981, .T. ) ;
#1264 = EDGE_CURVE ( 'NONE', #6757, #5263, #7682, .T. ) ;
#1265 = DIRECTION ( 'NONE',  ( -1.000000000000000000, 0.000000000000000000, 0.000000000000000000 ) ) ;
#1266 = DIRECTION ( 'NONE',  ( -0.000000000000000000, -0.000000000000000000, -1.000000000000000000 ) ) ;
#1267 = DIRECTION ( 'NONE',  ( 0.000000000000000000, 0.000000000000000000, 1.000000000000000000 ) ) ;
#1268 = CARTESIAN_POINT ( 'NONE',  ( 52.00000000000004263, 77.00000000000002842, 2.000000000000000000 ) ) ;
#1269 = ORIENTED_EDGE ( 'NONE', *, *, #192, .F. ) ;
#1270 = EDGE_CURVE ( 'NONE', #3183, #4626, #1781, .T. ) ;
#1271 = DIRECTION ( 'NONE',  ( -1.000000000000000000, 0.000000000000000000, 0.000000000000000000 ) ) ;
#1272 = EDGE_LOOP ( 'NONE', ( #2510, #8619 ) ) ;
#1273 = CARTESIAN_POINT ( 'NONE',  ( 13.45000000000000284, 53.00000000000000000, 0.000000000000000000 ) ) ;
#1274 = CIRCLE ( 'NONE', #5446, 1.550000000000002709 ) ;
#1275 = FACE_OUTER_BOUND ( 'NONE', #7492, .T. ) ;
#1276 = ORIENTED_EDGE ( 'NONE', *, *, #3369, .T. ) ;
#1277 = CYLINDRICAL_SURFACE ( 'NONE', #2287, 1.550000000000000933 ) ;
#1278 = ORIENTED_EDGE ( 'NONE', *, *, #6402, .T. ) ;
#1279 = CARTESIAN_POINT ( 'NONE',  ( 30.55000000000007887, 85.49999999999998579, 2.000000000000000000 ) ) ;
#1280 = CARTESIAN_POINT ( 'NONE',  ( 54.45000000000005258, 54.00000000000000711, 0.000000000000000000 ) ) ;
#1281 = CARTESIAN_POINT ( 'NONE',  ( -8.000000000000000000, 18.00000000000000000, 2.000000000000000000 ) ) ;
#1282 = AXIS2_PLACEMENT_3D ( 'NONE', #3251, #4652, #4046 ) ;
#1283 = AXIS2_PLACEMENT_3D ( 'NONE', #8169, #1827, #7984 ) ;
#1284 = DIRECTION ( 'NONE',  ( 1.000000000000000000, 0.000000000000000000, 0.000000000000000000 ) ) ;
#1285 = DIRECTION ( 'NONE',  ( -1.000000000000000000, -3.854941057726238097E-16, -0.000000000000000000 ) ) ;
#1286 = ORIENTED_EDGE ( 'NONE', *, *, #3875, .T. ) ;
#1287 = CIRCLE ( 'NONE', #9126, 1.550000000000002709 ) ;
#1288 = ORIENTED_EDGE ( 'NONE', *, *, #7836, .T. ) ;
#1289 = FACE_BOUND ( 'NONE', #184, .T. ) ;
#1290 = ORIENTED_EDGE ( 'NONE', *, *, #5237, .F. ) ;
#1291 = DIRECTION ( 'NONE',  ( -0.000000000000000000, -0.000000000000000000, 1.000000000000000000 ) ) ;
#1292 = ORIENTED_EDGE ( 'NONE', *, *, #2929, .T. ) ;
#1293 = CARTESIAN_POINT ( 'NONE',  ( -56.00000000000001421, -91.00000000000000000, 2.000000000000000000 ) ) ;
#1294 = CIRCLE ( 'NONE', #6887, 3.125000000000001776 ) ;
#1295 = CARTESIAN_POINT ( 'NONE',  ( 54.45000000000005258, 54.00000000000000711, 2.000000000000000000 ) ) ;
#1296 = ORIENTED_EDGE ( 'NONE', *, *, #901, .T. ) ;
#1297 = DIRECTION ( 'NONE',  ( 0.000000000000000000, 0.000000000000000000, 1.000000000000000000 ) ) ;
#1298 = ORIENTED_EDGE ( 'NONE', *, *, #5132, .F. ) ;
#1299 = CARTESIAN_POINT ( 'NONE',  ( -18.50000000000000000, 43.00000000000000000, 0.000000000000000000 ) ) ;
#1300 = FACE_OUTER_BOUND ( 'NONE', #9873, .T. ) ;
#1301 = EDGE_CURVE ( 'NONE', #4944, #3978, #6592, .T. ) ;
#1302 = ORIENTED_EDGE ( 'NONE', *, *, #9590, .F. ) ;
#1303 = DIRECTION ( 'NONE',  ( 1.000000000000000000, 0.000000000000000000, 0.000000000000000000 ) ) ;
#1304 = EDGE_CURVE ( 'NONE', #5662, #6353, #8319, .T. ) ;
#1305 = ORIENTED_EDGE ( 'NONE', *, *, #3186, .T. ) ;
#1306 = CARTESIAN_POINT ( 'NONE',  ( 11.00000000000000000, -76.00000000000002842, 0.000000000000000000 ) ) ;
#1307 = EDGE_CURVE ( 'NONE', #5426, #6890, #3855, .T. ) ;
#1308 = DIRECTION ( 'NONE',  ( -0.000000000000000000, -0.000000000000000000, -1.000000000000000000 ) ) ;
#1309 = LINE ( 'NONE', #7276, #1704 ) ;
#1310 = ADVANCED_FACE ( 'NONE', ( #4096 ), #1945, .F. ) ;
#1311 = DIRECTION ( 'NONE',  ( -0.000000000000000000, -0.000000000000000000, -1.000000000000000000 ) ) ;
#1312 = ADVANCED_FACE ( 'NONE', ( #2641 ), #4997, .F. ) ;
#1313 = CARTESIAN_POINT ( 'NONE',  ( 30.55000000000000782, 9.500000000000000000, 0.000000000000000000 ) ) ;
#1314 = ORIENTED_EDGE ( 'NONE', *, *, #2413, .T. ) ;
#1315 = CYLINDRICAL_SURFACE ( 'NONE', #5073, 1.550000000000000933 ) ;
#1316 = ORIENTED_EDGE ( 'NONE', *, *, #5648, .F. ) ;
#1317 = DIRECTION ( 'NONE',  ( -1.000000000000000000, 0.000000000000000000, 0.000000000000000000 ) ) ;
#1318 = CARTESIAN_POINT ( 'NONE',  ( -16.95000000000004547, -83.00000000000000000, 2.000000000000000000 ) ) ;
#1319 = ORIENTED_EDGE ( 'NONE', *, *, #781, .T. ) ;
#1320 = DIRECTION ( 'NONE',  ( 1.000000000000000000, 0.000000000000000000, 0.000000000000000000 ) ) ;
#1321 = ORIENTED_EDGE ( 'NONE', *, *, #4332, .T. ) ;
#1322 = CARTESIAN_POINT ( 'NONE',  ( -32.75000000000000000, 69.00000000000000000, 0.000000000000000000 ) ) ;
#1323 = DIRECTION ( 'NONE',  ( 1.000000000000000000, 0.000000000000000000, 0.000000000000000000 ) ) ;
#1324 = VECTOR ( 'NONE', #4639, 1000.000000000000000 ) ;
#1325 = DIRECTION ( 'NONE',  ( 0.000000000000000000, 0.000000000000000000, 1.000000000000000000 ) ) ;
#1326 = EDGE_CURVE ( 'NONE', #6420, #9313, #9458, .T. ) ;
#1327 = CARTESIAN_POINT ( 'NONE',  ( 46.00000000000008527, 89.45000000000001705, 2.000000000000000000 ) ) ;
#1328 = FILL_AREA_STYLE ('',( #8094 ) ) ;
#1329 = VECTOR ( 'NONE', #7517, 1000.000000000000000 ) ;
#1330 = CARTESIAN_POINT ( 'NONE',  ( 28.00000000000006040, 46.99999999999999289, 2.000000000000000000 ) ) ;
#1331 = ORIENTED_EDGE ( 'NONE', *, *, #6693, .T. ) ;
#1332 = ORIENTED_EDGE ( 'NONE', *, *, #1371, .T. ) ;
#1333 = LINE ( 'NONE', #5907, #6206 ) ;
#1334 = EDGE_LOOP ( 'NONE', ( #4611, #108, #3873, #6078 ) ) ;
#1335 = CARTESIAN_POINT ( 'NONE',  ( -27.45000000000000639, -24.50000000000000000, 2.000000000000000000 ) ) ;
#1336 = VERTEX_POINT ( 'NONE', #569 ) ;
#1337 = LINE ( 'NONE', #2055, #2461 ) ;
#1338 = EDGE_CURVE ( 'NONE', #6791, #3275, #3224, .T. ) ;
#1339 = VECTOR ( 'NONE', #1967, 1000.000000000000000 ) ;
#1340 = FACE_OUTER_BOUND ( 'NONE', #2638, .T. ) ;
#1341 = ORIENTED_EDGE ( 'NONE', *, *, #9518, .T. ) ;
#1342 = AXIS2_PLACEMENT_3D ( 'NONE', #2087, #8844, #8892 ) ;
#1343 = EDGE_CURVE ( 'NONE', #3325, #9283, #8646, .T. ) ;
#1344 = CARTESIAN_POINT ( 'NONE',  ( -8.903984489160830407, 11.09601551083915538, 0.000000000000000000 ) ) ;
#1345 = ORIENTED_EDGE ( 'NONE', *, *, #480, .T. ) ;
#1346 = CARTESIAN_POINT ( 'NONE',  ( 56.44999999999999574, 36.99999999999999289, 0.000000000000000000 ) ) ;
#1347 = CARTESIAN_POINT ( 'NONE',  ( -4.574681805324714957E-15, 37.00000000000000000, 0.000000000000000000 ) ) ;
#1348 = EDGE_LOOP ( 'NONE', ( #1941, #7956 ) ) ;
#1349 = DIRECTION ( 'NONE',  ( 1.000000000000000000, 0.000000000000000000, 0.000000000000000000 ) ) ;
#1350 = EDGE_LOOP ( 'NONE', ( #2000, #2775, #5121, #6901 ) ) ;
#1351 = DIRECTION ( 'NONE',  ( 1.000000000000000000, 0.000000000000000000, 0.000000000000000000 ) ) ;
#1352 = PLANE ( 'NONE',  #2847 ) ;
#1353 = FACE_OUTER_BOUND ( 'NONE', #2325, .T. ) ;
#1354 = CARTESIAN_POINT ( 'NONE',  ( -42.00000000000000711, 38.20000000000000284, 2.000000000000000000 ) ) ;
#1355 = EDGE_CURVE ( 'NONE', #3725, #8706, #4, .T. ) ;
#1356 = FACE_OUTER_BOUND ( 'NONE', #8915, .T. ) ;
#1357 = EDGE_CURVE ( 'NONE', #9464, #7134, #9545, .T. ) ;
#1358 = ORIENTED_EDGE ( 'NONE', *, *, #781, .F. ) ;
#1359 = FACE_OUTER_BOUND ( 'NONE', #3337, .T. ) ;
#1360 = ADVANCED_FACE ( 'NONE', ( #1424 ), #8991, .F. ) ;
#1361 = ORIENTED_EDGE ( 'NONE', *, *, #1138, .T. ) ;
#1362 = CIRCLE ( 'NONE', #3961, 1.550000000000001155 ) ;
#1363 = DIRECTION ( 'NONE',  ( 1.000000000000000000, 0.000000000000000000, 0.000000000000000000 ) ) ;
#1364 = DIRECTION ( 'NONE',  ( 0.000000000000000000, 0.000000000000000000, 1.000000000000000000 ) ) ;
#1365 = ORIENTED_EDGE ( 'NONE', *, *, #1497, .F. ) ;
#1366 = AXIS2_PLACEMENT_3D ( 'NONE', #3734, #9852, #9039 ) ;
#1367 = CARTESIAN_POINT ( 'NONE',  ( -48.99999999999998579, 7.500000000000000888, 0.000000000000000000 ) ) ;
#1368 = ADVANCED_FACE ( 'NONE', ( #4537 ), #2086, .F. ) ;
#1369 = VERTEX_POINT ( 'NONE', #5142 ) ;
#1370 = DIRECTION ( 'NONE',  ( -0.000000000000000000, -0.000000000000000000, 1.000000000000000000 ) ) ;
#1371 = EDGE_CURVE ( 'NONE', #7422, #3834, #7574, .T. ) ;
#1372 = AXIS2_PLACEMENT_3D ( 'NONE', #6495, #7343, #2700 ) ;
#1373 = DIRECTION ( 'NONE',  ( 1.000000000000000000, 0.000000000000000000, 0.000000000000000000 ) ) ;
#1374 = DIRECTION ( 'NONE',  ( -0.000000000000000000, -0.000000000000000000, -1.000000000000000000 ) ) ;
#1375 = CARTESIAN_POINT ( 'NONE',  ( 8.999999999999992895, 28.50000000000002132, 0.000000000000000000 ) ) ;
#1376 = AXIS2_PLACEMENT_3D ( 'NONE', #3125, #7023, #5477 ) ;
#1377 = CARTESIAN_POINT ( 'NONE',  ( 40.45000000000003837, -70.00000000000002842, 2.000000000000000000 ) ) ;
#1378 = DIRECTION ( 'NONE',  ( 1.000000000000000000, 0.000000000000000000, 0.000000000000000000 ) ) ;
#1379 = ORIENTED_EDGE ( 'NONE', *, *, #4745, .T. ) ;
#1380 = ORIENTED_EDGE ( 'NONE', *, *, #2671, .T. ) ;
#1381 = LINE ( 'NONE', #9103, #4781 ) ;
#1382 = EDGE_LOOP ( 'NONE', ( #4180, #9009 ) ) ;
#1383 = CARTESIAN_POINT ( 'NONE',  ( -1.549999999999922329, 85.50000000000001421, 0.000000000000000000 ) ) ;
#1384 = EDGE_LOOP ( 'NONE', ( #5712, #9665, #8003, #8864 ) ) ;
#1385 = FACE_OUTER_BOUND ( 'NONE', #9277, .T. ) ;
#1386 = EDGE_CURVE ( 'NONE', #5165, #985, #3140, .T. ) ;
#1387 = AXIS2_PLACEMENT_3D ( 'NONE', #8211, #3019, #2921 ) ;
#1388 = AXIS2_PLACEMENT_3D ( 'NONE', #709, #2125, #664 ) ;
#1389 = VECTOR ( 'NONE', #286, 1000.000000000000000 ) ;
#1390 = AXIS2_PLACEMENT_3D ( 'NONE', #2691, #9606, #1981 ) ;
#1391 = AXIS2_PLACEMENT_3D ( 'NONE', #1466, #1364, #3634 ) ;
#1392 = AXIS2_PLACEMENT_3D ( 'NONE', #6908, #1504, #2261 ) ;
#1393 = CARTESIAN_POINT ( 'NONE',  ( -47.55000000000001137, 91.00000000000000000, 0.000000000000000000 ) ) ;
#1394 = VERTEX_POINT ( 'NONE', #1322 ) ;
#1395 = AXIS2_PLACEMENT_3D ( 'NONE', #6075, #8265, #3025 ) ;
#1396 = PLANE ( 'NONE',  #3508 ) ;
#1397 = AXIS2_PLACEMENT_3D ( 'NONE', #7512, #5927, #6722 ) ;
#1398 = ORIENTED_EDGE ( 'NONE', *, *, #9648, .T. ) ;
#1399 = FACE_BOUND ( 'NONE', #5197, .T. ) ;
#1400 = LINE ( 'NONE', #8351, #7843 ) ;
#1401 = CIRCLE ( 'NONE', #3013, 1.550000000000000933 ) ;
#1402 = ORIENTED_EDGE ( 'NONE', *, *, #2826, .F. ) ;
#1403 = AXIS2_PLACEMENT_3D ( 'NONE', #8956, #2095, #4403 ) ;
#1404 = CARTESIAN_POINT ( 'NONE',  ( 18.50000000000003908, -83.00000000000000000, 0.000000000000000000 ) ) ;
#1405 = AXIS2_PLACEMENT_3D ( 'NONE', #7262, #3467, #6315 ) ;
#1406 = ORIENTED_EDGE ( 'NONE', *, *, #2291, .F. ) ;
#1407 = DIRECTION ( 'NONE',  ( 1.000000000000000000, 0.000000000000000000, 0.000000000000000000 ) ) ;
#1408 = VECTOR ( 'NONE', #593, 1000.000000000000000 ) ;
#1409 = AXIS2_PLACEMENT_3D ( 'NONE', #4953, #7994, #4202 ) ;
#1410 = AXIS2_PLACEMENT_3D ( 'NONE', #7636, #776, #8999 ) ;
#1411 = FACE_OUTER_BOUND ( 'NONE', #4035, .T. ) ;
#1412 = CARTESIAN_POINT ( 'NONE',  ( 52.00000000000004263, 77.00000000000002842, 2.000000000000000000 ) ) ;
#1413 = FACE_OUTER_BOUND ( 'NONE', #947, .T. ) ;
#1414 = EDGE_LOOP ( 'NONE', ( #4093, #2207 ) ) ;
#1415 = DIRECTION ( 'NONE',  ( -1.000000000000000000, 0.000000000000000000, 0.000000000000000000 ) ) ;
#1416 = ORIENTED_EDGE ( 'NONE', *, *, #1148, .F. ) ;
#1417 = CARTESIAN_POINT ( 'NONE',  ( 30.55000000000007887, 85.49999999999998579, 0.000000000000000000 ) ) ;
#1418 = VERTEX_POINT ( 'NONE', #7385 ) ;
#1419 = DIRECTION ( 'NONE',  ( -0.000000000000000000, -0.000000000000000000, 1.000000000000000000 ) ) ;
#1420 = DIRECTION ( 'NONE',  ( -1.000000000000000000, 0.000000000000000000, 0.000000000000000000 ) ) ;
#1421 = ORIENTED_EDGE ( 'NONE', *, *, #1486, .F. ) ;
#1422 = CARTESIAN_POINT ( 'NONE',  ( -19.90398448916085528, 22.09601551083915183, 0.000000000000000000 ) ) ;
#1423 = ORIENTED_EDGE ( 'NONE', *, *, #9518, .F. ) ;
#1424 = FACE_OUTER_BOUND ( 'NONE', #4782, .T. ) ;
#1425 = EDGE_CURVE ( 'NONE', #8285, #734, #8727, .T. ) ;
#1426 = LINE ( 'NONE', #7434, #3450 ) ;
#1427 = EDGE_CURVE ( 'NONE', #104, #1539, #669, .T. ) ;
#1428 = CARTESIAN_POINT ( 'NONE',  ( -29.00000000000000000, 24.50000000000000000, 2.000000000000000000 ) ) ;
#1429 = ADVANCED_FACE ( 'NONE', ( #6736 ), #7432, .F. ) ;
#1430 = CYLINDRICAL_SURFACE ( 'NONE', #6208, 1.549999999999995826 ) ;
#1431 = CARTESIAN_POINT ( 'NONE',  ( -6.000000000000000000, 70.70000000000000284, 2.000000000000000000 ) ) ;
#1432 = ORIENTED_EDGE ( 'NONE', *, *, #7935, .F. ) ;
#1433 = ADVANCED_FACE ( 'NONE', ( #2937 ), #9701, .F. ) ;
#1434 = ORIENTED_EDGE ( 'NONE', *, *, #5345, .T. ) ;
#1435 = DIRECTION ( 'NONE',  ( -0.000000000000000000, -0.000000000000000000, 1.000000000000000000 ) ) ;
#1436 = ORIENTED_EDGE ( 'NONE', *, *, #3465, .F. ) ;
#1437 = DIRECTION ( 'NONE',  ( 0.000000000000000000, 0.000000000000000000, 1.000000000000000000 ) ) ;
#1438 = LINE ( 'NONE', #8926, #2147 ) ;
#1439 = DIRECTION ( 'NONE',  ( 0.000000000000000000, 0.000000000000000000, 1.000000000000000000 ) ) ;
#1440 = CIRCLE ( 'NONE', #9119, 1.549999999999995826 ) ;
#1441 = AXIS2_PLACEMENT_3D ( 'NONE', #7506, #9927, #9827 ) ;
#1442 = LINE ( 'NONE', #9920, #8964 ) ;
#1443 = ORIENTED_EDGE ( 'NONE', *, *, #7605, .F. ) ;
#1444 = AXIS2_PLACEMENT_3D ( 'NONE', #8906, #3517, #6558 ) ;
#1445 = DIRECTION ( 'NONE',  ( 0.000000000000000000, 0.000000000000000000, 1.000000000000000000 ) ) ;
#1446 = EDGE_CURVE ( 'NONE', #663, #2271, #6038, .T. ) ;
#1447 = VERTEX_POINT ( 'NONE', #5895 ) ;
#1448 = DIRECTION ( 'NONE',  ( 1.000000000000000000, 0.000000000000000000, 0.000000000000000000 ) ) ;
#1449 = CARTESIAN_POINT ( 'NONE',  ( -27.44999999999998153, -36.50000000000000711, 0.000000000000000000 ) ) ;
#1450 = AXIS2_PLACEMENT_3D ( 'NONE', #932, #9305, #9405 ) ;
#1451 = ORIENTED_EDGE ( 'NONE', *, *, #5934, .F. ) ;
#1452 = CARTESIAN_POINT ( 'NONE',  ( 52.00000000000004263, 77.00000000000002842, 2.000000000000000000 ) ) ;
#1453 = ORIENTED_EDGE ( 'NONE', *, *, #213, .F. ) ;
#1454 = DIRECTION ( 'NONE',  ( -0.000000000000000000, -0.000000000000000000, 1.000000000000000000 ) ) ;
#1455 = EDGE_CURVE ( 'NONE', #8109, #3949, #9093, .T. ) ;
#1456 = CARTESIAN_POINT ( 'NONE',  ( -64.00000000000001421, 91.00000000000000000, 2.000000000000000000 ) ) ;
#1457 = FACE_OUTER_BOUND ( 'NONE', #7408, .T. ) ;
#1458 = ORIENTED_EDGE ( 'NONE', *, *, #7908, .F. ) ;
#1459 = EDGE_LOOP ( 'NONE', ( #9514, #9668, #8923, #8784 ) ) ;
#1460 = DIRECTION ( 'NONE',  ( -0.000000000000000000, -0.000000000000000000, -1.000000000000000000 ) ) ;
#1461 = ORIENTED_EDGE ( 'NONE', *, *, #3567, .F. ) ;
#1462 = FACE_OUTER_BOUND ( 'NONE', #915, .T. ) ;
#1463 = EDGE_LOOP ( 'NONE', ( #9571, #5681, #2104, #403 ) ) ;
#1464 = DIRECTION ( 'NONE',  ( 0.000000000000000000, 0.000000000000000000, 1.000000000000000000 ) ) ;
#1465 = EDGE_CURVE ( 'NONE', #1799, #7879, #5285, .T. ) ;
#1466 = CARTESIAN_POINT ( 'NONE',  ( 21.00000000000000000, 21.00000000000000355, 2.000000000000000000 ) ) ;
#1467 = VERTEX_POINT ( 'NONE', #1279 ) ;
#1468 = CARTESIAN_POINT ( 'NONE',  ( 43.55000000000008242, 38.20000000000000284, 2.000000000000000000 ) ) ;
#1469 = ORIENTED_EDGE ( 'NONE', *, *, #560, .F. ) ;
#1470 = DIRECTION ( 'NONE',  ( 0.000000000000000000, 0.000000000000000000, 1.000000000000000000 ) ) ;
#1471 = CYLINDRICAL_SURFACE ( 'NONE', #5035, 1.549999999999999378 ) ;
#1472 = DIRECTION ( 'NONE',  ( 0.000000000000000000, 0.000000000000000000, 1.000000000000000000 ) ) ;
#1473 = EDGE_CURVE ( 'NONE', #5792, #544, #8485, .T. ) ;
#1474 = CARTESIAN_POINT ( 'NONE',  ( 52.00000000000005684, 47.00000000000001421, 0.000000000000000000 ) ) ;
#1475 = DIRECTION ( 'NONE',  ( -0.000000000000000000, -0.000000000000000000, 1.000000000000000000 ) ) ;
#1476 = ORIENTED_EDGE ( 'NONE', *, *, #690, .F. ) ;
#1477 = ORIENTED_EDGE ( 'NONE', *, *, #149, .T. ) ;
#1478 = CYLINDRICAL_SURFACE ( 'NONE', #7333, 1.550000000000002709 ) ;
#1479 = ORIENTED_EDGE ( 'NONE', *, *, #8342, .T. ) ;
#1480 = FACE_OUTER_BOUND ( 'NONE', #7097, .T. ) ;
#1481 = ADVANCED_FACE ( 'NONE', ( #5486 ), #8577, .F. ) ;
#1482 = CIRCLE ( 'NONE', #201, 1.549999999999995826 ) ;
#1483 = CARTESIAN_POINT ( 'NONE',  ( -7.499999999999993783, -33.50000000000000000, 0.000000000000000000 ) ) ;
#1484 = CARTESIAN_POINT ( 'NONE',  ( -28.00000000000001776, 46.99999999999998579, 2.000000000000000000 ) ) ;
#1485 = EDGE_CURVE ( 'NONE', #651, #1239, #1578, .T. ) ;
#1486 = EDGE_CURVE ( 'NONE', #7645, #70, #2176, .T. ) ;
#1487 = FACE_OUTER_BOUND ( 'NONE', #1350, .T. ) ;
#1488 = AXIS2_PLACEMENT_3D ( 'NONE', #8268, #5173, #9029 ) ;
#1489 = ORIENTED_EDGE ( 'NONE', *, *, #641, .F. ) ;
#1490 = CIRCLE ( 'NONE', #7024, 1.550000000000009592 ) ;
#1491 = DIRECTION ( 'NONE',  ( 0.000000000000000000, 0.000000000000000000, 1.000000000000000000 ) ) ;
#1492 = AXIS2_PLACEMENT_3D ( 'NONE', #5858, #8908, #1150 ) ;
#1493 = ORIENTED_EDGE ( 'NONE', *, *, #4493, .T. ) ;
#1494 = FACE_BOUND ( 'NONE', #4685, .T. ) ;
#1495 = DIRECTION ( 'NONE',  ( 0.000000000000000000, 0.000000000000000000, 1.000000000000000000 ) ) ;
#1496 = ORIENTED_EDGE ( 'NONE', *, *, #9840, .T. ) ;
#1497 = EDGE_CURVE ( 'NONE', #6353, #2163, #6239, .T. ) ;
#1498 = CARTESIAN_POINT ( 'NONE',  ( 43.55000000000004690, -70.00000000000002842, 2.000000000000000000 ) ) ;
#1499 = VERTEX_POINT ( 'NONE', #8529 ) ;
#1500 = AXIS2_PLACEMENT_3D ( 'NONE', #7690, #8498, #3747 ) ;
#1501 = ADVANCED_FACE ( 'NONE', ( #9387 ), #7078, .F. ) ;
#1502 = CARTESIAN_POINT ( 'NONE',  ( -27.45000000000001705, 9.500000000000000000, 0.000000000000000000 ) ) ;
#1503 = AXIS2_PLACEMENT_3D ( 'NONE', #1484, #3054, #4460 ) ;
#1504 = DIRECTION ( 'NONE',  ( 0.000000000000000000, 0.000000000000000000, 1.000000000000000000 ) ) ;
#1505 = AXIS2_PLACEMENT_3D ( 'NONE', #2014, #4329, #1921 ) ;
#1506 = DIRECTION ( 'NONE',  ( 0.000000000000000000, 0.000000000000000000, 1.000000000000000000 ) ) ;
#1507 = CARTESIAN_POINT ( 'NONE',  ( -57.55000000000001847, -91.00000000000000000, 0.000000000000000000 ) ) ;
#1508 = VERTEX_POINT ( 'NONE', #7723 ) ;
#1509 = DIRECTION ( 'NONE',  ( 0.000000000000000000, 0.000000000000000000, 1.000000000000000000 ) ) ;
#1510 = ORIENTED_EDGE ( 'NONE', *, *, #3474, .F. ) ;
#1511 = DIRECTION ( 'NONE',  ( -0.000000000000000000, -0.000000000000000000, 1.000000000000000000 ) ) ;
#1512 = ORIENTED_EDGE ( 'NONE', *, *, #4943, .T. ) ;
#1513 = FACE_BOUND ( 'NONE', #3051, .T. ) ;
#1514 = CARTESIAN_POINT ( 'NONE',  ( -46.00000000000001421, -92.54999999999999716, 0.000000000000000000 ) ) ;
#1515 = ORIENTED_EDGE ( 'NONE', *, *, #7062, .F. ) ;
#1516 = EDGE_CURVE ( 'NONE', #5487, #6750, #9295, .T. ) ;
#1517 = CARTESIAN_POINT ( 'NONE',  ( 56.00000000000003553, -70.00000000000002842, 2.000000000000000000 ) ) ;
#1518 = ORIENTED_EDGE ( 'NONE', *, *, #6460, .T. ) ;
#1519 = CARTESIAN_POINT ( 'NONE',  ( -57.55000000000003268, 0.000000000000000000, 2.000000000000000000 ) ) ;
#1520 = DIRECTION ( 'NONE',  ( -1.000000000000000000, 0.000000000000000000, 0.000000000000000000 ) ) ;
#1521 = DIRECTION ( 'NONE',  ( 0.000000000000000000, 0.000000000000000000, 1.000000000000000000 ) ) ;
#1522 = CARTESIAN_POINT ( 'NONE',  ( 10.00000000000001066, 9.999999999999996447, 0.000000000000000000 ) ) ;
#1523 = CARTESIAN_POINT ( 'NONE',  ( -3.081487911019577365E-30, 75.70000000000000284, 0.000000000000000000 ) ) ;
#1524 = ORIENTED_EDGE ( 'NONE', *, *, #2472, .T. ) ;
#1525 = VECTOR ( 'NONE', #4398, 1000.000000000000000 ) ;
#1526 = EDGE_LOOP ( 'NONE', ( #3733, #3772, #5004, #6638 ) ) ;
#1527 = CARTESIAN_POINT ( 'NONE',  ( -31.19999999999999929, 69.00000000000000000, 0.000000000000000000 ) ) ;
#1528 = ORIENTED_EDGE ( 'NONE', *, *, #9908, .F. ) ;
#1529 = CYLINDRICAL_SURFACE ( 'NONE', #1596, 1.550000000000002709 ) ;
#1530 = DIRECTION ( 'NONE',  ( -1.000000000000000000, 0.000000000000000000, 0.000000000000000000 ) ) ;
#1531 = FACE_OUTER_BOUND ( 'NONE', #7058, .T. ) ;
#1532 = VECTOR ( 'NONE', #9186, 1000.000000000000000 ) ;
#1533 = AXIS2_PLACEMENT_3D ( 'NONE', #8881, #7187, #8788 ) ;
#1534 = CARTESIAN_POINT ( 'NONE',  ( -22.09601551083914828, 19.90398448916085883, 2.000000000000000000 ) ) ;
#1535 = ADVANCED_FACE ( 'NONE', ( #7625 ), #4732, .F. ) ;
#1536 = ORIENTED_EDGE ( 'NONE', *, *, #7373, .F. ) ;
#1537 = CARTESIAN_POINT ( 'NONE',  ( -14.99999999999999645, 77.00000000000000000, 0.000000000000000000 ) ) ;
#1538 = ADVANCED_FACE ( 'NONE', ( #7032 ), #5533, .F. ) ;
#1539 = VERTEX_POINT ( 'NONE', #9339 ) ;
#1540 = CARTESIAN_POINT ( 'NONE',  ( -46.00000000000001421, -89.45000000000003126, 2.000000000000000000 ) ) ;
#1541 = LINE ( 'NONE', #4613, #6725 ) ;
#1542 = EDGE_LOOP ( 'NONE', ( #1694, #9544, #9857, #1957 ) ) ;
#1543 = AXIS2_PLACEMENT_3D ( 'NONE', #2740, #2636, #8883 ) ;
#1544 = CARTESIAN_POINT ( 'NONE',  ( -27.45000000000000639, 24.50000000000000000, 0.000000000000000000 ) ) ;
#1545 = EDGE_LOOP ( 'NONE', ( #1102, #5277, #3866, #7688 ) ) ;
#1546 = CIRCLE ( 'NONE', #3167, 1.550000000000002709 ) ;
#1547 = FACE_OUTER_BOUND ( 'NONE', #7502, .T. ) ;
#1548 = CIRCLE ( 'NONE', #7464, 1.550000000000002709 ) ;
#1549 = CIRCLE ( 'NONE', #272, 1.550000000000002709 ) ;
#1550 = AXIS2_PLACEMENT_3D ( 'NONE', #9688, #4375, #7414 ) ;
#1551 = CYLINDRICAL_SURFACE ( 'NONE', #5724, 1.550000000000002709 ) ;
#1552 = EDGE_CURVE ( 'NONE', #732, #7490, #2482, .T. ) ;
#1553 = VECTOR ( 'NONE', #5112, 1000.000000000000000 ) ;
#1554 = CARTESIAN_POINT ( 'NONE',  ( 19.90398448916088014, 22.09601551083915183, 0.000000000000000000 ) ) ;
#1555 = EDGE_CURVE ( 'NONE', #6416, #3978, #5440, .T. ) ;
#1556 = AXIS2_PLACEMENT_3D ( 'NONE', #4067, #4822, #2668 ) ;
#1557 = ORIENTED_EDGE ( 'NONE', *, *, #6761, .F. ) ;
#1558 = CIRCLE ( 'NONE', #2853, 1.550000000000002709 ) ;
#1559 = DIRECTION ( 'NONE',  ( 0.000000000000000000, 0.000000000000000000, 1.000000000000000000 ) ) ;
#1560 = ORIENTED_EDGE ( 'NONE', *, *, #871, .F. ) ;
#1561 = ORIENTED_EDGE ( 'NONE', *, *, #9191, .F. ) ;
#1562 = ADVANCED_FACE ( 'NONE', ( #769 ), #7678, .F. ) ;
#1563 = DIRECTION ( 'NONE',  ( 1.000000000000000000, 0.000000000000000000, 0.000000000000000000 ) ) ;
#1564 = ORIENTED_EDGE ( 'NONE', *, *, #8971, .T. ) ;
#1565 = DIRECTION ( 'NONE',  ( 0.000000000000000000, 0.000000000000000000, 1.000000000000000000 ) ) ;
#1566 = EDGE_CURVE ( 'NONE', #4053, #1688, #2666, .T. ) ;
#1567 = VECTOR ( 'NONE', #3009, 1000.000000000000000 ) ;
#1568 = AXIS2_PLACEMENT_3D ( 'NONE', #3515, #2756, #8855 ) ;
#1569 = ORIENTED_EDGE ( 'NONE', *, *, #642, .F. ) ;
#1570 = FACE_BOUND ( 'NONE', #9350, .T. ) ;
#1571 = VECTOR ( 'NONE', #1285, 1000.000000000000000 ) ;
#1572 = CARTESIAN_POINT ( 'NONE',  ( -30.54999999999999716, 24.50000000000000000, 2.000000000000000000 ) ) ;
#1573 = ORIENTED_EDGE ( 'NONE', *, *, #1263, .F. ) ;
#1574 = EDGE_CURVE ( 'NONE', #5906, #5704, #6334, .T. ) ;
#1575 = AXIS2_PLACEMENT_3D ( 'NONE', #129, #1180, #1227 ) ;
#1576 = DIRECTION ( 'NONE',  ( 0.000000000000000000, 0.000000000000000000, 1.000000000000000000 ) ) ;
#1577 = ORIENTED_EDGE ( 'NONE', *, *, #6338, .T. ) ;
#1578 = LINE ( 'NONE', #166, #7767 ) ;
#1579 = VERTEX_POINT ( 'NONE', #6924 ) ;
#1580 = CARTESIAN_POINT ( 'NONE',  ( 42.00000000000007816, 46.00000000000000711, 0.000000000000000000 ) ) ;
#1581 = DIRECTION ( 'NONE',  ( -0.000000000000000000, -0.000000000000000000, 1.000000000000000000 ) ) ;
#1582 = DIRECTION ( 'NONE',  ( -0.000000000000000000, -0.000000000000000000, -1.000000000000000000 ) ) ;
#1583 = CARTESIAN_POINT ( 'NONE',  ( -42.00000000000000711, 38.20000000000000284, 2.000000000000000000 ) ) ;
#1584 = ORIENTED_EDGE ( 'NONE', *, *, #7531, .F. ) ;
#1585 = VERTEX_POINT ( 'NONE', #9241 ) ;
#1586 = DIRECTION ( 'NONE',  ( 1.000000000000000000, 0.000000000000000000, 0.000000000000000000 ) ) ;
#1587 = VERTEX_POINT ( 'NONE', #6880 ) ;
#1588 = CYLINDRICAL_SURFACE ( 'NONE', #4498, 1.550000000000009592 ) ;
#1589 = CARTESIAN_POINT ( 'NONE',  ( -23.09999999999998366, -29.60000000000000142, 0.000000000000000000 ) ) ;
#1590 = FACE_OUTER_BOUND ( 'NONE', #7784, .T. ) ;
#1591 = CARTESIAN_POINT ( 'NONE',  ( -52.00000000000002132, 77.00000000000001421, 2.000000000000000000 ) ) ;
#1593 = EDGE_CURVE ( 'NONE', #1499, #5474, #3311, .T. ) ;
#1592 = VERTEX_POINT ( 'NONE', #1519 ) ;
#1594 = DIRECTION ( 'NONE',  ( 1.000000000000000000, 0.000000000000000000, 0.000000000000000000 ) ) ;
#1595 = VERTEX_POINT ( 'NONE', #6133 ) ;
#1596 = AXIS2_PLACEMENT_3D ( 'NONE', #678, #2286, #3746 ) ;
#1597 = FACE_OUTER_BOUND ( 'NONE', #2805, .T. ) ;
#1598 = CIRCLE ( 'NONE', #4486, 1.549999999999995826 ) ;
#1599 = DIRECTION ( 'NONE',  ( -1.000000000000000000, 0.000000000000000000, 0.000000000000000000 ) ) ;
#1600 = EDGE_LOOP ( 'NONE', ( #6483, #7393 ) ) ;
#1601 = FACE_OUTER_BOUND ( 'NONE', #8984, .T. ) ;
#1602 = ORIENTED_EDGE ( 'NONE', *, *, #4910, .F. ) ;
#1603 = DIRECTION ( 'NONE',  ( 0.000000000000000000, 0.000000000000000000, 1.000000000000000000 ) ) ;
#1604 = AXIS2_PLACEMENT_3D ( 'NONE', #141, #2561, #7699 ) ;
#1605 = AXIS2_PLACEMENT_3D ( 'NONE', #1928, #4984, #1164 ) ;
#1606 = CARTESIAN_POINT ( 'NONE',  ( -1.550000000000007372, 37.00000000000000000, 0.000000000000000000 ) ) ;
#1607 = CARTESIAN_POINT ( 'NONE',  ( -11.09601551083914117, 8.903984489160842841, 0.000000000000000000 ) ) ;
#1608 = EDGE_CURVE ( 'NONE', #9421, #7771, #6496, .T. ) ;
#1609 = EDGE_CURVE ( 'NONE', #9896, #2745, #9737, .T. ) ;
#1610 = EDGE_LOOP ( 'NONE', ( #3048, #3926 ) ) ;
#1611 = CARTESIAN_POINT ( 'NONE',  ( -1.550000000000007372, 37.00000000000000000, 2.000000000000000000 ) ) ;
#1612 = ORIENTED_EDGE ( 'NONE', *, *, #1834, .T. ) ;
#1613 = ORIENTED_EDGE ( 'NONE', *, *, #1808, .T. ) ;
#1614 = CARTESIAN_POINT ( 'NONE',  ( 30.55000000000002203, -36.50000000000000000, 0.000000000000000000 ) ) ;
#1615 = EDGE_LOOP ( 'NONE', ( #4343, #7209, #7267, #3104 ) ) ;
#1616 = DIRECTION ( 'NONE',  ( 1.000000000000000000, 0.000000000000000000, 0.000000000000000000 ) ) ;
#1617 = EDGE_CURVE ( 'NONE', #6000, #2266, #9052, .T. ) ;
#1618 = CIRCLE ( 'NONE', #6574, 1.550000000000002709 ) ;
#1619 = ORIENTED_EDGE ( 'NONE', *, *, #324, .T. ) ;
#1620 = ADVANCED_FACE ( 'NONE', ( #5684 ), #9488, .F. ) ;
#1621 = FACE_BOUND ( 'NONE', #6654, .T. ) ;
#1622 = ORIENTED_EDGE ( 'NONE', *, *, #6970, .T. ) ;
#1623 = DIRECTION ( 'NONE',  ( 1.000000000000000000, 0.000000000000000000, 0.000000000000000000 ) ) ;
#1624 = ORIENTED_EDGE ( 'NONE', *, *, #9805, .F. ) ;
#1625 = DIRECTION ( 'NONE',  ( -0.000000000000000000, -0.000000000000000000, 1.000000000000000000 ) ) ;
#1626 = ORIENTED_EDGE ( 'NONE', *, *, #5201, .F. ) ;
#1627 = DIRECTION ( 'NONE',  ( 1.000000000000000000, 0.000000000000000000, 0.000000000000000000 ) ) ;
#1628 = AXIS2_PLACEMENT_3D ( 'NONE', #9169, #2313, #3768 ) ;
#1629 = VERTEX_POINT ( 'NONE', #4190 ) ;
#1630 = CYLINDRICAL_SURFACE ( 'NONE', #266, 1.550000000000002709 ) ;
#1631 = CARTESIAN_POINT ( 'NONE',  ( -7.499999999999996447, -27.49999999999998934, 0.000000000000000000 ) ) ;
#1632 = DIRECTION ( 'NONE',  ( -0.000000000000000000, -0.000000000000000000, 1.000000000000000000 ) ) ;
#1633 = ORIENTED_EDGE ( 'NONE', *, *, #7667, .T. ) ;
#1634 = ORIENTED_EDGE ( 'NONE', *, *, #1685, .T. ) ;
#1635 = CARTESIAN_POINT ( 'NONE',  ( -9.999999999999989342, 9.999999999999994671, 2.000000000000000000 ) ) ;
#1636 = ORIENTED_EDGE ( 'NONE', *, *, #7100, .T. ) ;
#1637 = DIRECTION ( 'NONE',  ( -1.000000000000000000, 0.000000000000000000, 0.000000000000000000 ) ) ;
#1638 = FACE_OUTER_BOUND ( 'NONE', #4671, .T. ) ;
#1639 = DIRECTION ( 'NONE',  ( -1.000000000000000000, 0.000000000000000000, 0.000000000000000000 ) ) ;
#1640 = DIRECTION ( 'NONE',  ( -0.000000000000000000, -0.000000000000000000, 1.000000000000000000 ) ) ;
#1641 = CARTESIAN_POINT ( 'NONE',  ( 56.00000000000003553, -70.00000000000002842, 2.000000000000000000 ) ) ;
#1642 = ORIENTED_EDGE ( 'NONE', *, *, #3359, .T. ) ;
#1643 = LINE ( 'NONE', #881, #2862 ) ;
#1644 = ORIENTED_EDGE ( 'NONE', *, *, #5313, .T. ) ;
#1645 = FACE_BOUND ( 'NONE', #7431, .T. ) ;
#1646 = DIRECTION ( 'NONE',  ( -0.000000000000000000, -0.000000000000000000, 1.000000000000000000 ) ) ;
#1647 = EDGE_CURVE ( 'NONE', #4371, #1096, #416, .T. ) ;
#1648 = VERTEX_POINT ( 'NONE', #7231 ) ;
#1649 = DIRECTION ( 'NONE',  ( 1.000000000000000000, 0.000000000000000000, 0.000000000000000000 ) ) ;
#1650 = FACE_OUTER_BOUND ( 'NONE', #1542, .T. ) ;
#1651 = ORIENTED_EDGE ( 'NONE', *, *, #2223, .T. ) ;
#1652 = FACE_OUTER_BOUND ( 'NONE', #3869, .T. ) ;
#1653 = VECTOR ( 'NONE', #9184, 1000.000000000000000 ) ;
#1654 = ADVANCED_FACE ( 'NONE', ( #263 ), #9441, .F. ) ;
#1655 = AXIS2_PLACEMENT_3D ( 'NONE', #828, #3846, #6944 ) ;
#1656 = DIRECTION ( 'NONE',  ( -0.000000000000000000, -0.000000000000000000, 1.000000000000000000 ) ) ;
#1657 = CARTESIAN_POINT ( 'NONE',  ( 0.000000000000000000, 0.000000000000000000, 0.000000000000000000 ) ) ;
#1658 = VERTEX_POINT ( 'NONE', #5922 ) ;
#1659 = DIRECTION ( 'NONE',  ( 1.000000000000000000, 0.000000000000000000, 0.000000000000000000 ) ) ;
#1660 = CIRCLE ( 'NONE', #9343, 1.550000000000002709 ) ;
#1661 = AXIS2_PLACEMENT_3D ( 'NONE', #5817, #8969, #5019 ) ;
#1662 = EDGE_LOOP ( 'NONE', ( #4085, #6171, #6961, #2473 ) ) ;
#1663 = LINE ( 'NONE', #4674, #7575 ) ;
#1664 = ORIENTED_EDGE ( 'NONE', *, *, #550, .T. ) ;
#1665 = LINE ( 'NONE', #2519, #93 ) ;
#1666 = CIRCLE ( 'NONE', #9177, 1.549999999999995826 ) ;
#1667 = ORIENTED_EDGE ( 'NONE', *, *, #8341, .F. ) ;
#1668 = FACE_BOUND ( 'NONE', #165, .T. ) ;
#1669 = EDGE_CURVE ( 'NONE', #3292, #9178, #960, .T. ) ;
#1670 = CIRCLE ( 'NONE', #5194, 1.550000000000009592 ) ;
#1671 = ADVANCED_FACE ( 'NONE', ( #3338 ), #3574, .F. ) ;
#1672 = EDGE_LOOP ( 'NONE', ( #5987, #6132 ) ) ;
#1673 = DIRECTION ( 'NONE',  ( -0.000000000000000000, -0.000000000000000000, -1.000000000000000000 ) ) ;
#1674 = ORIENTED_EDGE ( 'NONE', *, *, #8122, .F. ) ;
#1675 = CARTESIAN_POINT ( 'NONE',  ( 11.09601551083916249, -8.903984489160839289, 0.000000000000000000 ) ) ;
#1676 = ORIENTED_EDGE ( 'NONE', *, *, #16, .F. ) ;
#1677 = CARTESIAN_POINT ( 'NONE',  ( -11.00000000000000000, -52.55000000000001847, 0.000000000000000000 ) ) ;
#1678 = EDGE_CURVE ( 'NONE', #8198, #7211, #2876, .T. ) ;
#1679 = VECTOR ( 'NONE', #6241, 1000.000000000000000 ) ;
#1680 = EDGE_LOOP ( 'NONE', ( #1560, #6923 ) ) ;
#1681 = DIRECTION ( 'NONE',  ( 0.000000000000000000, 0.000000000000000000, 1.000000000000000000 ) ) ;
#1682 = EDGE_CURVE ( 'NONE', #7252, #2825, #2407, .T. ) ;
#1683 = DIRECTION ( 'NONE',  ( 0.000000000000000000, 0.000000000000000000, 1.000000000000000000 ) ) ;
#1684 = ORIENTED_EDGE ( 'NONE', *, *, #3405, .F. ) ;
#1685 = EDGE_CURVE ( 'NONE', #632, #1944, #2112, .T. ) ;
#1686 = ORIENTED_EDGE ( 'NONE', *, *, #7797, .F. ) ;
#1687 = LINE ( 'NONE', #873, #9424 ) ;
#1688 = VERTEX_POINT ( 'NONE', #5119 ) ;
#1689 = CARTESIAN_POINT ( 'NONE',  ( -54.00000000000001421, 99.00000000000000000, 2.000000000000000000 ) ) ;
#1690 = CARTESIAN_POINT ( 'NONE',  ( -9.999999999999989342, -9.999999999999973355, 0.000000000000000000 ) ) ;
#1691 = DIRECTION ( 'NONE',  ( 0.000000000000000000, 0.000000000000000000, 1.000000000000000000 ) ) ;
#1692 = CARTESIAN_POINT ( 'NONE',  ( 50.45000000000005258, -47.00000000000001421, 2.000000000000000000 ) ) ;
#1693 = DIRECTION ( 'NONE',  ( -1.000000000000000000, 0.000000000000000000, 0.000000000000000000 ) ) ;
#1694 = ORIENTED_EDGE ( 'NONE', *, *, #1473, .F. ) ;
#1695 = DIRECTION ( 'NONE',  ( -0.000000000000000000, -0.000000000000000000, 1.000000000000000000 ) ) ;
#1696 = ORIENTED_EDGE ( 'NONE', *, *, #5324, .F. ) ;
#1697 = FACE_BOUND ( 'NONE', #3937, .T. ) ;
#1698 = CARTESIAN_POINT ( 'NONE',  ( 35.32000000000000028, 20.36000000000000298, 2.000000000000000000 ) ) ;
#1699 = AXIS2_PLACEMENT_3D ( 'NONE', #3389, #8208, #7457 ) ;
#1700 = EDGE_CURVE ( 'NONE', #5792, #5471, #4173, .T. ) ;
#1701 = ORIENTED_EDGE ( 'NONE', *, *, #6222, .T. ) ;
#1702 = CYLINDRICAL_SURFACE ( 'NONE', #9821, 1.549999999999995826 ) ;
#1703 = ORIENTED_EDGE ( 'NONE', *, *, #1198, .T. ) ;
#1704 = VECTOR ( 'NONE', #5878, 1000.000000000000000 ) ;
#1705 = DIRECTION ( 'NONE',  ( 1.000000000000000000, 0.000000000000000000, 0.000000000000000000 ) ) ;
#1706 = CYLINDRICAL_SURFACE ( 'NONE', #5572, 1.550000000000002709 ) ;
#1707 = CIRCLE ( 'NONE', #7938, 1.549999999999988942 ) ;
#1708 = EDGE_LOOP ( 'NONE', ( #4849, #8204, #822, #5158 ) ) ;
#1709 = LINE ( 'NONE', #4119, #437 ) ;
#1710 = ORIENTED_EDGE ( 'NONE', *, *, #4992, .F. ) ;
#1711 = LINE ( 'NONE', #8470, #5332 ) ;
#1712 = VERTEX_POINT ( 'NONE', #498 ) ;
#1713 = CARTESIAN_POINT ( 'NONE',  ( -39.00000000000001421, 7.500000000000000000, 2.000000000000000000 ) ) ;
#1714 = CIRCLE ( 'NONE', #7780, 1.549999999999999378 ) ;
#1715 = AXIS2_PLACEMENT_3D ( 'NONE', #2173, #1464, #2080 ) ;
#1716 = VECTOR ( 'NONE', #5248, 1000.000000000000000 ) ;
#1717 = VERTEX_POINT ( 'NONE', #6613 ) ;
#1718 = AXIS2_PLACEMENT_3D ( 'NONE', #4345, #8733, #1835 ) ;
#1719 = FACE_BOUND ( 'NONE', #237, .T. ) ;
#1720 = LINE ( 'NONE', #7874, #2542 ) ;
#1721 = AXIS2_PLACEMENT_3D ( 'NONE', #1814, #4068, #896 ) ;
#1722 = ORIENTED_EDGE ( 'NONE', *, *, #6072, .F. ) ;
#1723 = DIRECTION ( 'NONE',  ( -0.000000000000000000, -0.000000000000000000, -1.000000000000000000 ) ) ;
#1724 = ORIENTED_EDGE ( 'NONE', *, *, #8742, .F. ) ;
#1725 = DIRECTION ( 'NONE',  ( -1.000000000000000000, -3.469446951953611724E-16, 0.000000000000000000 ) ) ;
#1726 = CIRCLE ( 'NONE', #7322, 1.549999999999995826 ) ;
#1727 = ORIENTED_EDGE ( 'NONE', *, *, #1678, .F. ) ;
#1728 = DIRECTION ( 'NONE',  ( -0.000000000000000000, -0.000000000000000000, 1.000000000000000000 ) ) ;
#1729 = AXIS2_PLACEMENT_3D ( 'NONE', #1965, #6610, #8068 ) ;
#1730 = AXIS2_PLACEMENT_3D ( 'NONE', #5766, #6606, #4363 ) ;
#1731 = EDGE_LOOP ( 'NONE', ( #1915, #1477, #7279, #1476 ) ) ;
#1732 = DIRECTION ( 'NONE',  ( -0.000000000000000000, -0.000000000000000000, -1.000000000000000000 ) ) ;
#1733 = CIRCLE ( 'NONE', #8279, 1.550000000000002265 ) ;
#1734 = VECTOR ( 'NONE', #1927, 1000.000000000000000 ) ;
#1735 = CIRCLE ( 'NONE', #5099, 1.550000000000004485 ) ;
#1736 = CARTESIAN_POINT ( 'NONE',  ( -28.99999999999993250, 85.50000000000002842, 0.000000000000000000 ) ) ;
#1737 = ORIENTED_EDGE ( 'NONE', *, *, #1566, .T. ) ;
#1738 = EDGE_CURVE ( 'NONE', #985, #5165, #9775, .T. ) ;
#1739 = ORIENTED_EDGE ( 'NONE', *, *, #4522, .T. ) ;
#1740 = CARTESIAN_POINT ( 'NONE',  ( 52.00000000000005684, -47.00000000000001421, 2.000000000000000000 ) ) ;
#1741 = EDGE_LOOP ( 'NONE', ( #9117, #918, #8562, #4670 ) ) ;
#1742 = LINE ( 'NONE', #1689, #7356 ) ;
#1743 = CARTESIAN_POINT ( 'NONE',  ( 26.45000000000005258, 77.00000000000002842, 2.000000000000000000 ) ) ;
#1744 = CARTESIAN_POINT ( 'NONE',  ( -32.75000000000000000, 69.00000000000000000, 0.000000000000000000 ) ) ;
#1745 = AXIS2_PLACEMENT_3D ( 'NONE', #8805, #7390, #1950 ) ;
#1746 = ADVANCED_FACE ( 'NONE', ( #1067 ), #4370, .F. ) ;
#1747 = EDGE_CURVE ( 'NONE', #1908, #1648, #5769, .T. ) ;
#1748 = LINE ( 'NONE', #6259, #586 ) ;
#1749 = DIRECTION ( 'NONE',  ( -0.000000000000000000, -0.000000000000000000, -1.000000000000000000 ) ) ;
#1750 = ORIENTED_EDGE ( 'NONE', *, *, #5536, .F. ) ;
#1751 = ADVANCED_FACE ( 'NONE', ( #4138 ), #5589, .F. ) ;
#1752 = CARTESIAN_POINT ( 'NONE',  ( -5.000000000000000000, 6.123233995736766282E-16, 0.000000000000000000 ) ) ;
#1753 = EDGE_LOOP ( 'NONE', ( #6844, #8193 ) ) ;
#1754 = ORIENTED_EDGE ( 'NONE', *, *, #5840, .T. ) ;
#1755 = FACE_BOUND ( 'NONE', #2315, .T. ) ;
#1756 = UNCERTAINTY_MEASURE_WITH_UNIT (LENGTH_MEASURE( 1.000000000000000082E-05 ), #7050, 'distance_accuracy_value', 'NONE');
#1757 = LINE ( 'NONE', #6358, #4181 ) ;
#1758 = EDGE_LOOP ( 'NONE', ( #4649, #8037, #2256, #9000, #8098 ) ) ;
#1759 = CARTESIAN_POINT ( 'NONE',  ( -56.00000000000002842, 0.000000000000000000, 2.000000000000000000 ) ) ;
#1760 = ORIENTED_EDGE ( 'NONE', *, *, #7589, .T. ) ;
#1761 = ADVANCED_FACE ( 'NONE', ( #317 ), #7702, .F. ) ;
#1762 = CARTESIAN_POINT ( 'NONE',  ( 57.99999999999999289, 36.99999999999999289, 0.000000000000000000 ) ) ;
#1763 = DIRECTION ( 'NONE',  ( 1.000000000000000000, 0.000000000000000000, 0.000000000000000000 ) ) ;
#1764 = EDGE_LOOP ( 'NONE', ( #3010, #6409, #886, #1727 ) ) ;
#1765 = DIRECTION ( 'NONE',  ( 1.000000000000000000, 0.000000000000000000, 0.000000000000000000 ) ) ;
#1766 = CARTESIAN_POINT ( 'NONE',  ( 9.000000000000003553, 24.49999999999999289, 0.000000000000000000 ) ) ;
#1767 = ORIENTED_EDGE ( 'NONE', *, *, #7605, .T. ) ;
#1768 = LINE ( 'NONE', #7764, #3598 ) ;
#1769 = ORIENTED_EDGE ( 'NONE', *, *, #8531, .F. ) ;
#1770 = DIRECTION ( 'NONE',  ( 0.000000000000000000, 0.000000000000000000, 1.000000000000000000 ) ) ;
#1771 = CIRCLE ( 'NONE', #1282, 1.550000000000002709 ) ;
#1772 = VECTOR ( 'NONE', #2257, 1000.000000000000000 ) ;
#1773 = FACE_BOUND ( 'NONE', #4359, .T. ) ;
#1774 = DIRECTION ( 'NONE',  ( -1.000000000000000000, 0.000000000000000000, 0.000000000000000000 ) ) ;
#1775 = AXIS2_PLACEMENT_3D ( 'NONE', #884, #1043, #3954 ) ;
#1776 = ORIENTED_EDGE ( 'NONE', *, *, #744, .F. ) ;
#1777 = DIRECTION ( 'NONE',  ( 0.000000000000000000, 0.000000000000000000, 1.000000000000000000 ) ) ;
#1778 = VERTEX_POINT ( 'NONE', #3016 ) ;
#1779 = CARTESIAN_POINT ( 'NONE',  ( 28.00000000000006040, -46.99999999999999289, 2.000000000000000000 ) ) ;
#1780 = VERTEX_POINT ( 'NONE', #8255 ) ;
#1781 = CIRCLE ( 'NONE', #4663, 1.550000000000002709 ) ;
#1782 = CYLINDRICAL_SURFACE ( 'NONE', #5354, 1.550000000000002709 ) ;
#1783 = EDGE_CURVE ( 'NONE', #4935, #6544, #1274, .T. ) ;
#1784 = EDGE_LOOP ( 'NONE', ( #1602, #2052, #5839, #3239 ) ) ;
#1785 = CARTESIAN_POINT ( 'NONE',  ( -28.99999999999998579, -36.50000000000000711, 2.000000000000000000 ) ) ;
#1786 = ADVANCED_FACE ( 'NONE', ( #2919 ), #2209, .F. ) ;
#1787 = CARTESIAN_POINT ( 'NONE',  ( -56.00000000000002842, 0.000000000000000000, 2.000000000000000000 ) ) ;
#1788 = ORIENTED_EDGE ( 'NONE', *, *, #8708, .T. ) ;
#1789 = DIRECTION ( 'NONE',  ( -0.7682212795973755171, -0.6401843996644801527, 0.000000000000000000 ) ) ;
#1790 = ORIENTED_EDGE ( 'NONE', *, *, #9764, .F. ) ;
#1791 = CARTESIAN_POINT ( 'NONE',  ( 4.450000000000025935, -91.00000000000000000, 2.000000000000000000 ) ) ;
#1792 = CARTESIAN_POINT ( 'NONE',  ( 1.550000000000000488, 57.49999999999999289, 0.000000000000000000 ) ) ;
#1793 = CARTESIAN_POINT ( 'NONE',  ( -39.00000000000001421, 7.500000000000000000, 0.000000000000000000 ) ) ;
#1794 = EDGE_CURVE ( 'NONE', #6562, #3705, #7653, .T. ) ;
#1795 = CARTESIAN_POINT ( 'NONE',  ( -50.45000000000002416, -77.00000000000001421, 2.000000000000000000 ) ) ;
#1796 = ORIENTED_EDGE ( 'NONE', *, *, #8623, .F. ) ;
#1797 = EDGE_CURVE ( 'NONE', #5939, #6918, #4471, .T. ) ;
#1798 = DIRECTION ( 'NONE',  ( -0.000000000000000000, -0.000000000000000000, 1.000000000000000000 ) ) ;
#1799 = VERTEX_POINT ( 'NONE', #1544 ) ;
#1800 = ORIENTED_EDGE ( 'NONE', *, *, #2059, .T. ) ;
#1801 = FACE_BOUND ( 'NONE', #3892, .T. ) ;
#1802 = EDGE_CURVE ( 'NONE', #653, #8296, #1121, .T. ) ;
#1803 = ORIENTED_EDGE ( 'NONE', *, *, #9, .F. ) ;
#1804 = CARTESIAN_POINT ( 'NONE',  ( -3.125000000000001776, 65.00000000000000000, 2.000000000000000000 ) ) ;
#1805 = ORIENTED_EDGE ( 'NONE', *, *, #1075, .T. ) ;
#1806 = DIRECTION ( 'NONE',  ( 1.000000000000000000, 0.000000000000000000, 0.000000000000000000 ) ) ;
#1807 = VERTEX_POINT ( 'NONE', #2964 ) ;
#1808 = EDGE_CURVE ( 'NONE', #2188, #897, #2353, .T. ) ;
#1809 = DIRECTION ( 'NONE',  ( 1.000000000000000000, 0.000000000000000000, 0.000000000000000000 ) ) ;
#1810 = DIRECTION ( 'NONE',  ( 1.000000000000000000, 0.000000000000000000, 0.000000000000000000 ) ) ;
#1811 = ADVANCED_FACE ( 'NONE', ( #1601 ), #3812, .F. ) ;
#1812 = ORIENTED_EDGE ( 'NONE', *, *, #8779, .F. ) ;
#1813 = FACE_OUTER_BOUND ( 'NONE', #4425, .T. ) ;
#1814 = CARTESIAN_POINT ( 'NONE',  ( 28.00000000000006040, -46.99999999999999289, 2.000000000000000000 ) ) ;
#1815 = EDGE_CURVE ( 'NONE', #1587, #3885, #8961, .T. ) ;
#1816 = LINE ( 'NONE', #7173, #1187 ) ;
#1817 = ORIENTED_EDGE ( 'NONE', *, *, #5946, .F. ) ;
#1818 = AXIS2_PLACEMENT_3D ( 'NONE', #5632, #2383, #214 ) ;
#1819 = CARTESIAN_POINT ( 'NONE',  ( -1.549999999999981837, -91.00000000000000000, 0.000000000000000000 ) ) ;
#1820 = CARTESIAN_POINT ( 'NONE',  ( 0.000000000000000000, 0.000000000000000000, 2.000000000000000000 ) ) ;
#1821 = VECTOR ( 'NONE', #5977, 1000.000000000000000 ) ;
#1822 = CARTESIAN_POINT ( 'NONE',  ( 12.55000000000000959, -51.00000000000000711, 0.000000000000000000 ) ) ;
#1823 = EDGE_LOOP ( 'NONE', ( #9858, #9353 ) ) ;
#1824 = CIRCLE ( 'NONE', #6137, 1.549999999999995604 ) ;
#1825 = DIRECTION ( 'NONE',  ( -1.000000000000000000, 0.000000000000000000, 0.000000000000000000 ) ) ;
#1826 = ORIENTED_EDGE ( 'NONE', *, *, #210, .T. ) ;
#1827 = DIRECTION ( 'NONE',  ( 0.000000000000000000, 0.000000000000000000, 1.000000000000000000 ) ) ;
#1828 = VERTEX_POINT ( 'NONE', #3761 ) ;
#1829 = DIRECTION ( 'NONE',  ( 0.000000000000000000, 0.000000000000000000, 1.000000000000000000 ) ) ;
#1830 = AXIS2_PLACEMENT_3D ( 'NONE', #1589, #499, #3053 ) ;
#1831 = AXIS2_PLACEMENT_3D ( 'NONE', #4954, #3553, #7290 ) ;
#1832 = ORIENTED_EDGE ( 'NONE', *, *, #1678, .T. ) ;
#1833 = LINE ( 'NONE', #4887, #8416 ) ;
#1834 = EDGE_CURVE ( 'NONE', #931, #5483, #8353, .T. ) ;
#1835 = DIRECTION ( 'NONE',  ( 1.000000000000000000, 0.000000000000000000, 0.000000000000000000 ) ) ;
#1836 = VERTEX_POINT ( 'NONE', #8458 ) ;
#1837 = CYLINDRICAL_SURFACE ( 'NONE', #1090, 1.550000000000002709 ) ;
#1838 = EDGE_LOOP ( 'NONE', ( #4795, #8576, #7352, #6650 ) ) ;
#1839 = DIRECTION ( 'NONE',  ( -0.000000000000000000, -0.000000000000000000, -1.000000000000000000 ) ) ;
#1840 = CARTESIAN_POINT ( 'NONE',  ( -19.90398448916086593, -22.09601551083912341, 0.000000000000000000 ) ) ;
#1841 = DIRECTION ( 'NONE',  ( -0.000000000000000000, -0.000000000000000000, 1.000000000000000000 ) ) ;
#1842 = LINE ( 'NONE', #2596, #8743 ) ;
#1843 = CARTESIAN_POINT ( 'NONE',  ( 6.044257964301539101E-15, -11.99999999999999645, 2.000000000000000000 ) ) ;
#1844 = CYLINDRICAL_SURFACE ( 'NONE', #9097, 1.550000000000002709 ) ;
#1845 = ORIENTED_EDGE ( 'NONE', *, *, #3455, .F. ) ;
#1846 = CARTESIAN_POINT ( 'NONE',  ( 31.19999999999999929, 69.00000000000000000, 2.000000000000000000 ) ) ;
#1847 = VERTEX_POINT ( 'NONE', #652 ) ;
#1848 = ORIENTED_EDGE ( 'NONE', *, *, #6675, .T. ) ;
#1849 = FACE_BOUND ( 'NONE', #8152, .T. ) ;
#1850 = ORIENTED_EDGE ( 'NONE', *, *, #6822, .T. ) ;
#1851 = DIRECTION ( 'NONE',  ( 0.000000000000000000, 0.000000000000000000, 1.000000000000000000 ) ) ;
#1852 = ORIENTED_EDGE ( 'NONE', *, *, #2556, .F. ) ;
#1853 = CYLINDRICAL_SURFACE ( 'NONE', #5665, 1.550000000000002709 ) ;
#1854 = ORIENTED_EDGE ( 'NONE', *, *, #3594, .F. ) ;
#1855 = ADVANCED_FACE ( 'NONE', ( #6013 ), #7598, .F. ) ;
#1856 = AXIS2_PLACEMENT_3D ( 'NONE', #6446, #2795, #1902 ) ;
#1857 = DIRECTION ( 'NONE',  ( -1.000000000000000000, 0.000000000000000000, 0.000000000000000000 ) ) ;
#1858 = DIRECTION ( 'NONE',  ( -0.000000000000000000, -0.000000000000000000, -1.000000000000000000 ) ) ;
#1859 = AXIS2_PLACEMENT_3D ( 'NONE', #2326, #7774, #6183 ) ;
#1860 = VERTEX_POINT ( 'NONE', #3067 ) ;
#1861 = DIRECTION ( 'NONE',  ( 1.000000000000000000, 0.000000000000000000, 0.000000000000000000 ) ) ;
#1862 = CARTESIAN_POINT ( 'NONE',  ( -8.000000000000000000, 18.00000000000000000, 2.000000000000000000 ) ) ;
#1863 = VECTOR ( 'NONE', #4446, 1000.000000000000000 ) ;
#1864 = CIRCLE ( 'NONE', #7602, 1.549999999999999378 ) ;
#1865 = LINE ( 'NONE', #9431, #2306 ) ;
#1866 = ORIENTED_EDGE ( 'NONE', *, *, #9327, .T. ) ;
#1867 = LINE ( 'NONE', #309, #8407 ) ;
#1868 = EDGE_CURVE ( 'NONE', #6182, #6076, #3686, .T. ) ;
#1869 = EDGE_CURVE ( 'NONE', #1369, #2334, #7510, .T. ) ;
#1870 = CIRCLE ( 'NONE', #2184, 1.550000000000002709 ) ;
#1871 = FACE_BOUND ( 'NONE', #264, .T. ) ;
#1872 = DIRECTION ( 'NONE',  ( 0.000000000000000000, 0.000000000000000000, 1.000000000000000000 ) ) ;
#1873 = EDGE_CURVE ( 'NONE', #8564, #1952, #9014, .T. ) ;
#1874 = ORIENTED_EDGE ( 'NONE', *, *, #2792, .F. ) ;
#1875 = FACE_OUTER_BOUND ( 'NONE', #5504, .T. ) ;
#1876 = ORIENTED_EDGE ( 'NONE', *, *, #9214, .F. ) ;
#1877 = DIRECTION ( 'NONE',  ( 1.000000000000000000, 0.000000000000000000, 0.000000000000000000 ) ) ;
#1878 = AXIS2_PLACEMENT_3D ( 'NONE', #654, #7554, #6664 ) ;
#1879 = DIRECTION ( 'NONE',  ( 1.000000000000000000, 0.000000000000000000, 0.000000000000000000 ) ) ;
#1880 = AXIS2_PLACEMENT_3D ( 'NONE', #271, #7037, #1024 ) ;
#1881 = CIRCLE ( 'NONE', #8722, 6.000000000000013323 ) ;
#1882 = AXIS2_PLACEMENT_3D ( 'NONE', #5339, #5997, #1378 ) ;
#1883 = AXIS2_PLACEMENT_3D ( 'NONE', #808, #3877, #8714 ) ;
#1884 = AXIS2_PLACEMENT_3D ( 'NONE', #6224, #9121, #5517 ) ;
#1885 = VECTOR ( 'NONE', #9323, 1000.000000000000000 ) ;
#1886 = VERTEX_POINT ( 'NONE', #8306 ) ;
#1887 = CARTESIAN_POINT ( 'NONE',  ( 11.00000000000000000, -74.45000000000003126, 0.000000000000000000 ) ) ;
#1888 = EDGE_CURVE ( 'NONE', #3226, #1712, #1598, .T. ) ;
#1889 = AXIS2_PLACEMENT_3D ( 'NONE', #3482, #6534, #5824 ) ;
#1890 = CARTESIAN_POINT ( 'NONE',  ( -3.081487911019577365E-30, 75.70000000000000284, 2.000000000000000000 ) ) ;
#1891 = ORIENTED_EDGE ( 'NONE', *, *, #3405, .T. ) ;
#1892 = CARTESIAN_POINT ( 'NONE',  ( -21.00000000000000355, -21.00000000000000000, 0.000000000000000000 ) ) ;
#1893 = CIRCLE ( 'NONE', #6049, 1.549999999999995826 ) ;
#1894 = ORIENTED_EDGE ( 'NONE', *, *, #4012, .F. ) ;
#1895 = CARTESIAN_POINT ( 'NONE',  ( 35.32000000000000028, 20.36000000000000298, 2.000000000000000000 ) ) ;
#1896 = DIRECTION ( 'NONE',  ( 1.000000000000000000, 0.000000000000000000, 0.000000000000000000 ) ) ;
#1897 = CARTESIAN_POINT ( 'NONE',  ( 1.550000000000009592, 91.00000000000000000, 2.000000000000000000 ) ) ;
#1898 = DIRECTION ( 'NONE',  ( 1.000000000000000000, 0.000000000000000000, 0.000000000000000000 ) ) ;
#1899 = VECTOR ( 'NONE', #6262, 1000.000000000000000 ) ;
#1900 = VECTOR ( 'NONE', #1116, 1000.000000000000000 ) ;
#1901 = VECTOR ( 'NONE', #4348, 1000.000000000000000 ) ;
#1902 = DIRECTION ( 'NONE',  ( 1.000000000000000000, 0.000000000000000000, 0.000000000000000000 ) ) ;
#1903 = ORIENTED_EDGE ( 'NONE', *, *, #901, .F. ) ;
#1904 = FACE_OUTER_BOUND ( 'NONE', #8231, .T. ) ;
#1905 = VERTEX_POINT ( 'NONE', #2304 ) ;
#1906 = ORIENTED_EDGE ( 'NONE', *, *, #3279, .T. ) ;
#1907 = CARTESIAN_POINT ( 'NONE',  ( -54.45000000000000995, -70.00000000000002842, 2.000000000000000000 ) ) ;
#1908 = VERTEX_POINT ( 'NONE', #7552 ) ;
#1909 = CARTESIAN_POINT ( 'NONE',  ( -11.00000000000000000, -77.54999999999999716, 0.000000000000000000 ) ) ;
#1910 = ORIENTED_EDGE ( 'NONE', *, *, #689, .T. ) ;
#1911 = AXIS2_PLACEMENT_3D ( 'NONE', #3208, #6404, #7204 ) ;
#1912 = DIRECTION ( 'NONE',  ( 0.000000000000000000, 0.000000000000000000, 1.000000000000000000 ) ) ;
#1913 = EDGE_LOOP ( 'NONE', ( #6339, #2893 ) ) ;
#1914 = LINE ( 'NONE', #8200, #9579 ) ;
#1915 = ORIENTED_EDGE ( 'NONE', *, *, #2119, .F. ) ;
#1916 = LINE ( 'NONE', #9426, #8751 ) ;
#1917 = DIRECTION ( 'NONE',  ( -0.000000000000000000, -0.000000000000000000, 1.000000000000000000 ) ) ;
#1918 = VERTEX_POINT ( 'NONE', #693 ) ;
#1919 = CYLINDRICAL_SURFACE ( 'NONE', #9401, 1.550000000000002709 ) ;
#1920 = CARTESIAN_POINT ( 'NONE',  ( -26.45000000000001705, 77.00000000000002842, 0.000000000000000000 ) ) ;
#1921 = DIRECTION ( 'NONE',  ( 1.000000000000000000, 0.000000000000000000, 0.000000000000000000 ) ) ;
#1922 = EDGE_LOOP ( 'NONE', ( #6109, #4105, #168, #633, #4852 ) ) ;
#1923 = LINE ( 'NONE', #3382, #3319 ) ;
#1924 = EDGE_CURVE ( 'NONE', #6127, #1658, #7668, .T. ) ;
#1925 = EDGE_CURVE ( 'NONE', #2218, #6274, #8310, .T. ) ;
#1926 = FACE_BOUND ( 'NONE', #3136, .T. ) ;
#1927 = DIRECTION ( 'NONE',  ( -0.000000000000000000, -0.000000000000000000, 1.000000000000000000 ) ) ;
#1928 = CARTESIAN_POINT ( 'NONE',  ( -8.000000000000000000, 43.00000000000000000, 0.000000000000000000 ) ) ;
#1929 = ORIENTED_EDGE ( 'NONE', *, *, #9836, .T. ) ;
#1930 = DIRECTION ( 'NONE',  ( -0.000000000000000000, -0.000000000000000000, -1.000000000000000000 ) ) ;
#1931 = AXIS2_PLACEMENT_3D ( 'NONE', #9354, #981, #3204 ) ;
#1932 = ADVANCED_FACE ( 'NONE', ( #1650 ), #2410, .F. ) ;
#1933 = ORIENTED_EDGE ( 'NONE', *, *, #9396, .F. ) ;
#1934 = DIRECTION ( 'NONE',  ( -1.000000000000000000, 0.000000000000000000, 0.000000000000000000 ) ) ;
#1935 = ADVANCED_FACE ( 'NONE', ( #3163 ), #5128, .F. ) ;
#1936 = CIRCLE ( 'NONE', #5288, 1.549999999999995826 ) ;
#1937 = VERTEX_POINT ( 'NONE', #2729 ) ;
#1938 = DIRECTION ( 'NONE',  ( 0.000000000000000000, 0.000000000000000000, 1.000000000000000000 ) ) ;
#1939 = CIRCLE ( 'NONE', #4980, 1.549999999999995826 ) ;
#1940 = DIRECTION ( 'NONE',  ( 0.000000000000000000, 0.000000000000000000, 1.000000000000000000 ) ) ;
#1941 = ORIENTED_EDGE ( 'NONE', *, *, #7013, .F. ) ;
#1942 = EDGE_CURVE ( 'NONE', #8120, #5405, #2772, .T. ) ;
#1943 = DIRECTION ( 'NONE',  ( 1.000000000000000000, 0.000000000000000000, 0.000000000000000000 ) ) ;
#1944 = VERTEX_POINT ( 'NONE', #9690 ) ;
#1945 = CYLINDRICAL_SURFACE ( 'NONE', #7048, 1.549999999999995826 ) ;
#1946 = FACE_OUTER_BOUND ( 'NONE', #4582, .T. ) ;
#1947 = DIRECTION ( 'NONE',  ( -1.000000000000000000, 0.000000000000000000, 0.000000000000000000 ) ) ;
#1948 = CARTESIAN_POINT ( 'NONE',  ( -14.99999999999999645, 77.00000000000000000, 2.000000000000000000 ) ) ;
#1949 = CARTESIAN_POINT ( 'NONE',  ( 7.500000000000002665, -33.50000000000000000, 0.000000000000000000 ) ) ;
#1950 = DIRECTION ( 'NONE',  ( 1.000000000000000000, 0.000000000000000000, 0.000000000000000000 ) ) ;
#1951 = DIRECTION ( 'NONE',  ( -1.000000000000000000, 0.000000000000000000, 0.000000000000000000 ) ) ;
#1952 = VERTEX_POINT ( 'NONE', #5076 ) ;
#1953 = ORIENTED_EDGE ( 'NONE', *, *, #2234, .T. ) ;
#1954 = DIRECTION ( 'NONE',  ( 0.000000000000000000, 0.000000000000000000, 1.000000000000000000 ) ) ;
#1955 = ORIENTED_EDGE ( 'NONE', *, *, #862, .F. ) ;
#1956 = CARTESIAN_POINT ( 'NONE',  ( -9.999999999999989342, -9.999999999999973355, 2.000000000000000000 ) ) ;
#1957 = ORIENTED_EDGE ( 'NONE', *, *, #8865, .T. ) ;
#1958 = DIRECTION ( 'NONE',  ( 1.000000000000000000, 0.000000000000000000, 0.000000000000000000 ) ) ;
#1959 = DIRECTION ( 'NONE',  ( 0.000000000000000000, 0.000000000000000000, 1.000000000000000000 ) ) ;
#1960 = ORIENTED_EDGE ( 'NONE', *, *, #7237, .T. ) ;
#1961 = LINE ( 'NONE', #8013, #3965 ) ;
#1962 = CARTESIAN_POINT ( 'NONE',  ( -16.94999999999999574, 43.00000000000000000, 0.000000000000000000 ) ) ;
#1963 = EDGE_CURVE ( 'NONE', #3882, #2712, #3679, .T. ) ;
#1964 = EDGE_LOOP ( 'NONE', ( #7566, #6899 ) ) ;
#1965 = CARTESIAN_POINT ( 'NONE',  ( 29.00000000000002842, -85.49999999999998579, 2.000000000000000000 ) ) ;
#1966 = CARTESIAN_POINT ( 'NONE',  ( 42.00000000000005684, 70.00000000000000000, 0.000000000000000000 ) ) ;
#1967 = DIRECTION ( 'NONE',  ( 1.000000000000000000, 0.000000000000000000, 0.000000000000000000 ) ) ;
#1968 = ORIENTED_EDGE ( 'NONE', *, *, #4113, .F. ) ;
#1969 = DIRECTION ( 'NONE',  ( -0.000000000000000000, -0.000000000000000000, 1.000000000000000000 ) ) ;
#1970 = FACE_BOUND ( 'NONE', #2127, .T. ) ;
#1971 = CARTESIAN_POINT ( 'NONE',  ( 56.00000000000003553, -70.00000000000002842, 2.000000000000000000 ) ) ;
#1972 = DIRECTION ( 'NONE',  ( -0.7808688094430300541, -0.6246950475544246206, 0.000000000000000000 ) ) ;
#1973 = CARTESIAN_POINT ( 'NONE',  ( -42.00000000000002842, 70.00000000000000000, 2.000000000000000000 ) ) ;
#1974 = VERTEX_POINT ( 'NONE', #1212 ) ;
#1975 = CARTESIAN_POINT ( 'NONE',  ( -42.00000000000001421, -70.00000000000002842, 2.000000000000000000 ) ) ;
#1976 = ADVANCED_FACE ( 'NONE', ( #8216 ), #3484, .F. ) ;
#1977 = CIRCLE ( 'NONE', #1818, 1.550000000000000488 ) ;
#1978 = ORIENTED_EDGE ( 'NONE', *, *, #6634, .T. ) ;
#1979 = CARTESIAN_POINT ( 'NONE',  ( -22.09601551083914828, 19.90398448916085883, 0.000000000000000000 ) ) ;
#1980 = VECTOR ( 'NONE', #2457, 1000.000000000000000 ) ;
#1981 = DIRECTION ( 'NONE',  ( 1.000000000000000000, 0.000000000000000000, 0.000000000000000000 ) ) ;
#1982 = ORIENTED_EDGE ( 'NONE', *, *, #9883, .T. ) ;
#1983 = EDGE_CURVE ( 'NONE', #980, #4503, #2020, .T. ) ;
#1984 = FACE_OUTER_BOUND ( 'NONE', #63, .T. ) ;
#1985 = ORIENTED_EDGE ( 'NONE', *, *, #7075, .F. ) ;
#1986 = DIRECTION ( 'NONE',  ( -0.000000000000000000, -0.000000000000000000, -1.000000000000000000 ) ) ;
#1987 = CIRCLE ( 'NONE', #8361, 1.549999999999999378 ) ;
#1988 = CARTESIAN_POINT ( 'NONE',  ( 7.632783294297951215E-14, 85.50000000000001421, 0.000000000000000000 ) ) ;
#1989 = PLANE ( 'NONE',  #9831 ) ;
#1990 = CYLINDRICAL_SURFACE ( 'NONE', #7622, 1.549999999999995826 ) ;
#1991 = EDGE_CURVE ( 'NONE', #8179, #6090, #9120, .T. ) ;
#1992 = EDGE_CURVE ( 'NONE', #6949, #7141, #6086, .T. ) ;
#1993 = DIRECTION ( 'NONE',  ( -0.000000000000000000, -0.000000000000000000, 1.000000000000000000 ) ) ;
#1994 = CIRCLE ( 'NONE', #1500, 1.550000000000002709 ) ;
#1995 = ADVANCED_FACE ( 'NONE', ( #2074 ), #413, .F. ) ;
#1996 = DIRECTION ( 'NONE',  ( -0.000000000000000000, -0.000000000000000000, -1.000000000000000000 ) ) ;
#1997 = ORIENTED_EDGE ( 'NONE', *, *, #2658, .F. ) ;
#1998 = AXIS2_PLACEMENT_3D ( 'NONE', #6737, #3087, #9803 ) ;
#1999 = EDGE_CURVE ( 'NONE', #8084, #5806, #4281, .T. ) ;
#2000 = ORIENTED_EDGE ( 'NONE', *, *, #8526, .F. ) ;
#2001 = DIRECTION ( 'NONE',  ( 0.000000000000000000, 0.000000000000000000, 1.000000000000000000 ) ) ;
#2002 = EDGE_LOOP ( 'NONE', ( #6681, #4400, #7773, #1626 ) ) ;
#2003 = CARTESIAN_POINT ( 'NONE',  ( 6.000000000000060396, 89.45000000000000284, 2.000000000000000000 ) ) ;
#2004 = ORIENTED_EDGE ( 'NONE', *, *, #911, .F. ) ;
#2005 = DIRECTION ( 'NONE',  ( 0.000000000000000000, 0.000000000000000000, 1.000000000000000000 ) ) ;
#2006 = EDGE_CURVE ( 'NONE', #1096, #4371, #8635, .T. ) ;
#2007 = CARTESIAN_POINT ( 'NONE',  ( 21.00000000000000000, -21.00000000000000355, 0.000000000000000000 ) ) ;
#2008 = ORIENTED_EDGE ( 'NONE', *, *, #9776, .T. ) ;
#2009 = DIRECTION ( 'NONE',  ( 1.000000000000000000, 0.000000000000000000, 0.000000000000000000 ) ) ;
#2010 = EDGE_CURVE ( 'NONE', #8957, #6481, #5612, .T. ) ;
#2011 = ORIENTED_EDGE ( 'NONE', *, *, #1216, .T. ) ;
#2012 = LINE ( 'NONE', #9783, #4607 ) ;
#2013 = DIRECTION ( 'NONE',  ( 1.000000000000000000, 0.000000000000000000, 0.000000000000000000 ) ) ;
#2014 = CARTESIAN_POINT ( 'NONE',  ( -28.99999999999995737, 36.50000000000003553, 0.000000000000000000 ) ) ;
#2015 = ORIENTED_EDGE ( 'NONE', *, *, #5689, .F. ) ;
#2016 = CARTESIAN_POINT ( 'NONE',  ( 46.00000000000008527, -92.54999999999998295, 0.000000000000000000 ) ) ;
#2017 = DIRECTION ( 'NONE',  ( 0.000000000000000000, 0.000000000000000000, 1.000000000000000000 ) ) ;
#2018 = DIRECTION ( 'NONE',  ( 1.000000000000000000, 0.000000000000000000, 0.000000000000000000 ) ) ;
#2019 = CIRCLE ( 'NONE', #4103, 1.550000000000002709 ) ;
#2020 = LINE ( 'NONE', #8077, #8802 ) ;
#2021 = DIRECTION ( 'NONE',  ( -0.000000000000000000, -0.000000000000000000, -1.000000000000000000 ) ) ;
#2022 = ORIENTED_EDGE ( 'NONE', *, *, #7429, .T. ) ;
#2023 = VECTOR ( 'NONE', #2385, 1000.000000000000000 ) ;
#2024 = DIRECTION ( 'NONE',  ( -1.000000000000000000, 0.000000000000000000, 0.000000000000000000 ) ) ;
#2025 = AXIS2_PLACEMENT_3D ( 'NONE', #4426, #9890, #3630 ) ;
#2026 = EDGE_CURVE ( 'NONE', #9713, #142, #1939, .T. ) ;
#2027 = VERTEX_POINT ( 'NONE', #5880 ) ;
#2028 = DIRECTION ( 'NONE',  ( -0.000000000000000000, -0.000000000000000000, -1.000000000000000000 ) ) ;
#2029 = CARTESIAN_POINT ( 'NONE',  ( 32.75000000000000000, 69.00000000000000000, 0.000000000000000000 ) ) ;
#2030 = VERTEX_POINT ( 'NONE', #8026 ) ;
#2031 = AXIS2_PLACEMENT_3D ( 'NONE', #3676, #6617, #6719 ) ;
#2032 = LINE ( 'NONE', #1224, #8680 ) ;
#2033 = EDGE_LOOP ( 'NONE', ( #9685, #814, #929, #1000, #8438 ) ) ;
#2034 = DIRECTION ( 'NONE',  ( -1.000000000000000000, 0.000000000000000000, 0.000000000000000000 ) ) ;
#2035 = CIRCLE ( 'NONE', #432, 1.550000000000002709 ) ;
#2036 = DIRECTION ( 'NONE',  ( 1.000000000000000000, 0.000000000000000000, 0.000000000000000000 ) ) ;
#2037 = CARTESIAN_POINT ( 'NONE',  ( -46.00000000000001421, 92.54999999999999716, 2.000000000000000000 ) ) ;
#2038 = CYLINDRICAL_SURFACE ( 'NONE', #7768, 1.549999999999995826 ) ;
#2039 = AXIS2_PLACEMENT_3D ( 'NONE', #3113, #3169, #9271 ) ;
#2040 = VECTOR ( 'NONE', #515, 1000.000000000000000 ) ;
#2041 = CARTESIAN_POINT ( 'NONE',  ( 6.044257964301539101E-15, -11.99999999999999645, 0.000000000000000000 ) ) ;
#2042 = AXIS2_PLACEMENT_3D ( 'NONE', #1583, #4092, #5594 ) ;
#2043 = SURFACE_SIDE_STYLE ('',( #1234 ) ) ;
#2044 = EDGE_CURVE ( 'NONE', #2252, #823, #2416, .T. ) ;
#2045 = AXIS2_PLACEMENT_3D ( 'NONE', #7914, #1157, #2569 ) ;
#2046 = EDGE_CURVE ( 'NONE', #2718, #6288, #6411, .T. ) ;
#2047 = AXIS2_PLACEMENT_3D ( 'NONE', #7166, #7307, #9528 ) ;
#2048 = DIRECTION ( 'NONE',  ( 1.000000000000000000, 0.000000000000000000, 0.000000000000000000 ) ) ;
#2049 = ORIENTED_EDGE ( 'NONE', *, *, #6675, .F. ) ;
#2050 = ORIENTED_EDGE ( 'NONE', *, *, #3875, .F. ) ;
#2051 = CARTESIAN_POINT ( 'NONE',  ( 4.450000000000025935, 91.00000000000000000, 0.000000000000000000 ) ) ;
#2052 = ORIENTED_EDGE ( 'NONE', *, *, #9708, .T. ) ;
#2053 = PLANE ( 'NONE',  #161 ) ;
#2054 = ORIENTED_EDGE ( 'NONE', *, *, #3245, .F. ) ;
#2055 = CARTESIAN_POINT ( 'NONE',  ( -30.54999999999995808, 36.50000000000003553, 0.000000000000000000 ) ) ;
#2056 = EDGE_CURVE ( 'NONE', #9243, #7297, #9780, .T. ) ;
#2057 = AXIS2_PLACEMENT_3D ( 'NONE', #1657, #2614, #4022 ) ;
#2058 = CIRCLE ( 'NONE', #8431, 1.549999999999995826 ) ;
#2059 = EDGE_CURVE ( 'NONE', #9452, #5249, #7519, .T. ) ;
#2060 = DIRECTION ( 'NONE',  ( -0.000000000000000000, -0.000000000000000000, -1.000000000000000000 ) ) ;
#2061 = EDGE_LOOP ( 'NONE', ( #8852, #7186, #2947, #2083 ) ) ;
#2062 = VECTOR ( 'NONE', #2151, 1000.000000000000000 ) ;
#2063 = CARTESIAN_POINT ( 'NONE',  ( -7.499999999999996447, -27.49999999999998934, 0.000000000000000000 ) ) ;
#2064 = ORIENTED_EDGE ( 'NONE', *, *, #8132, .F. ) ;
#2065 = CYLINDRICAL_SURFACE ( 'NONE', #3652, 1.550000000000002709 ) ;
#2066 = LINE ( 'NONE', #7313, #5505 ) ;
#2067 = ORIENTED_EDGE ( 'NONE', *, *, #7484, .T. ) ;
#2068 = DIRECTION ( 'NONE',  ( 1.000000000000000000, 0.000000000000000000, 0.000000000000000000 ) ) ;
#2069 = LINE ( 'NONE', #8388, #224 ) ;
#2070 = EDGE_LOOP ( 'NONE', ( #6958, #8674, #288, #1790, #3613 ) ) ;
#2071 = CARTESIAN_POINT ( 'NONE',  ( 11.00000000000000000, -49.45000000000000284, 0.000000000000000000 ) ) ;
#2072 = DIRECTION ( 'NONE',  ( -1.000000000000000000, 0.000000000000000000, 0.000000000000000000 ) ) ;
#2073 = DIRECTION ( 'NONE',  ( 1.000000000000000000, 0.000000000000000000, 0.000000000000000000 ) ) ;
#2074 = FACE_OUTER_BOUND ( 'NONE', #549, .T. ) ;
#2075 = DIRECTION ( 'NONE',  ( 0.000000000000000000, -1.000000000000000000, 0.000000000000000000 ) ) ;
#2076 = ORIENTED_EDGE ( 'NONE', *, *, #7785, .T. ) ;
#2077 = ADVANCED_FACE ( 'NONE', ( #5736 ), #8783, .F. ) ;
#2078 = DIRECTION ( 'NONE',  ( 0.000000000000000000, 0.000000000000000000, 1.000000000000000000 ) ) ;
#2079 = ORIENTED_EDGE ( 'NONE', *, *, #3555, .T. ) ;
#2080 = DIRECTION ( 'NONE',  ( 1.000000000000000000, 0.000000000000000000, 0.000000000000000000 ) ) ;
#2081 = AXIS2_PLACEMENT_3D ( 'NONE', #2815, #7928, #1303 ) ;
#2082 = CARTESIAN_POINT ( 'NONE',  ( -8.903984489160844618, -11.09601551083913407, 2.000000000000000000 ) ) ;
#2083 = ORIENTED_EDGE ( 'NONE', *, *, #7295, .F. ) ;
#2084 = CARTESIAN_POINT ( 'NONE',  ( 11.00000000000000000, -76.00000000000002842, 2.000000000000000000 ) ) ;
#2085 = ORIENTED_EDGE ( 'NONE', *, *, #2226, .T. ) ;
#2086 = CYLINDRICAL_SURFACE ( 'NONE', #8897, 1.550000000000002709 ) ;
#2087 = CARTESIAN_POINT ( 'NONE',  ( -28.99999999999998579, -36.50000000000000711, 0.000000000000000000 ) ) ;
#2088 = CARTESIAN_POINT ( 'NONE',  ( 26.45000000000005258, -77.00000000000002842, 0.000000000000000000 ) ) ;
#2089 = AXIS2_PLACEMENT_3D ( 'NONE', #8247, #6108, #6006 ) ;
#2090 = ADVANCED_FACE ( 'NONE', ( #731 ), #643, .F. ) ;
#2091 = LINE ( 'NONE', #6095, #6652 ) ;
#2092 = DIRECTION ( 'NONE',  ( -1.000000000000000000, 0.000000000000000000, 0.000000000000000000 ) ) ;
#2093 = EDGE_LOOP ( 'NONE', ( #7624, #723 ) ) ;
#2094 = ORIENTED_EDGE ( 'NONE', *, *, #7982, .T. ) ;
#2095 = DIRECTION ( 'NONE',  ( -0.000000000000000000, -0.000000000000000000, 1.000000000000000000 ) ) ;
#2096 = VERTEX_POINT ( 'NONE', #4464 ) ;
#2097 = DIRECTION ( 'NONE',  ( 1.000000000000000000, 0.000000000000000000, 0.000000000000000000 ) ) ;
#2098 = ORIENTED_EDGE ( 'NONE', *, *, #5788, .T. ) ;
#2099 = LINE ( 'NONE', #6605, #4230 ) ;
#2100 = AXIS2_PLACEMENT_3D ( 'NONE', #425, #281, #3448 ) ;
#2101 = ADVANCED_FACE ( 'NONE', ( #782 ), #3057, .F. ) ;
#2102 = CARTESIAN_POINT ( 'NONE',  ( -47.55000000000001137, 91.00000000000000000, 2.000000000000000000 ) ) ;
#2103 = ADVANCED_FACE ( 'NONE', ( #1487 ), #3007, .F. ) ;
#2104 = ORIENTED_EDGE ( 'NONE', *, *, #7199, .F. ) ;
#2105 = ADVANCED_FACE ( 'NONE', ( #2200 ), #2343, .F. ) ;
#2106 = CARTESIAN_POINT ( 'NONE',  ( -52.00000000000002132, 47.00000000000000000, 2.000000000000000000 ) ) ;
#2107 = ORIENTED_EDGE ( 'NONE', *, *, #6809, .T. ) ;
#2108 = DIRECTION ( 'NONE',  ( 1.000000000000000000, 3.469446951953612217E-16, -0.000000000000000000 ) ) ;
#2109 = CARTESIAN_POINT ( 'NONE',  ( -28.00000000000001776, 46.99999999999998579, 0.000000000000000000 ) ) ;
#2110 = ORIENTED_EDGE ( 'NONE', *, *, #9678, .T. ) ;
#2111 = EDGE_CURVE ( 'NONE', #1143, #2264, #2292, .T. ) ;
#2112 = LINE ( 'NONE', #1122, #6401 ) ;
#2113 = ORIENTED_EDGE ( 'NONE', *, *, #9712, .F. ) ;
#2114 = DIRECTION ( 'NONE',  ( -0.000000000000000000, -0.000000000000000000, 1.000000000000000000 ) ) ;
#2115 = AXIS2_PLACEMENT_3D ( 'NONE', #9837, #9886, #4627 ) ;
#2116 = EDGE_CURVE ( 'NONE', #7297, #2808, #7498, .T. ) ;
#2117 = FACE_OUTER_BOUND ( 'NONE', #4821, .T. ) ;
#2118 = LINE ( 'NONE', #6577, #9054 ) ;
#2119 = EDGE_CURVE ( 'NONE', #7850, #8293, #1442, .T. ) ;
#2120 = DIRECTION ( 'NONE',  ( -1.000000000000000000, 0.000000000000000000, 0.000000000000000000 ) ) ;
#2121 = CARTESIAN_POINT ( 'NONE',  ( 46.00000000000008527, -89.45000000000001705, 2.000000000000000000 ) ) ;
#2122 = VERTEX_POINT ( 'NONE', #4555 ) ;
#2123 = CARTESIAN_POINT ( 'NONE',  ( -40.45000000000002416, 70.00000000000000000, 2.000000000000000000 ) ) ;
#2124 = EDGE_LOOP ( 'NONE', ( #2049, #152, #9304, #9318 ) ) ;
#2125 = DIRECTION ( 'NONE',  ( -0.000000000000000000, -0.000000000000000000, 1.000000000000000000 ) ) ;
#2126 = CARTESIAN_POINT ( 'NONE',  ( 29.00000000000000711, 9.500000000000000000, 2.000000000000000000 ) ) ;
#2127 = EDGE_LOOP ( 'NONE', ( #9785, #60 ) ) ;
#2128 = DIRECTION ( 'NONE',  ( -1.000000000000000000, 0.000000000000000000, 0.000000000000000000 ) ) ;
#2129 = ORIENTED_EDGE ( 'NONE', *, *, #9094, .T. ) ;
#2130 = CARTESIAN_POINT ( 'NONE',  ( -27.44999999999999218, -85.50000000000000000, 0.000000000000000000 ) ) ;
#2131 = CARTESIAN_POINT ( 'NONE',  ( 18.49999999999996092, -45.99999999999998579, 0.000000000000000000 ) ) ;
#2132 = AXIS2_PLACEMENT_3D ( 'NONE', #5328, #7479, #621 ) ;
#2133 = LINE ( 'NONE', #626, #6176 ) ;
#2134 = DIRECTION ( 'NONE',  ( 1.000000000000000000, 0.000000000000000000, 0.000000000000000000 ) ) ;
#2135 = FACE_OUTER_BOUND ( 'NONE', #4470, .T. ) ;
#2136 = VECTOR ( 'NONE', #8566, 1000.000000000000000 ) ;
#2137 = DIRECTION ( 'NONE',  ( -1.000000000000000000, 0.000000000000000000, 0.000000000000000000 ) ) ;
#2138 = VERTEX_POINT ( 'NONE', #8300 ) ;
#2139 = CIRCLE ( 'NONE', #7728, 1.550000000000002709 ) ;
#2140 = ORIENTED_EDGE ( 'NONE', *, *, #8176, .T. ) ;
#2141 = CARTESIAN_POINT ( 'NONE',  ( -52.00000000000002132, 77.00000000000001421, 2.000000000000000000 ) ) ;
#2142 = VERTEX_POINT ( 'NONE', #1393 ) ;
#2143 = CARTESIAN_POINT ( 'NONE',  ( -14.99999999999999645, 77.00000000000000000, 0.000000000000000000 ) ) ;
#2144 = ORIENTED_EDGE ( 'NONE', *, *, #8433, .F. ) ;
#2145 = CIRCLE ( 'NONE', #7729, 1.550000000000002709 ) ;
#2146 = DIRECTION ( 'NONE',  ( -0.000000000000000000, -0.000000000000000000, 1.000000000000000000 ) ) ;
#2147 = VECTOR ( 'NONE', #5397, 1000.000000000000000 ) ;
#2148 = LINE ( 'NONE', #1534, #3694 ) ;
#2149 = EDGE_LOOP ( 'NONE', ( #6511, #1651, #3792, #4534 ) ) ;
#2150 = CIRCLE ( 'NONE', #3278, 1.549999999999999378 ) ;
#2151 = DIRECTION ( 'NONE',  ( -0.000000000000000000, -0.000000000000000000, -1.000000000000000000 ) ) ;
#2152 = EDGE_LOOP ( 'NONE', ( #8033, #468 ) ) ;
#2153 = CARTESIAN_POINT ( 'NONE',  ( -54.45000000000000995, -91.00000000000000000, 2.000000000000000000 ) ) ;
#2154 = DIRECTION ( 'NONE',  ( -1.000000000000000000, 0.000000000000000000, 0.000000000000000000 ) ) ;
#2155 = EDGE_LOOP ( 'NONE', ( #6559, #4546, #1803, #211 ) ) ;
#2156 = DIRECTION ( 'NONE',  ( -3.652049423109067827E-16, 1.000000000000000000, -0.000000000000000000 ) ) ;
#2157 = EDGE_LOOP ( 'NONE', ( #4349, #7665, #217, #486 ) ) ;
#2158 = DIRECTION ( 'NONE',  ( -0.000000000000000000, -0.000000000000000000, 1.000000000000000000 ) ) ;
#2159 = VECTOR ( 'NONE', #3587, 1000.000000000000000 ) ;
#2160 = DIRECTION ( 'NONE',  ( 0.000000000000000000, 0.000000000000000000, 1.000000000000000000 ) ) ;
#2161 = CARTESIAN_POINT ( 'NONE',  ( -9.000000000000003553, 28.50000000000000355, 0.000000000000000000 ) ) ;
#2162 = CARTESIAN_POINT ( 'NONE',  ( -11.00000000000000000, -77.54999999999999716, 0.000000000000000000 ) ) ;
#2163 = VERTEX_POINT ( 'NONE', #9777 ) ;
#2164 = CARTESIAN_POINT ( 'NONE',  ( 57.55000000000008953, 1.390586440431820952E-14, 0.000000000000000000 ) ) ;
#2165 = VERTEX_POINT ( 'NONE', #29 ) ;
#2166 = LINE ( 'NONE', #5224, #2991 ) ;
#2167 = EDGE_CURVE ( 'NONE', #2709, #5508, #326, .T. ) ;
#2168 = EDGE_CURVE ( 'NONE', #1688, #1418, #5260, .T. ) ;
#2169 = EDGE_CURVE ( 'NONE', #2249, #3973, #3709, .T. ) ;
#2170 = ORIENTED_EDGE ( 'NONE', *, *, #7851, .T. ) ;
#2171 = EDGE_CURVE ( 'NONE', #6030, #6268, #6797, .T. ) ;
#2172 = CIRCLE ( 'NONE', #412, 1.549999999999982059 ) ;
#2173 = CARTESIAN_POINT ( 'NONE',  ( -29.00000000000000000, -24.50000000000000000, 2.000000000000000000 ) ) ;
#2174 = LINE ( 'NONE', #5986, #5722 ) ;
#2175 = EDGE_LOOP ( 'NONE', ( #1469, #9223, #6114, #1038 ) ) ;
#2176 = CIRCLE ( 'NONE', #7136, 1.550000000000002709 ) ;
#2177 = LINE ( 'NONE', #6131, #5498 ) ;
#2178 = ORIENTED_EDGE ( 'NONE', *, *, #4681, .F. ) ;
#2179 = DIRECTION ( 'NONE',  ( 0.000000000000000000, 0.000000000000000000, 1.000000000000000000 ) ) ;
#2180 = AXIS2_PLACEMENT_3D ( 'NONE', #2896, #9559, #5945 ) ;
#2181 = CARTESIAN_POINT ( 'NONE',  ( 56.00000000000005684, 70.00000000000000000, 0.000000000000000000 ) ) ;
#2182 = EDGE_CURVE ( 'NONE', #6216, #9565, #9446, .T. ) ;
#2183 = CYLINDRICAL_SURFACE ( 'NONE', #9704, 1.550000000000002709 ) ;
#2184 = AXIS2_PLACEMENT_3D ( 'NONE', #8983, #7613, #8318 ) ;
#2185 = DIRECTION ( 'NONE',  ( 0.6401843996644802637, 0.7682212795973756281, 0.000000000000000000 ) ) ;
#2186 = DIRECTION ( 'NONE',  ( 1.000000000000000000, 0.000000000000000000, 0.000000000000000000 ) ) ;
#2187 = ORIENTED_EDGE ( 'NONE', *, *, #4510, .T. ) ;
#2188 = VERTEX_POINT ( 'NONE', #8392 ) ;
#2189 = CARTESIAN_POINT ( 'NONE',  ( 1.550000000000002265, 41.99999999999999289, 0.000000000000000000 ) ) ;
#2190 = ORIENTED_EDGE ( 'NONE', *, *, #8780, .F. ) ;
#2191 = FACE_OUTER_BOUND ( 'NONE', #5227, .T. ) ;
#2192 = ORIENTED_EDGE ( 'NONE', *, *, #862, .T. ) ;
#2193 = CARTESIAN_POINT ( 'NONE',  ( -28.99999999999995737, 36.50000000000003553, 2.000000000000000000 ) ) ;
#2194 = EDGE_CURVE ( 'NONE', #603, #4664, #2148, .T. ) ;
#2195 = AXIS2_PLACEMENT_3D ( 'NONE', #3728, #4431, #7426 ) ;
#2196 = AXIS2_PLACEMENT_3D ( 'NONE', #76, #4004, #3360 ) ;
#2197 = VECTOR ( 'NONE', #6699, 1000.000000000000000 ) ;
#2198 = VECTOR ( 'NONE', #6778, 1000.000000000000000 ) ;
#2199 = AXIS2_PLACEMENT_3D ( 'NONE', #3697, #3739, #5245 ) ;
#2200 = FACE_OUTER_BOUND ( 'NONE', #7827, .T. ) ;
#2201 = ORIENTED_EDGE ( 'NONE', *, *, #629, .F. ) ;
#2202 = AXIS2_PLACEMENT_3D ( 'NONE', #8667, #247, #1659 ) ;
#2203 = CARTESIAN_POINT ( 'NONE',  ( 8.000000000000000000, 18.00000000000000000, 0.000000000000000000 ) ) ;
#2204 = VERTEX_POINT ( 'NONE', #7644 ) ;
#2205 = FACE_BOUND ( 'NONE', #3665, .T. ) ;
#2206 = DIRECTION ( 'NONE',  ( -0.000000000000000000, -0.000000000000000000, -1.000000000000000000 ) ) ;
#2207 = ORIENTED_EDGE ( 'NONE', *, *, #329, .T. ) ;
#2208 = AXIS2_PLACEMENT_3D ( 'NONE', #246, #3321, #6369 ) ;
#2209 = CYLINDRICAL_SURFACE ( 'NONE', #5280, 1.550000000000016698 ) ;
#2210 = AXIS2_PLACEMENT_3D ( 'NONE', #8817, #8011, #8158 ) ;
#2211 = ORIENTED_EDGE ( 'NONE', *, *, #9648, .F. ) ;
#2212 = CARTESIAN_POINT ( 'NONE',  ( 21.00000000000000000, 21.00000000000000355, 0.000000000000000000 ) ) ;
#2213 = AXIS2_PLACEMENT_3D ( 'NONE', #2106, #8163, #5863 ) ;
#2214 = CIRCLE ( 'NONE', #7811, 1.550000000000000933 ) ;
#2215 = CIRCLE ( 'NONE', #3983, 6.000000000000012434 ) ;
#2216 = LINE ( 'NONE', #505, #5884 ) ;
#2217 = DIRECTION ( 'NONE',  ( -0.000000000000000000, -0.000000000000000000, 1.000000000000000000 ) ) ;
#2218 = VERTEX_POINT ( 'NONE', #3103 ) ;
#2219 = ORIENTED_EDGE ( 'NONE', *, *, #829, .T. ) ;
#2220 = DIRECTION ( 'NONE',  ( 0.000000000000000000, 0.000000000000000000, 1.000000000000000000 ) ) ;
#2221 = ORIENTED_EDGE ( 'NONE', *, *, #3716, .F. ) ;
#2222 = DIRECTION ( 'NONE',  ( 1.000000000000000000, 0.000000000000000000, 0.000000000000000000 ) ) ;
#2223 = EDGE_CURVE ( 'NONE', #1860, #6914, #5456, .T. ) ;
#2224 = ORIENTED_EDGE ( 'NONE', *, *, #7131, .T. ) ;
#2225 = DIRECTION ( 'NONE',  ( 1.000000000000000000, 0.000000000000000000, 0.000000000000000000 ) ) ;
#2226 = EDGE_CURVE ( 'NONE', #471, #1918, #4496, .T. ) ;
#2227 = EDGE_CURVE ( 'NONE', #6023, #3049, #162, .T. ) ;
#2228 = DIRECTION ( 'NONE',  ( -0.000000000000000000, -0.000000000000000000, 1.000000000000000000 ) ) ;
#2229 = ORIENTED_EDGE ( 'NONE', *, *, #7418, .T. ) ;
#2230 = CARTESIAN_POINT ( 'NONE',  ( 40.45000000000007390, -46.00000000000000711, 2.000000000000000000 ) ) ;
#2231 = ORIENTED_EDGE ( 'NONE', *, *, #3631, .F. ) ;
#2232 = DIRECTION ( 'NONE',  ( 1.525031627232357891E-16, -1.000000000000000000, 0.000000000000000000 ) ) ;
#2233 = CARTESIAN_POINT ( 'NONE',  ( -1.549999999999995159, -11.99999999999999645, 0.000000000000000000 ) ) ;
#2234 = EDGE_CURVE ( 'NONE', #8505, #4720, #9230, .T. ) ;
#2235 = DIRECTION ( 'NONE',  ( 1.000000000000000000, 0.000000000000000000, 0.000000000000000000 ) ) ;
#2236 = DIRECTION ( 'NONE',  ( -1.000000000000000000, 0.000000000000000000, 0.000000000000000000 ) ) ;
#2237 = EDGE_CURVE ( 'NONE', #5744, #1974, #7848, .T. ) ;
#2238 = FACE_OUTER_BOUND ( 'NONE', #3924, .T. ) ;
#2239 = ORIENTED_EDGE ( 'NONE', *, *, #9706, .F. ) ;
#2240 = EDGE_LOOP ( 'NONE', ( #6436, #1750 ) ) ;
#2241 = LINE ( 'NONE', #8295, #8283 ) ;
#2242 = EDGE_LOOP ( 'NONE', ( #4110, #9795 ) ) ;
#2243 = CARTESIAN_POINT ( 'NONE',  ( 6.044257964301539101E-15, -11.99999999999999645, 0.000000000000000000 ) ) ;
#2244 = DIRECTION ( 'NONE',  ( 0.000000000000000000, -1.000000000000000000, 0.000000000000000000 ) ) ;
#2245 = DIRECTION ( 'NONE',  ( 0.000000000000000000, 0.000000000000000000, 1.000000000000000000 ) ) ;
#2246 = AXIS2_PLACEMENT_3D ( 'NONE', #8297, #6746, #2097 ) ;
#2247 = AXIS2_PLACEMENT_3D ( 'NONE', #7409, #9683, #6717 ) ;
#2248 = CARTESIAN_POINT ( 'NONE',  ( 48.99999999999998579, 7.500000000000000888, 2.000000000000000000 ) ) ;
#2249 = VERTEX_POINT ( 'NONE', #8500 ) ;
#2250 = CIRCLE ( 'NONE', #4817, 1.550000000000002709 ) ;
#2251 = DIRECTION ( 'NONE',  ( 1.000000000000000000, 0.000000000000000000, 0.000000000000000000 ) ) ;
#2252 = VERTEX_POINT ( 'NONE', #233 ) ;
#2253 = DIRECTION ( 'NONE',  ( 0.000000000000000000, 0.000000000000000000, 1.000000000000000000 ) ) ;
#2254 = CARTESIAN_POINT ( 'NONE',  ( 27.45000000000000639, -24.50000000000000000, 0.000000000000000000 ) ) ;
#2255 = CIRCLE ( 'NONE', #5620, 1.550000000000002709 ) ;
#2256 = ORIENTED_EDGE ( 'NONE', *, *, #7421, .T. ) ;
#2257 = DIRECTION ( 'NONE',  ( -0.000000000000000000, -0.000000000000000000, 1.000000000000000000 ) ) ;
#2258 = VERTEX_POINT ( 'NONE', #1034 ) ;
#2259 = LINE ( 'NONE', #3577, #9394 ) ;
#2260 = EDGE_CURVE ( 'NONE', #4512, #5803, #8548, .T. ) ;
#2261 = DIRECTION ( 'NONE',  ( 1.000000000000000000, 0.000000000000000000, 0.000000000000000000 ) ) ;
#2262 = CARTESIAN_POINT ( 'NONE',  ( 0.000000000000000000, 0.000000000000000000, 0.000000000000000000 ) ) ;
#2263 = CARTESIAN_POINT ( 'NONE',  ( -9.999999999999989342, 9.999999999999994671, 0.000000000000000000 ) ) ;
#2264 = VERTEX_POINT ( 'NONE', #4656 ) ;
#2265 = FACE_OUTER_BOUND ( 'NONE', #8469, .T. ) ;
#2266 = VERTEX_POINT ( 'NONE', #3899 ) ;
#2267 = CARTESIAN_POINT ( 'NONE',  ( 30.55000000000000782, 9.500000000000000000, 0.000000000000000000 ) ) ;
#2268 = ORIENTED_EDGE ( 'NONE', *, *, #9203, .T. ) ;
#2269 = FACE_BOUND ( 'NONE', #3372, .T. ) ;
#2270 = CARTESIAN_POINT ( 'NONE',  ( -9.999999999999989342, -9.999999999999973355, 0.000000000000000000 ) ) ;
#2271 = VERTEX_POINT ( 'NONE', #9358 ) ;
#2272 = LINE ( 'NONE', #6828, #7558 ) ;
#2273 = EDGE_LOOP ( 'NONE', ( #5309, #7449, #2615, #4256 ) ) ;
#2274 = DIRECTION ( 'NONE',  ( 0.000000000000000000, 0.000000000000000000, 1.000000000000000000 ) ) ;
#2275 = DIRECTION ( 'NONE',  ( 0.7071067811865474617, -0.7071067811865474617, -0.000000000000000000 ) ) ;
#2276 = EDGE_CURVE ( 'NONE', #2979, #3320, #878, .T. ) ;
#2277 = ADVANCED_FACE ( 'NONE', ( #6945 ), #2401, .F. ) ;
#2278 = DIRECTION ( 'NONE',  ( -0.000000000000000000, -0.000000000000000000, -1.000000000000000000 ) ) ;
#2279 = EDGE_CURVE ( 'NONE', #8325, #7033, #79, .T. ) ;
#2280 = DIRECTION ( 'NONE',  ( -0.000000000000000000, -0.000000000000000000, -1.000000000000000000 ) ) ;
#2281 = CARTESIAN_POINT ( 'NONE',  ( 28.00000000000006040, -46.99999999999999289, 0.000000000000000000 ) ) ;
#2282 = EDGE_LOOP ( 'NONE', ( #8755, #6210, #7079, #9793 ) ) ;
#2283 = ORIENTED_EDGE ( 'NONE', *, *, #8328, .F. ) ;
#2284 = DIRECTION ( 'NONE',  ( 0.000000000000000000, 0.000000000000000000, 1.000000000000000000 ) ) ;
#2285 = ORIENTED_EDGE ( 'NONE', *, *, #5257, .T. ) ;
#2286 = DIRECTION ( 'NONE',  ( -0.000000000000000000, -0.000000000000000000, -1.000000000000000000 ) ) ;
#2287 = AXIS2_PLACEMENT_3D ( 'NONE', #7383, #3595, #6637 ) ;
#2288 = LINE ( 'NONE', #2999, #4552 ) ;
#2289 = DIRECTION ( 'NONE',  ( -0.7071067811865464625, 0.7071067811865486830, 0.000000000000000000 ) ) ;
#2290 = EDGE_CURVE ( 'NONE', #6949, #313, #2498, .T. ) ;
#2291 = EDGE_CURVE ( 'NONE', #6081, #6906, #5649, .T. ) ;
#2292 = LINE ( 'NONE', #6710, #8811 ) ;
#2293 = AXIS2_PLACEMENT_3D ( 'NONE', #3485, #508, #2628 ) ;
#2294 = EDGE_LOOP ( 'NONE', ( #7339, #6452, #1634, #1314 ) ) ;
#2295 = AXIS2_PLACEMENT_3D ( 'NONE', #6160, #3854, #6903 ) ;
#2296 = EDGE_CURVE ( 'NONE', #8334, #1944, #562, .T. ) ;
#2297 = DIRECTION ( 'NONE',  ( 1.000000000000000000, 0.000000000000000000, 0.000000000000000000 ) ) ;
#2298 = CIRCLE ( 'NONE', #5180, 1.549999999999999378 ) ;
#2299 = EDGE_CURVE ( 'NONE', #4371, #536, #6305, .T. ) ;
#2300 = VERTEX_POINT ( 'NONE', #133 ) ;
#2301 = FACE_BOUND ( 'NONE', #7496, .T. ) ;
#2302 = CYLINDRICAL_SURFACE ( 'NONE', #7367, 1.549999999999988942 ) ;
#2303 = EDGE_LOOP ( 'NONE', ( #3616, #21, #3400, #4640 ) ) ;
#2304 = CARTESIAN_POINT ( 'NONE',  ( -11.44999999999999751, 62.00000000000000000, 0.000000000000000000 ) ) ;
#2305 = ORIENTED_EDGE ( 'NONE', *, *, #3153, .F. ) ;
#2306 = VECTOR ( 'NONE', #4924, 1000.000000000000000 ) ;
#2307 = LINE ( 'NONE', #3507, #4605 ) ;
#2308 = CIRCLE ( 'NONE', #7899, 1.549999999999999378 ) ;
#2309 = EDGE_CURVE ( 'NONE', #9466, #5252, #1748, .T. ) ;
#2310 = LINE ( 'NONE', #892, #9885 ) ;
#2311 = AXIS2_PLACEMENT_3D ( 'NONE', #2447, #7091, #8544 ) ;
#2312 = DIRECTION ( 'NONE',  ( 1.000000000000000000, 0.000000000000000000, 0.000000000000000000 ) ) ;
#2313 = DIRECTION ( 'NONE',  ( 0.000000000000000000, 0.000000000000000000, 1.000000000000000000 ) ) ;
#2314 = ORIENTED_EDGE ( 'NONE', *, *, #9919, .F. ) ;
#2315 = EDGE_LOOP ( 'NONE', ( #7839, #2085 ) ) ;
#2316 = VECTOR ( 'NONE', #9443, 1000.000000000000000 ) ;
#2317 = CARTESIAN_POINT ( 'NONE',  ( 11.44999999999999751, 62.00000000000000000, 2.000000000000000000 ) ) ;
#2318 = VERTEX_POINT ( 'NONE', #9459 ) ;
#2319 = DIRECTION ( 'NONE',  ( 0.000000000000000000, 0.000000000000000000, 1.000000000000000000 ) ) ;
#2320 = EDGE_LOOP ( 'NONE', ( #4193, #221, #5032, #3177 ) ) ;
#2321 = FACE_BOUND ( 'NONE', #9700, .T. ) ;
#2322 = DIRECTION ( 'NONE',  ( -0.000000000000000000, -0.000000000000000000, 1.000000000000000000 ) ) ;
#2323 = EDGE_LOOP ( 'NONE', ( #6602, #8186, #9346, #438, #8831 ) ) ;
#2324 = DIRECTION ( 'NONE',  ( -0.000000000000000000, -0.000000000000000000, 1.000000000000000000 ) ) ;
#2325 = EDGE_LOOP ( 'NONE', ( #5748, #3118, #1023, #8885 ) ) ;
#2326 = CARTESIAN_POINT ( 'NONE',  ( -9.000000000000005329, 24.49999999999999289, 0.000000000000000000 ) ) ;
#2327 = DIRECTION ( 'NONE',  ( 0.000000000000000000, 0.000000000000000000, 1.000000000000000000 ) ) ;
#2328 = ADVANCED_FACE ( 'NONE', ( #5502 ), #3207, .F. ) ;
#2329 = CARTESIAN_POINT ( 'NONE',  ( 40.45000000000007390, -38.20000000000000284, 2.000000000000000000 ) ) ;
#2330 = LINE ( 'NONE', #6047, #106 ) ;
#2331 = DIRECTION ( 'NONE',  ( 1.000000000000000000, 0.000000000000000000, 0.000000000000000000 ) ) ;
#2332 = EDGE_LOOP ( 'NONE', ( #1305, #4361 ) ) ;
#2333 = CIRCLE ( 'NONE', #722, 1.550000000000002709 ) ;
#2334 = VERTEX_POINT ( 'NONE', #7693 ) ;
#2335 = CARTESIAN_POINT ( 'NONE',  ( 56.00000000000008527, 1.371604415045036973E-14, 2.000000000000000000 ) ) ;
#2336 = ORIENTED_EDGE ( 'NONE', *, *, #1237, .F. ) ;
#2337 = DIRECTION ( 'NONE',  ( -0.7808688094430301652, -0.6246950475544245096, 0.000000000000000000 ) ) ;
#2338 = CARTESIAN_POINT ( 'NONE',  ( 1.387778780781445676E-14, -91.00000000000000000, 0.000000000000000000 ) ) ;
#2339 = PLANE ( 'NONE',  #7419 ) ;
#2340 = EDGE_CURVE ( 'NONE', #7441, #5932, #2450, .T. ) ;
#2341 = AXIS2_PLACEMENT_3D ( 'NONE', #9693, #8832, #2024 ) ;
#2342 = EDGE_CURVE ( 'NONE', #5249, #9452, #102, .T. ) ;
#2343 = CYLINDRICAL_SURFACE ( 'NONE', #2089, 1.550000000000002709 ) ;
#2344 = EDGE_LOOP ( 'NONE', ( #2050, #454, #9480, #6248 ) ) ;
#2345 = LINE ( 'NONE', #9111, #1567 ) ;
#2346 = EDGE_LOOP ( 'NONE', ( #1796, #94, #806, #6960 ) ) ;
#2347 = CARTESIAN_POINT ( 'NONE',  ( -42.00000000000002842, 70.00000000000000000, 0.000000000000000000 ) ) ;
#2348 = EDGE_CURVE ( 'NONE', #3340, #8296, #8647, .T. ) ;
#2349 = CYLINDRICAL_SURFACE ( 'NONE', #7092, 1.550000000000002709 ) ;
#2350 = EDGE_LOOP ( 'NONE', ( #9270, #9195, #6299, #6826 ) ) ;
#2351 = AXIS2_PLACEMENT_3D ( 'NONE', #8670, #7918, #1059 ) ;
#2352 = AXIS2_PLACEMENT_3D ( 'NONE', #4292, #9495, #3544 ) ;
#2353 = LINE ( 'NONE', #1498, #479 ) ;
#2354 = ORIENTED_EDGE ( 'NONE', *, *, #5729, .F. ) ;
#2355 = AXIS2_PLACEMENT_3D ( 'NONE', #2554, #9261, #5604 ) ;
#2356 = AXIS2_PLACEMENT_3D ( 'NONE', #8589, #2392, #3294 ) ;
#2357 = DIRECTION ( 'NONE',  ( -0.000000000000000000, -0.000000000000000000, 1.000000000000000000 ) ) ;
#2358 = EDGE_CURVE ( 'NONE', #1908, #2986, #4754, .T. ) ;
#2359 = CIRCLE ( 'NONE', #5569, 1.550000000000002709 ) ;
#2360 = AXIS2_PLACEMENT_3D ( 'NONE', #6018, #9880, #3579 ) ;
#2361 = DIRECTION ( 'NONE',  ( -0.000000000000000000, -0.000000000000000000, -1.000000000000000000 ) ) ;
#2362 = AXIS2_PLACEMENT_3D ( 'NONE', #1049, #2418, #194 ) ;
#2363 = CARTESIAN_POINT ( 'NONE',  ( -5.999999999999985789, -92.54999999999999716, 2.000000000000000000 ) ) ;
#2364 = AXIS2_PLACEMENT_3D ( 'NONE', #5207, #4271, #8920 ) ;
#2365 = ORIENTED_EDGE ( 'NONE', *, *, #9493, .F. ) ;
#2366 = CIRCLE ( 'NONE', #9246, 1.550000000000009592 ) ;
#2367 = DIRECTION ( 'NONE',  ( 1.000000000000000000, 0.000000000000000000, 0.000000000000000000 ) ) ;
#2368 = ORIENTED_EDGE ( 'NONE', *, *, #2546, .F. ) ;
#2369 = ORIENTED_EDGE ( 'NONE', *, *, #7732, .F. ) ;
#2370 = DIRECTION ( 'NONE',  ( 1.000000000000000000, 0.000000000000000000, 0.000000000000000000 ) ) ;
#2371 = VERTEX_POINT ( 'NONE', #2597 ) ;
#2372 = CARTESIAN_POINT ( 'NONE',  ( 56.00000000000008527, -90.99999999999998579, 2.000000000000000000 ) ) ;
#2373 = CIRCLE ( 'NONE', #4304, 1.549999999999982059 ) ;
#2374 = AXIS2_PLACEMENT_3D ( 'NONE', #4151, #9303, #2395 ) ;
#2375 = EDGE_LOOP ( 'NONE', ( #4275, #6910 ) ) ;
#2376 = FACE_BOUND ( 'NONE', #4502, .T. ) ;
#2377 = AXIS2_PLACEMENT_3D ( 'NONE', #9710, #5904, #2092 ) ;
#2378 = EDGE_CURVE ( 'NONE', #5117, #1467, #5457, .T. ) ;
#2379 = CARTESIAN_POINT ( 'NONE',  ( -39.00000000000001421, 7.500000000000000000, 0.000000000000000000 ) ) ;
#2380 = EDGE_LOOP ( 'NONE', ( #1423, #1028, #2192, #2354 ) ) ;
#2381 = AXIS2_PLACEMENT_3D ( 'NONE', #340, #4005, #287 ) ;
#2382 = CIRCLE ( 'NONE', #3669, 1.549999999999995604 ) ;
#2383 = DIRECTION ( 'NONE',  ( 0.000000000000000000, 0.000000000000000000, 1.000000000000000000 ) ) ;
#2384 = ORIENTED_EDGE ( 'NONE', *, *, #1044, .F. ) ;
#2385 = DIRECTION ( 'NONE',  ( -0.000000000000000000, -0.000000000000000000, 1.000000000000000000 ) ) ;
#2386 = ORIENTED_EDGE ( 'NONE', *, *, #6810, .T. ) ;
#2387 = CARTESIAN_POINT ( 'NONE',  ( 27.45000000000001705, 9.500000000000000000, 2.000000000000000000 ) ) ;
#2388 = EDGE_LOOP ( 'NONE', ( #8669, #3143 ) ) ;
#2389 = CARTESIAN_POINT ( 'NONE',  ( -13.44999999999999929, 77.00000000000000000, 2.000000000000000000 ) ) ;
#2390 = ADVANCED_FACE ( 'NONE', ( #2646 ), #7344, .F. ) ;
#2391 = CARTESIAN_POINT ( 'NONE',  ( 54.45000000000003837, -54.00000000000003553, 0.000000000000000000 ) ) ;
#2392 = DIRECTION ( 'NONE',  ( -0.000000000000000000, -0.000000000000000000, 1.000000000000000000 ) ) ;
#2393 = ORIENTED_EDGE ( 'NONE', *, *, #7380, .F. ) ;
#2394 = VERTEX_POINT ( 'NONE', #5848 ) ;
#2395 = DIRECTION ( 'NONE',  ( -1.000000000000000000, 0.000000000000000000, 0.000000000000000000 ) ) ;
#2396 = ORIENTED_EDGE ( 'NONE', *, *, #8641, .T. ) ;
#2397 = CARTESIAN_POINT ( 'NONE',  ( 13.00000000000000711, 28.50000000000002132, 2.000000000000000000 ) ) ;
#2398 = CARTESIAN_POINT ( 'NONE',  ( 57.55000000000008953, 1.390586440431820952E-14, 2.000000000000000000 ) ) ;
#2399 = DIRECTION ( 'NONE',  ( 0.7071067811865479058, -0.7071067811865472397, 0.000000000000000000 ) ) ;
#2400 = EDGE_CURVE ( 'NONE', #2138, #1369, #6643, .T. ) ;
#2401 = CYLINDRICAL_SURFACE ( 'NONE', #4895, 1.549999999999999378 ) ;
#2402 = ORIENTED_EDGE ( 'NONE', *, *, #3357, .T. ) ;
#2403 = DIRECTION ( 'NONE',  ( -1.000000000000000000, 0.000000000000000000, 0.000000000000000000 ) ) ;
#2404 = ORIENTED_EDGE ( 'NONE', *, *, #6222, .F. ) ;
#2405 = VECTOR ( 'NONE', #2950, 1000.000000000000000 ) ;
#2406 = DIRECTION ( 'NONE',  ( -1.000000000000000000, 0.000000000000000000, 0.000000000000000000 ) ) ;
#2407 = CIRCLE ( 'NONE', #1283, 1.550000000000002709 ) ;
#2408 = CARTESIAN_POINT ( 'NONE',  ( 27.45000000000000639, 24.50000000000000000, 2.000000000000000000 ) ) ;
#2409 = ORIENTED_EDGE ( 'NONE', *, *, #2227, .F. ) ;
#2410 = CYLINDRICAL_SURFACE ( 'NONE', #7202, 1.550000000000002709 ) ;
#2411 = ORIENTED_EDGE ( 'NONE', *, *, #5132, .T. ) ;
#2412 = CARTESIAN_POINT ( 'NONE',  ( 4.450000000000025935, 91.00000000000000000, 2.000000000000000000 ) ) ;
#2413 = EDGE_CURVE ( 'NONE', #1944, #8334, #1362, .T. ) ;
#2414 = VECTOR ( 'NONE', #4259, 1000.000000000000000 ) ;
#2415 = EDGE_CURVE ( 'NONE', #7490, #4913, #2838, .T. ) ;
#2416 = CIRCLE ( 'NONE', #8162, 1.550000000000002709 ) ;
#2417 = CARTESIAN_POINT ( 'NONE',  ( 15.00000000000000355, 77.00000000000000000, 2.000000000000000000 ) ) ;
#2418 = DIRECTION ( 'NONE',  ( 0.000000000000000000, 0.000000000000000000, 1.000000000000000000 ) ) ;
#2419 = EDGE_CURVE ( 'NONE', #7713, #3138, #1881, .T. ) ;
#2420 = ORIENTED_EDGE ( 'NONE', *, *, #3186, .F. ) ;
#2421 = CARTESIAN_POINT ( 'NONE',  ( 46.00000000000008527, -89.45000000000001705, 2.000000000000000000 ) ) ;
#2422 = EDGE_LOOP ( 'NONE', ( #6700, #1298 ) ) ;
#2423 = VERTEX_POINT ( 'NONE', #3602 ) ;
#2424 = CARTESIAN_POINT ( 'NONE',  ( -31.19999999999999929, 69.00000000000000000, 2.000000000000000000 ) ) ;
#2425 = VERTEX_POINT ( 'NONE', #5002 ) ;
#2426 = DIRECTION ( 'NONE',  ( 0.000000000000000000, 0.000000000000000000, 1.000000000000000000 ) ) ;
#2427 = EDGE_CURVE ( 'NONE', #1860, #874, #8804, .T. ) ;
#2428 = EDGE_CURVE ( 'NONE', #1447, #9104, #6668, .T. ) ;
#2429 = VERTEX_POINT ( 'NONE', #6597 ) ;
#2430 = FACE_BOUND ( 'NONE', #2558, .T. ) ;
#2431 = ORIENTED_EDGE ( 'NONE', *, *, #9420, .F. ) ;
#2432 = DIRECTION ( 'NONE',  ( -1.000000000000000000, -3.469446951953612217E-16, 0.000000000000000000 ) ) ;
#2433 = ORIENTED_EDGE ( 'NONE', *, *, #321, .F. ) ;
#2434 = CARTESIAN_POINT ( 'NONE',  ( 27.45000000000004547, 36.50000000000000000, 0.000000000000000000 ) ) ;
#2435 = ORIENTED_EDGE ( 'NONE', *, *, #1738, .F. ) ;
#2436 = CARTESIAN_POINT ( 'NONE',  ( 8.999999999999992895, 28.50000000000002132, 0.000000000000000000 ) ) ;
#2437 = CLOSED_SHELL ( 'NONE', ( #3373, #8975, #2277, #5859, #7245, #6507, #9897, #1535, #1811, #3872, #2390, #9817, #1671, #3056, #7424, #4614, #6101, #5837, #3829, #6665, #8422, #4621, #9273, #9108, #535, #7238, #5295, #4553, #1855, #1654, #8223, #7260, #5000, #6630, #6281, #8066, #6587, #2479, #5222, #5541, #8403, #4580, #9643, #6080, #803, #8095, #4509, #5421, #8880, #6655, #9449, #6280, #4322, #1248, #8803, #525, #8900, #2576, #7919, #7607, #7925, #3770, #1746, #7025, #7248, #7551, #7920, #5596, #1976, #2105, #3848, #9932, #1620, #5423, #3348, #3129, #1360, #5164, #8858, #1429, #1786, #8, #6085, #8104, #8235, #6698, #512, #2506, #3089, #5, #6390, #743, #1538, #4198, #3061, #6754, #5511, #1751, #6865, #7869, #1132, #8759, #9719, #961, #3088, #7923, #5852, #5528, #5783, #1761, #3148, #8105, #1562, #1995, #8732, #9181, #6157, #4828, #8274, #9202, #5663, #1310, #7861, #6513, #4262, #6373, #2090, #4427, #195, #8490, #3615, #3945, #4865, #8790, #7847, #9053, #627, #3860, #5967, #1368, #1312, #8599, #2103, #8391, #6815, #2593, #3981, #998, #3535, #2777, #6273, #461, #3041, #1433, #9891, #2969, #5914, #1050, #6878, #3731, #7364, #6583, #6294, #4499, #3861, #3397, #9616, #2735, #1129, #7130, #4513, #4734, #6966, #3585, #5305, #2736, #8688, #4397, #3821, #5234, #9728, #5170, #1481, #3531, #5040, #7705, #3032, #9534, #5481, #2077, #1257, #8273, #864, #833, #5785, #2328, #5833, #5079, #9645, #4574, #6083, #4143, #5673, #5204, #514, #7592, #223, #5060, #8278, #3086, #6028, #3043, #4003, #9365, #6769, #3774, #8896, #146, #7692, #5639, #4320, #9274, #1932, #7402, #9765, #2885, #4926, #6285, #8465, #655, #2962, #6151, #74, #3578, #4305, #4620, #3884, #7542, #2823, #1071, #9594, #7330, #867, #2726, #5974, #8346, #2702, #1501, #3398, #9147, #7975, #7621, #948, #6205, #1935, #3532, #815, #5886, #4222, #9329, #5849, #5479, #994, #8161, #2101, #4277, #3708, #9653, #6551, #6884, #22, #9598, #7700, #9833 ) ) ;
#2438 = ORIENTED_EDGE ( 'NONE', *, *, #7752, .T. ) ;
#2439 = FACE_OUTER_BOUND ( 'NONE', #8590, .T. ) ;
#2440 = EDGE_CURVE ( 'NONE', #4785, #1595, #2684, .T. ) ;
#2441 = CARTESIAN_POINT ( 'NONE',  ( 54.45000000000005258, 54.00000000000000711, 2.000000000000000000 ) ) ;
#2442 = VERTEX_POINT ( 'NONE', #3511 ) ;
#2443 = ORIENTED_EDGE ( 'NONE', *, *, #7121, .T. ) ;
#2444 = DIRECTION ( 'NONE',  ( -1.000000000000000000, 0.000000000000000000, 0.000000000000000000 ) ) ;
#2445 = EDGE_LOOP ( 'NONE', ( #6599, #661, #1332, #2094 ) ) ;
#2446 = FACE_OUTER_BOUND ( 'NONE', #4089, .T. ) ;
#2447 = CARTESIAN_POINT ( 'NONE',  ( 10.00000000000001066, -9.999999999999989342, 2.000000000000000000 ) ) ;
#2448 = FACE_OUTER_BOUND ( 'NONE', #974, .T. ) ;
#2449 = EDGE_CURVE ( 'NONE', #9104, #1447, #8745, .T. ) ;
#2450 = LINE ( 'NONE', #1692, #9045 ) ;
#2451 = ORIENTED_EDGE ( 'NONE', *, *, #8475, .F. ) ;
#2452 = CARTESIAN_POINT ( 'NONE',  ( -57.55000000000006111, 54.00000000000000711, 0.000000000000000000 ) ) ;
#2453 = EDGE_LOOP ( 'NONE', ( #9489, #4715, #4430, #96 ) ) ;
#2454 = FACE_BOUND ( 'NONE', #2375, .T. ) ;
#2455 = DIRECTION ( 'NONE',  ( 1.000000000000000000, 0.000000000000000000, 0.000000000000000000 ) ) ;
#2456 = EDGE_LOOP ( 'NONE', ( #1416, #899 ) ) ;
#2457 = DIRECTION ( 'NONE',  ( -0.000000000000000000, -0.000000000000000000, 1.000000000000000000 ) ) ;
#2458 = ORIENTED_EDGE ( 'NONE', *, *, #8331, .F. ) ;
#2459 = AXIS2_PLACEMENT_3D ( 'NONE', #3083, #5381, #8426 ) ;
#2460 = AXIS2_PLACEMENT_3D ( 'NONE', #3714, #9160, #2916 ) ;
#2461 = VECTOR ( 'NONE', #2861, 1000.000000000000000 ) ;
#2462 = DIRECTION ( 'NONE',  ( -1.000000000000000000, 0.000000000000000000, 0.000000000000000000 ) ) ;
#2463 = CARTESIAN_POINT ( 'NONE',  ( 16.95000000000004547, -83.00000000000000000, 0.000000000000000000 ) ) ;
#2464 = ORIENTED_EDGE ( 'NONE', *, *, #6803, .T. ) ;
#2465 = CYLINDRICAL_SURFACE ( 'NONE', #2202, 4.999999999999984013 ) ;
#2466 = VECTOR ( 'NONE', #4424, 1000.000000000000000 ) ;
#2467 = VECTOR ( 'NONE', #8715, 1000.000000000000114 ) ;
#2468 = ORIENTED_EDGE ( 'NONE', *, *, #3332, .T. ) ;
#2469 = DIRECTION ( 'NONE',  ( -0.000000000000000000, -0.000000000000000000, 1.000000000000000000 ) ) ;
#2470 = ORIENTED_EDGE ( 'NONE', *, *, #696, .T. ) ;
#2471 = DIRECTION ( 'NONE',  ( -0.000000000000000000, -0.000000000000000000, 1.000000000000000000 ) ) ;
#2472 = EDGE_CURVE ( 'NONE', #783, #8084, #9562, .T. ) ;
#2473 = ORIENTED_EDGE ( 'NONE', *, *, #6693, .F. ) ;
#2474 = FACE_BOUND ( 'NONE', #5108, .T. ) ;
#2475 = DIRECTION ( 'NONE',  ( 1.000000000000000000, 0.000000000000000000, 0.000000000000000000 ) ) ;
#2476 = CIRCLE ( 'NONE', #9525, 1.550000000000002709 ) ;
#2477 = EDGE_LOOP ( 'NONE', ( #2655, #5983, #9928, #8903 ) ) ;
#2478 = CARTESIAN_POINT ( 'NONE',  ( 7.632783294297951215E-14, 85.50000000000001421, 2.000000000000000000 ) ) ;
#2479 = ADVANCED_FACE ( 'NONE', ( #1186 ), #2704, .F. ) ;
#2480 = VERTEX_POINT ( 'NONE', #1140 ) ;
#2481 = EDGE_CURVE ( 'NONE', #6663, #2218, #2751, .T. ) ;
#2482 = LINE ( 'NONE', #813, #7603 ) ;
#2483 = ORIENTED_EDGE ( 'NONE', *, *, #9741, .T. ) ;
#2484 = LINE ( 'NONE', #9341, #9356 ) ;
#2485 = VECTOR ( 'NONE', #5033, 1000.000000000000000 ) ;
#2486 = EDGE_CURVE ( 'NONE', #8471, #7117, #9722, .T. ) ;
#2487 = EDGE_LOOP ( 'NONE', ( #7053, #3997 ) ) ;
#2488 = CARTESIAN_POINT ( 'NONE',  ( 6.000000000000015099, -91.00000000000000000, 2.000000000000000000 ) ) ;
#2489 = FACE_OUTER_BOUND ( 'NONE', #8665, .T. ) ;
#2490 = EDGE_LOOP ( 'NONE', ( #5830, #541 ) ) ;
#2491 = ORIENTED_EDGE ( 'NONE', *, *, #2671, .F. ) ;
#2492 = DIRECTION ( 'NONE',  ( -0.000000000000000000, -0.000000000000000000, 1.000000000000000000 ) ) ;
#2493 = ORIENTED_EDGE ( 'NONE', *, *, #4844, .F. ) ;
#2494 = CARTESIAN_POINT ( 'NONE',  ( -57.55000000000001847, -54.00000000000003553, 2.000000000000000000 ) ) ;
#2495 = CARTESIAN_POINT ( 'NONE',  ( -9.000000000000005329, 24.49999999999999289, 0.000000000000000000 ) ) ;
#2496 = CARTESIAN_POINT ( 'NONE',  ( -30.54999999999998650, -36.50000000000000711, 0.000000000000000000 ) ) ;
#2497 = EDGE_CURVE ( 'NONE', #6964, #1778, #7440, .T. ) ;
#2498 = LINE ( 'NONE', #3254, #4438 ) ;
#2499 = CARTESIAN_POINT ( 'NONE',  ( 6.450000000000001066, 18.00000000000000000, 2.000000000000000000 ) ) ;
#2500 = ORIENTED_EDGE ( 'NONE', *, *, #1259, .F. ) ;
#2501 = AXIS2_PLACEMENT_3D ( 'NONE', #5947, #1472, #8994 ) ;
#2502 = PLANE ( 'NONE',  #9899 ) ;
#2503 = EDGE_LOOP ( 'NONE', ( #4659, #1619, #4416, #3144 ) ) ;
#2504 = FACE_BOUND ( 'NONE', #2332, .T. ) ;
#2505 = CARTESIAN_POINT ( 'NONE',  ( -6.000000000000000000, 70.70000000000000284, 0.000000000000000000 ) ) ;
#2506 = ADVANCED_FACE ( 'NONE', ( #9707 ), #7246, .F. ) ;
#2507 = AXIS2_PLACEMENT_3D ( 'NONE', #8326, #2179, #9760 ) ;
#2508 = EDGE_LOOP ( 'NONE', ( #6973, #9368, #4824, #8603 ) ) ;
#2509 = DIRECTION ( 'NONE',  ( -1.000000000000000000, 0.000000000000000000, 0.000000000000000000 ) ) ;
#2510 = ORIENTED_EDGE ( 'NONE', *, *, #6350, .F. ) ;
#2511 = CARTESIAN_POINT ( 'NONE',  ( 57.55000000000006111, 54.00000000000000711, 2.000000000000000000 ) ) ;
#2512 = CARTESIAN_POINT ( 'NONE',  ( -39.00000000000001421, -7.500000000000000000, 2.000000000000000000 ) ) ;
#2513 = CIRCLE ( 'NONE', #6185, 1.550000000000002709 ) ;
#2514 = ORIENTED_EDGE ( 'NONE', *, *, #6150, .F. ) ;
#2515 = CARTESIAN_POINT ( 'NONE',  ( 54.00000000000004263, 99.00000000000001421, 0.000000000000000000 ) ) ;
#2516 = EDGE_LOOP ( 'NONE', ( #1434, #47, #2283, #849 ) ) ;
#2517 = PLANE ( 'NONE',  #2789 ) ;
#2518 = ORIENTED_EDGE ( 'NONE', *, *, #8910, .F. ) ;
#2519 = CARTESIAN_POINT ( 'NONE',  ( 43.55000000000004690, -54.00000000000003553, 2.000000000000000000 ) ) ;
#2520 = EDGE_CURVE ( 'NONE', #5319, #8821, #9540, .T. ) ;
#2521 = CIRCLE ( 'NONE', #1230, 1.550000000000002709 ) ;
#2522 = AXIS2_PLACEMENT_3D ( 'NONE', #8227, #6082, #1363 ) ;
#2523 = AXIS2_PLACEMENT_3D ( 'NONE', #631, #6741, #2186 ) ;
#2524 = AXIS2_PLACEMENT_3D ( 'NONE', #7110, #450, #1107 ) ;
#2525 = FACE_BOUND ( 'NONE', #2070, .T. ) ;
#2526 = LINE ( 'NONE', #5529, #8133 ) ;
#2527 = VERTEX_POINT ( 'NONE', #7203 ) ;
#2528 = PLANE ( 'NONE',  #2773 ) ;
#2529 = ORIENTED_EDGE ( 'NONE', *, *, #6937, .F. ) ;
#2530 = DIRECTION ( 'NONE',  ( -0.000000000000000000, -0.000000000000000000, 1.000000000000000000 ) ) ;
#2531 = CIRCLE ( 'NONE', #6998, 1.550000000000002709 ) ;
#2532 = ORIENTED_EDGE ( 'NONE', *, *, #3891, .T. ) ;
#2533 = EDGE_CURVE ( 'NONE', #5658, #323, #6016, .T. ) ;
#2534 = DIRECTION ( 'NONE',  ( 0.000000000000000000, 0.000000000000000000, 1.000000000000000000 ) ) ;
#2535 = VECTOR ( 'NONE', #8822, 1000.000000000000000 ) ;
#2536 = AXIS2_PLACEMENT_3D ( 'NONE', #8237, #6787, #9910 ) ;
#2537 = EDGE_CURVE ( 'NONE', #3632, #3256, #904, .T. ) ;
#2538 = VERTEX_POINT ( 'NONE', #9806 ) ;
#2539 = EDGE_CURVE ( 'NONE', #9128, #6768, #7763, .T. ) ;
#2540 = LINE ( 'NONE', #7135, #3958 ) ;
#2541 = AXIS2_PLACEMENT_3D ( 'NONE', #5850, #2705, #2048 ) ;
#2542 = VECTOR ( 'NONE', #3986, 1000.000000000000000 ) ;
#2543 = AXIS2_PLACEMENT_3D ( 'NONE', #3145, #6395, #4796 ) ;
#2544 = FACE_OUTER_BOUND ( 'NONE', #1526, .T. ) ;
#2545 = ORIENTED_EDGE ( 'NONE', *, *, #1516, .T. ) ;
#2546 = EDGE_CURVE ( 'NONE', #6216, #2318, #9909, .T. ) ;
#2547 = CYLINDRICAL_SURFACE ( 'NONE', #3347, 1.550000000000009592 ) ;
#2548 = ORIENTED_EDGE ( 'NONE', *, *, #9512, .T. ) ;
#2549 = CARTESIAN_POINT ( 'NONE',  ( 26.45000000000005613, -46.99999999999999289, 2.000000000000000000 ) ) ;
#2550 = PLANE ( 'NONE',  #607 ) ;
#2551 = CARTESIAN_POINT ( 'NONE',  ( 8.000000000000000000, 18.00000000000000000, 2.000000000000000000 ) ) ;
#2552 = AXIS2_PLACEMENT_3D ( 'NONE', #4100, #7150, #1693 ) ;
#2553 = EDGE_CURVE ( 'NONE', #3759, #3058, #3648, .T. ) ;
#2554 = CARTESIAN_POINT ( 'NONE',  ( -56.00000000000000711, -70.00000000000002842, 0.000000000000000000 ) ) ;
#2555 = ORIENTED_EDGE ( 'NONE', *, *, #2169, .F. ) ;
#2556 = EDGE_CURVE ( 'NONE', #9036, #3756, #2172, .T. ) ;
#2557 = DIRECTION ( 'NONE',  ( -1.000000000000000000, 0.000000000000000000, 0.000000000000000000 ) ) ;
#2558 = EDGE_LOOP ( 'NONE', ( #6234, #1769 ) ) ;
#2559 = ORIENTED_EDGE ( 'NONE', *, *, #4701, .T. ) ;
#2560 = FACE_BOUND ( 'NONE', #7300, .T. ) ;
#2561 = DIRECTION ( 'NONE',  ( 0.000000000000000000, 0.000000000000000000, 1.000000000000000000 ) ) ;
#2562 = EDGE_LOOP ( 'NONE', ( #2696, #4313, #2144, #7124 ) ) ;
#2563 = DIRECTION ( 'NONE',  ( -1.000000000000000000, 0.000000000000000000, 0.000000000000000000 ) ) ;
#2564 = VERTEX_POINT ( 'NONE', #4541 ) ;
#2565 = LINE ( 'NONE', #6467, #3802 ) ;
#2566 = VECTOR ( 'NONE', #7277, 1000.000000000000000 ) ;
#2567 = FACE_OUTER_BOUND ( 'NONE', #6177, .T. ) ;
#2568 = ORIENTED_EDGE ( 'NONE', *, *, #1060, .F. ) ;
#2569 = DIRECTION ( 'NONE',  ( -0.000000000000000000, 0.000000000000000000, 1.000000000000000000 ) ) ;
#2570 = DIRECTION ( 'NONE',  ( -1.000000000000000000, 0.000000000000000000, 0.000000000000000000 ) ) ;
#2571 = CARTESIAN_POINT ( 'NONE',  ( -33.76999999999999602, 20.36000000000000298, 0.000000000000000000 ) ) ;
#2572 = ORIENTED_EDGE ( 'NONE', *, *, #5946, .T. ) ;
#2573 = DIRECTION ( 'NONE',  ( 1.000000000000000000, 0.000000000000000000, 0.000000000000000000 ) ) ;
#2574 = AXIS2_PLACEMENT_3D ( 'NONE', #1956, #8153, #8055 ) ;
#2575 = AXIS2_PLACEMENT_3D ( 'NONE', #6578, #9642, #2120 ) ;
#2576 = ADVANCED_FACE ( 'NONE', ( #9142 ), #5290, .F. ) ;
#2577 = FACE_BOUND ( 'NONE', #1753, .T. ) ;
#2578 = CARTESIAN_POINT ( 'NONE',  ( -42.00000000000001421, -70.00000000000002842, 0.000000000000000000 ) ) ;
#2579 = ORIENTED_EDGE ( 'NONE', *, *, #3276, .F. ) ;
#2580 = CARTESIAN_POINT ( 'NONE',  ( -52.00000000000002132, -47.00000000000000000, 2.000000000000000000 ) ) ;
#2581 = ORIENTED_EDGE ( 'NONE', *, *, #397, .F. ) ;
#2582 = DIRECTION ( 'NONE',  ( -0.000000000000000000, -0.000000000000000000, 1.000000000000000000 ) ) ;
#2583 = ORIENTED_EDGE ( 'NONE', *, *, #1999, .F. ) ;
#2584 = VECTOR ( 'NONE', #7241, 1000.000000000000000 ) ;
#2585 = CARTESIAN_POINT ( 'NONE',  ( 20.05000000000003624, -83.00000000000000000, 0.000000000000000000 ) ) ;
#2586 = EDGE_LOOP ( 'NONE', ( #6321, #400 ) ) ;
#2587 = CARTESIAN_POINT ( 'NONE',  ( 7.500000000000003553, -27.49999999999998934, 0.000000000000000000 ) ) ;
#2588 = CARTESIAN_POINT ( 'NONE',  ( -46.00000000000001421, 91.00000000000000000, 2.000000000000000000 ) ) ;
#2589 = ORIENTED_EDGE ( 'NONE', *, *, #5562, .T. ) ;
#2590 = CARTESIAN_POINT ( 'NONE',  ( 27.45000000000000995, -9.500000000000000000, 0.000000000000000000 ) ) ;
#2591 = ORIENTED_EDGE ( 'NONE', *, *, #4493, .F. ) ;
#2592 = CYLINDRICAL_SURFACE ( 'NONE', #6096, 1.549999999999982059 ) ;
#2593 = ADVANCED_FACE ( 'NONE', ( #8951 ), #2183, .F. ) ;
#2594 = CARTESIAN_POINT ( 'NONE',  ( 7.632783294297951215E-14, 85.50000000000001421, 0.000000000000000000 ) ) ;
#2595 = CARTESIAN_POINT ( 'NONE',  ( 0.000000000000000000, 72.70000000000000284, 2.000000000000000000 ) ) ;
#2596 = CARTESIAN_POINT ( 'NONE',  ( -20.44999999999999574, 60.19999999999999574, 0.000000000000000000 ) ) ;
#2597 = CARTESIAN_POINT ( 'NONE',  ( -30.55000000000000782, -9.500000000000000000, 0.000000000000000000 ) ) ;
#2598 = FILL_AREA_STYLE ('',( #9460 ) ) ;
#2599 = EDGE_LOOP ( 'NONE', ( #8879, #2667, #4689, #5362 ) ) ;
#2600 = DIRECTION ( 'NONE',  ( -1.000000000000000000, 0.000000000000000000, 0.000000000000000000 ) ) ;
#2601 = ORIENTED_EDGE ( 'NONE', *, *, #192, .T. ) ;
#2602 = ORIENTED_EDGE ( 'NONE', *, *, #9080, .F. ) ;
#2603 = FACE_BOUND ( 'NONE', #8776, .T. ) ;
#2604 = ORIENTED_EDGE ( 'NONE', *, *, #8047, .T. ) ;
#2605 = DIRECTION ( 'NONE',  ( 0.000000000000000000, -1.000000000000000000, 0.000000000000000000 ) ) ;
#2606 = ORIENTED_EDGE ( 'NONE', *, *, #1925, .F. ) ;
#2607 = DIRECTION ( 'NONE',  ( 0.000000000000000000, 0.000000000000000000, 1.000000000000000000 ) ) ;
#2608 = ORIENTED_EDGE ( 'NONE', *, *, #2783, .T. ) ;
#2609 = EDGE_CURVE ( 'NONE', #2951, #6757, #5243, .T. ) ;
#2610 = EDGE_CURVE ( 'NONE', #7879, #7677, #7932, .T. ) ;
#2611 = EDGE_CURVE ( 'NONE', #796, #774, #1055, .T. ) ;
#2612 = EDGE_CURVE ( 'NONE', #7953, #2480, #6808, .T. ) ;
#2613 = CARTESIAN_POINT ( 'NONE',  ( 57.55000000000004690, -54.00000000000003553, 2.000000000000000000 ) ) ;
#2614 = DIRECTION ( 'NONE',  ( -0.000000000000000000, -0.000000000000000000, 1.000000000000000000 ) ) ;
#2615 = ORIENTED_EDGE ( 'NONE', *, *, #7539, .T. ) ;
#2616 = DIRECTION ( 'NONE',  ( 0.000000000000000000, 0.000000000000000000, 1.000000000000000000 ) ) ;
#2617 = CARTESIAN_POINT ( 'NONE',  ( -8.449999999999990408, -9.999999999999973355, 0.000000000000000000 ) ) ;
#2618 = CARTESIAN_POINT ( 'NONE',  ( -5.000000000000000000, 6.123233995736766282E-16, 0.000000000000000000 ) ) ;
#2619 = EDGE_LOOP ( 'NONE', ( #599, #8219, #1676, #2190 ) ) ;
#2620 = AXIS2_PLACEMENT_3D ( 'NONE', #968, #7676, #1623 ) ;
#2621 = FACE_OUTER_BOUND ( 'NONE', #3095, .T. ) ;
#2622 = EDGE_CURVE ( 'NONE', #3138, #8239, #5376, .T. ) ;
#2623 = FACE_BOUND ( 'NONE', #9637, .T. ) ;
#2624 = AXIS2_PLACEMENT_3D ( 'NONE', #8724, #5031, #2680 ) ;
#2625 = DIRECTION ( 'NONE',  ( 1.000000000000000000, 0.000000000000000000, 0.000000000000000000 ) ) ;
#2626 = ORIENTED_EDGE ( 'NONE', *, *, #8534, .T. ) ;
#2627 = CIRCLE ( 'NONE', #853, 1.549999999999982059 ) ;
#2628 = DIRECTION ( 'NONE',  ( -1.000000000000000000, 0.000000000000000000, 0.000000000000000000 ) ) ;
#2629 = ORIENTED_EDGE ( 'NONE', *, *, #7908, .T. ) ;
#2630 = CARTESIAN_POINT ( 'NONE',  ( 22.00000000000000000, 60.19999999999999574, 0.000000000000000000 ) ) ;
#2631 = ORIENTED_EDGE ( 'NONE', *, *, #3269, .T. ) ;
#2632 = DIRECTION ( 'NONE',  ( 1.000000000000000000, 1.284980352575411959E-16, 0.000000000000000000 ) ) ;
#2633 = CIRCLE ( 'NONE', #539, 1.549999999999995826 ) ;
#2634 = AXIS2_PLACEMENT_3D ( 'NONE', #5896, #6594, #334 ) ;
#2635 = ORIENTED_EDGE ( 'NONE', *, *, #625, .F. ) ;
#2636 = DIRECTION ( 'NONE',  ( 0.000000000000000000, 0.000000000000000000, 1.000000000000000000 ) ) ;
#2637 = DIRECTION ( 'NONE',  ( -0.000000000000000000, -0.000000000000000000, 1.000000000000000000 ) ) ;
#2638 = EDGE_LOOP ( 'NONE', ( #2224, #6220, #6153, #889 ) ) ;
#2639 = CARTESIAN_POINT ( 'NONE',  ( 6.000000000000015099, -91.00000000000000000, 0.000000000000000000 ) ) ;
#2640 = EDGE_LOOP ( 'NONE', ( #3635, #8518, #2022, #304 ) ) ;
#2641 = FACE_OUTER_BOUND ( 'NONE', #7557, .T. ) ;
#2642 = DIRECTION ( 'NONE',  ( 1.000000000000000000, 3.469446951953612217E-16, 0.000000000000000000 ) ) ;
#2643 = VECTOR ( 'NONE', #2275, 1000.000000000000114 ) ;
#2644 = DIRECTION ( 'NONE',  ( -1.000000000000000000, 3.652049423109067827E-16, 0.000000000000000000 ) ) ;
#2645 = DIRECTION ( 'NONE',  ( 1.284980352575411959E-16, -1.000000000000000000, 0.000000000000000000 ) ) ;
#2646 = FACE_OUTER_BOUND ( 'NONE', #3261, .T. ) ;
#2647 = CARTESIAN_POINT ( 'NONE',  ( 23.55000000000000071, 60.19999999999999574, 0.000000000000000000 ) ) ;
#2648 = VERTEX_POINT ( 'NONE', #5145 ) ;
#2649 = LINE ( 'NONE', #1238, #5582 ) ;
#2650 = ORIENTED_EDGE ( 'NONE', *, *, #3649, .F. ) ;
#2651 = VERTEX_POINT ( 'NONE', #5190 ) ;
#2652 = FACE_BOUND ( 'NONE', #1214, .T. ) ;
#2653 = VERTEX_POINT ( 'NONE', #3045 ) ;
#2654 = FACE_OUTER_BOUND ( 'NONE', #8807, .T. ) ;
#2655 = ORIENTED_EDGE ( 'NONE', *, *, #5779, .F. ) ;
#2656 = DIRECTION ( 'NONE',  ( 1.000000000000000000, 0.000000000000000000, 0.000000000000000000 ) ) ;
#2657 = ORIENTED_EDGE ( 'NONE', *, *, #2664, .T. ) ;
#2658 = EDGE_CURVE ( 'NONE', #422, #4705, #2091, .T. ) ;
#2659 = EDGE_CURVE ( 'NONE', #6842, #415, #4902, .T. ) ;
#2660 = AXIS2_PLACEMENT_3D ( 'NONE', #9004, #5202, #7801 ) ;
#2661 = CYLINDRICAL_SURFACE ( 'NONE', #117, 1.550000000000016698 ) ;
#2662 = ORIENTED_EDGE ( 'NONE', *, *, #759, .F. ) ;
#2663 = DIRECTION ( 'NONE',  ( -0.000000000000000000, -0.000000000000000000, -1.000000000000000000 ) ) ;
#2664 = EDGE_CURVE ( 'NONE', #8320, #8315, #8090, .T. ) ;
#2665 = DIRECTION ( 'NONE',  ( 0.000000000000000000, 0.000000000000000000, 1.000000000000000000 ) ) ;
#2666 = CIRCLE ( 'NONE', #5065, 4.000000000000010658 ) ;
#2667 = ORIENTED_EDGE ( 'NONE', *, *, #7543, .T. ) ;
#2668 = DIRECTION ( 'NONE',  ( 1.000000000000000000, 0.000000000000000000, 0.000000000000000000 ) ) ;
#2669 = CARTESIAN_POINT ( 'NONE',  ( 8.999999999999994671, 32.50000000000002132, 0.000000000000000000 ) ) ;
#2670 = AXIS2_PLACEMENT_3D ( 'NONE', #3071, #6763, #4624 ) ;
#2671 = EDGE_CURVE ( 'NONE', #4197, #845, #8191, .T. ) ;
#2672 = FACE_OUTER_BOUND ( 'NONE', #6282, .T. ) ;
#2673 = VERTEX_POINT ( 'NONE', #7436 ) ;
#2674 = FACE_OUTER_BOUND ( 'NONE', #3241, .T. ) ;
#2675 = CIRCLE ( 'NONE', #9220, 1.550000000000002709 ) ;
#2676 = FACE_BOUND ( 'NONE', #5622, .T. ) ;
#2677 = DIRECTION ( 'NONE',  ( 0.000000000000000000, 0.000000000000000000, 1.000000000000000000 ) ) ;
#2678 = DIRECTION ( 'NONE',  ( -1.000000000000000000, 0.000000000000000000, 0.000000000000000000 ) ) ;
#2679 = ORIENTED_EDGE ( 'NONE', *, *, #4860, .T. ) ;
#2680 = DIRECTION ( 'NONE',  ( -1.000000000000000000, 0.000000000000000000, 0.000000000000000000 ) ) ;
#2681 = ORIENTED_EDGE ( 'NONE', *, *, #1128, .T. ) ;
#2682 = VECTOR ( 'NONE', #2158, 1000.000000000000000 ) ;
#2683 = DIRECTION ( 'NONE',  ( -0.000000000000000000, -0.000000000000000000, 1.000000000000000000 ) ) ;
#2684 = CIRCLE ( 'NONE', #7781, 1.549999999999995826 ) ;
#2685 = CIRCLE ( 'NONE', #2842, 1.549999999999995826 ) ;
#2686 = AXIS2_PLACEMENT_3D ( 'NONE', #1522, #6888, #9192 ) ;
#2687 = ORIENTED_EDGE ( 'NONE', *, *, #8222, .T. ) ;
#2688 = DIRECTION ( 'NONE',  ( -0.000000000000000000, -0.000000000000000000, -1.000000000000000000 ) ) ;
#2689 = AXIS2_PLACEMENT_3D ( 'NONE', #2880, #8931, #7461 ) ;
#2690 = AXIS2_PLACEMENT_3D ( 'NONE', #8712, #1858, #6320 ) ;
#2691 = CARTESIAN_POINT ( 'NONE',  ( -8.000000000000000000, 43.00000000000000000, 0.000000000000000000 ) ) ;
#2692 = ORIENTED_EDGE ( 'NONE', *, *, #1552, .F. ) ;
#2693 = VECTOR ( 'NONE', #1193, 1000.000000000000000 ) ;
#2694 = DIRECTION ( 'NONE',  ( -3.854941057726238097E-16, 1.000000000000000000, 0.000000000000000000 ) ) ;
#2695 = VECTOR ( 'NONE', #5337, 1000.000000000000000 ) ;
#2696 = ORIENTED_EDGE ( 'NONE', *, *, #5118, .T. ) ;
#2697 = DIRECTION ( 'NONE',  ( 0.000000000000000000, 0.000000000000000000, 1.000000000000000000 ) ) ;
#2698 = LINE ( 'NONE', #2790, #121 ) ;
#2699 = CARTESIAN_POINT ( 'NONE',  ( 46.00000000000008527, 89.45000000000001705, 2.000000000000000000 ) ) ;
#2700 = DIRECTION ( 'NONE',  ( 1.525031627232357891E-16, -1.000000000000000000, 0.000000000000000000 ) ) ;
#2701 = VECTOR ( 'NONE', #3901, 1000.000000000000000 ) ;
#2702 = ADVANCED_FACE ( 'NONE', ( #575 ), #6697, .F. ) ;
#2703 = AXIS2_PLACEMENT_3D ( 'NONE', #2141, #5196, #8242 ) ;
#2704 = CYLINDRICAL_SURFACE ( 'NONE', #6962, 1.550000000000001155 ) ;
#2705 = DIRECTION ( 'NONE',  ( 0.000000000000000000, 0.000000000000000000, 1.000000000000000000 ) ) ;
#2706 = ORIENTED_EDGE ( 'NONE', *, *, #5115, .F. ) ;
#2707 = EDGE_LOOP ( 'NONE', ( #6501, #236, #9064, #328 ) ) ;
#2708 = CARTESIAN_POINT ( 'NONE',  ( 42.00000000000007816, -46.00000000000000711, 2.000000000000000000 ) ) ;
#2709 = VERTEX_POINT ( 'NONE', #5386 ) ;
#2710 = LINE ( 'NONE', #9520, #3219 ) ;
#2711 = EDGE_CURVE ( 'NONE', #3258, #2648, #5061, .T. ) ;
#2712 = VERTEX_POINT ( 'NONE', #8432 ) ;
#2713 = DIRECTION ( 'NONE',  ( 1.000000000000000000, 0.000000000000000000, 0.000000000000000000 ) ) ;
#2714 = CARTESIAN_POINT ( 'NONE',  ( -56.00000000000000711, -70.00000000000002842, 2.000000000000000000 ) ) ;
#2715 = ORIENTED_EDGE ( 'NONE', *, *, #5657, .F. ) ;
#2716 = DIRECTION ( 'NONE',  ( 0.000000000000000000, 0.000000000000000000, 1.000000000000000000 ) ) ;
#2717 = CARTESIAN_POINT ( 'NONE',  ( -28.00000000000001776, -77.00000000000002842, 2.000000000000000000 ) ) ;
#2718 = VERTEX_POINT ( 'NONE', #6979 ) ;
#2719 = CARTESIAN_POINT ( 'NONE',  ( 43.55000000000004690, -54.00000000000003553, 2.000000000000000000 ) ) ;
#2720 = CARTESIAN_POINT ( 'NONE',  ( 6.000000000000060396, -92.54999999999999716, 2.000000000000000000 ) ) ;
#2721 = CARTESIAN_POINT ( 'NONE',  ( -28.99999999999995737, 36.50000000000003553, 0.000000000000000000 ) ) ;
#2722 = ORIENTED_EDGE ( 'NONE', *, *, #3760, .T. ) ;
#2723 = EDGE_CURVE ( 'NONE', #2204, #8198, #1864, .T. ) ;
#2724 = CYLINDRICAL_SURFACE ( 'NONE', #5387, 1.549999999999999378 ) ;
#2725 = EDGE_CURVE ( 'NONE', #7730, #5078, #2333, .T. ) ;
#2726 = ADVANCED_FACE ( 'NONE', ( #6293 ), #3198, .F. ) ;
#2727 = FACE_BOUND ( 'NONE', #3423, .T. ) ;
#2728 = CARTESIAN_POINT ( 'NONE',  ( 56.00000000000004263, 91.00000000000001421, 2.000000000000000000 ) ) ;
#2729 = CARTESIAN_POINT ( 'NONE',  ( -43.55000000000003268, 70.00000000000000000, 2.000000000000000000 ) ) ;
#2730 = FACE_OUTER_BOUND ( 'NONE', #2503, .T. ) ;
#2731 = CIRCLE ( 'NONE', #3685, 1.549999999999999378 ) ;
#2732 = VERTEX_POINT ( 'NONE', #5593 ) ;
#2733 = AXIS2_PLACEMENT_3D ( 'NONE', #9269, #86, #5464 ) ;
#2734 = CARTESIAN_POINT ( 'NONE',  ( 30.55000000000005045, 36.50000000000000000, 2.000000000000000000 ) ) ;
#2735 = ADVANCED_FACE ( 'NONE', ( #3932 ), #8489, .F. ) ;
#2736 = ADVANCED_FACE ( 'NONE', ( #2439 ), #9347, .F. ) ;
#2737 = CIRCLE ( 'NONE', #8002, 1.550000000000000933 ) ;
#2738 = VERTEX_POINT ( 'NONE', #975 ) ;
#2739 = EDGE_CURVE ( 'NONE', #6701, #7662, #2019, .T. ) ;
#2740 = CARTESIAN_POINT ( 'NONE',  ( -42.00000000000000711, 46.00000000000000711, 0.000000000000000000 ) ) ;
#2741 = CARTESIAN_POINT ( 'NONE',  ( 52.00000000000004263, -77.00000000000002842, 2.000000000000000000 ) ) ;
#2742 = VECTOR ( 'NONE', #1839, 1000.000000000000000 ) ;
#2743 = ORIENTED_EDGE ( 'NONE', *, *, #5015, .T. ) ;
#2744 = CARTESIAN_POINT ( 'NONE',  ( 42.00000000000004263, -54.00000000000003553, 2.000000000000000000 ) ) ;
#2745 = VERTEX_POINT ( 'NONE', #2389 ) ;
#2746 = DIRECTION ( 'NONE',  ( 1.000000000000000000, 0.000000000000000000, 0.000000000000000000 ) ) ;
#2747 = CARTESIAN_POINT ( 'NONE',  ( -13.00000000000000000, 62.00000000000000000, 2.000000000000000000 ) ) ;
#2748 = DIRECTION ( 'NONE',  ( 0.000000000000000000, 0.000000000000000000, 1.000000000000000000 ) ) ;
#2749 = CARTESIAN_POINT ( 'NONE',  ( -29.00000000000000000, 24.50000000000000000, 0.000000000000000000 ) ) ;
#2750 = EDGE_CURVE ( 'NONE', #2884, #536, #249, .T. ) ;
#2751 = LINE ( 'NONE', #5700, #2980 ) ;
#2752 = PRESENTATION_STYLE_ASSIGNMENT (( #4958 ) ) ;
#2753 = CARTESIAN_POINT ( 'NONE',  ( -57.55000000000001847, -91.00000000000000000, 2.000000000000000000 ) ) ;
#2754 = ORIENTED_EDGE ( 'NONE', *, *, #6996, .T. ) ;
#2755 = EDGE_LOOP ( 'NONE', ( #2470, #7593, #9101, #2963 ) ) ;
#2756 = DIRECTION ( 'NONE',  ( 0.000000000000000000, 0.000000000000000000, 1.000000000000000000 ) ) ;
#2757 = ORIENTED_EDGE ( 'NONE', *, *, #7193, .T. ) ;
#2758 = DIRECTION ( 'NONE',  ( -0.7071067811865479058, 0.7071067811865470176, 0.000000000000000000 ) ) ;
#2759 = VERTEX_POINT ( 'NONE', #222 ) ;
#2760 = DIRECTION ( 'NONE',  ( 0.000000000000000000, 0.000000000000000000, 1.000000000000000000 ) ) ;
#2761 = DIRECTION ( 'NONE',  ( -1.000000000000000000, 0.000000000000000000, 0.000000000000000000 ) ) ;
#2762 = ORIENTED_EDGE ( 'NONE', *, *, #16, .T. ) ;
#2763 = DIRECTION ( 'NONE',  ( -0.000000000000000000, -0.000000000000000000, 1.000000000000000000 ) ) ;
#2764 = ORIENTED_EDGE ( 'NONE', *, *, #7190, .T. ) ;
#2765 = CYLINDRICAL_SURFACE ( 'NONE', #9081, 1.550000000000002709 ) ;
#2766 = CARTESIAN_POINT ( 'NONE',  ( -16.54999999999999361, 52.99999999999999289, 2.000000000000000000 ) ) ;
#2767 = DIRECTION ( 'NONE',  ( 0.000000000000000000, 0.000000000000000000, 1.000000000000000000 ) ) ;
#2768 = ORIENTED_EDGE ( 'NONE', *, *, #2415, .T. ) ;
#2769 = DIRECTION ( 'NONE',  ( -0.000000000000000000, -0.000000000000000000, 1.000000000000000000 ) ) ;
#2770 = CARTESIAN_POINT ( 'NONE',  ( 29.00000000000002842, -85.49999999999998579, 0.000000000000000000 ) ) ;
#2771 = CARTESIAN_POINT ( 'NONE',  ( -18.50000000000003908, -83.00000000000000000, 2.000000000000000000 ) ) ;
#2772 = LINE ( 'NONE', #8979, #2566 ) ;
#2773 = AXIS2_PLACEMENT_3D ( 'NONE', #6972, #6287, #2432 ) ;
#2774 = CARTESIAN_POINT ( 'NONE',  ( 42.00000000000007816, 38.20000000000000284, 2.000000000000000000 ) ) ;
#2775 = ORIENTED_EDGE ( 'NONE', *, *, #3765, .T. ) ;
#2776 = CARTESIAN_POINT ( 'NONE',  ( 56.00000000000004263, 91.00000000000001421, 0.000000000000000000 ) ) ;
#2777 = ADVANCED_FACE ( 'NONE', ( #7779 ), #1630, .F. ) ;
#2778 = EDGE_CURVE ( 'NONE', #591, #7138, #5389, .T. ) ;
#2779 = AXIS2_PLACEMENT_3D ( 'NONE', #8412, #3076, #7116 ) ;
#2780 = ORIENTED_EDGE ( 'NONE', *, *, #2167, .T. ) ;
#2781 = CYLINDRICAL_SURFACE ( 'NONE', #430, 1.550000000000002709 ) ;
#2782 = CIRCLE ( 'NONE', #8366, 4.999999999999984013 ) ;
#2783 = EDGE_CURVE ( 'NONE', #3999, #9731, #3003, .T. ) ;
#2784 = CARTESIAN_POINT ( 'NONE',  ( -8.000000000000000000, 43.00000000000000000, 2.000000000000000000 ) ) ;
#2785 = ORIENTED_EDGE ( 'NONE', *, *, #4816, .F. ) ;
#2786 = DIRECTION ( 'NONE',  ( 0.000000000000000000, 0.000000000000000000, 1.000000000000000000 ) ) ;
#2787 = ORIENTED_EDGE ( 'NONE', *, *, #3130, .T. ) ;
#2788 = DIRECTION ( 'NONE',  ( -0.000000000000000000, -0.000000000000000000, -1.000000000000000000 ) ) ;
#2789 = AXIS2_PLACEMENT_3D ( 'NONE', #8517, #2370, #98 ) ;
#2790 = CARTESIAN_POINT ( 'NONE',  ( -30.54999999999992966, 85.50000000000002842, 0.000000000000000000 ) ) ;
#2791 = DIRECTION ( 'NONE',  ( 1.000000000000000000, 0.000000000000000000, 0.000000000000000000 ) ) ;
#2792 = EDGE_CURVE ( 'NONE', #3949, #8718, #4838, .T. ) ;
#2793 = CARTESIAN_POINT ( 'NONE',  ( -29.00000000000000000, -24.50000000000000000, 0.000000000000000000 ) ) ;
#2794 = AXIS2_PLACEMENT_3D ( 'NONE', #9357, #283, #130 ) ;
#2795 = DIRECTION ( 'NONE',  ( 0.000000000000000000, 0.000000000000000000, 1.000000000000000000 ) ) ;
#2796 = AXIS2_PLACEMENT_3D ( 'NONE', #2594, #7741, #3402 ) ;
#2797 = DIRECTION ( 'NONE',  ( -0.7682212795973755171, -0.6401843996644801527, 0.000000000000000000 ) ) ;
#2798 = ORIENTED_EDGE ( 'NONE', *, *, #2486, .F. ) ;
#2799 = CIRCLE ( 'NONE', #3284, 1.550000000000002709 ) ;
#2800 = ORIENTED_EDGE ( 'NONE', *, *, #6214, .T. ) ;
#2801 = FACE_BOUND ( 'NONE', #809, .T. ) ;
#2802 = ORIENTED_EDGE ( 'NONE', *, *, #1983, .T. ) ;
#2803 = CARTESIAN_POINT ( 'NONE',  ( -40.44999999999999574, -46.00000000000003553, 2.000000000000000000 ) ) ;
#2804 = EDGE_CURVE ( 'NONE', #6842, #1160, #3244, .T. ) ;
#2805 = EDGE_LOOP ( 'NONE', ( #3350, #4223, #3543, #4310 ) ) ;
#2806 = CYLINDRICAL_SURFACE ( 'NONE', #1492, 1.549999999999999378 ) ;
#2807 = DIRECTION ( 'NONE',  ( 0.000000000000000000, 0.000000000000000000, 1.000000000000000000 ) ) ;
#2808 = VERTEX_POINT ( 'NONE', #5539 ) ;
#2809 = EDGE_CURVE ( 'NONE', #4484, #6791, #2540, .T. ) ;
#2810 = CYLINDRICAL_SURFACE ( 'NONE', #2213, 1.550000000000009592 ) ;
#2811 = ORIENTED_EDGE ( 'NONE', *, *, #5237, .T. ) ;
#2812 = DIRECTION ( 'NONE',  ( 1.000000000000000000, 0.000000000000000000, 0.000000000000000000 ) ) ;
#2813 = CARTESIAN_POINT ( 'NONE',  ( 20.04999999999996518, -45.99999999999998579, 0.000000000000000000 ) ) ;
#2814 = VERTEX_POINT ( 'NONE', #2329 ) ;
#2815 = CARTESIAN_POINT ( 'NONE',  ( 31.19999999999999929, 69.00000000000000000, 0.000000000000000000 ) ) ;
#2816 = CARTESIAN_POINT ( 'NONE',  ( 30.55000000000002203, -36.50000000000000000, 2.000000000000000000 ) ) ;
#2817 = ORIENTED_EDGE ( 'NONE', *, *, #397, .T. ) ;
#2818 = CARTESIAN_POINT ( 'NONE',  ( 22.55000000000000071, 21.00000000000000355, 0.000000000000000000 ) ) ;
#2819 = CARTESIAN_POINT ( 'NONE',  ( 53.55000000000003979, 77.00000000000002842, 2.000000000000000000 ) ) ;
#2820 = CARTESIAN_POINT ( 'NONE',  ( -5.999999999999985789, 92.54999999999999716, 2.000000000000000000 ) ) ;
#2821 = AXIS2_PLACEMENT_3D ( 'NONE', #5271, #92, #4669 ) ;
#2822 = DIRECTION ( 'NONE',  ( 1.000000000000000000, 0.000000000000000000, 0.000000000000000000 ) ) ;
#2823 = ADVANCED_FACE ( 'NONE', ( #7681 ), #819, .F. ) ;
#2824 = DIRECTION ( 'NONE',  ( 1.000000000000000000, 0.000000000000000000, 0.000000000000000000 ) ) ;
#2825 = VERTEX_POINT ( 'NONE', #469 ) ;
#2826 = EDGE_CURVE ( 'NONE', #9087, #6184, #4287, .T. ) ;
#2827 = VECTOR ( 'NONE', #916, 1000.000000000000000 ) ;
#2828 = DIRECTION ( 'NONE',  ( 0.000000000000000000, 0.000000000000000000, 1.000000000000000000 ) ) ;
#2829 = AXIS2_PLACEMENT_3D ( 'NONE', #8121, #4874, #5726 ) ;
#2830 = ORIENTED_EDGE ( 'NONE', *, *, #1198, .F. ) ;
#2831 = CYLINDRICAL_SURFACE ( 'NONE', #1388, 1.550000000000002709 ) ;
#2832 = CARTESIAN_POINT ( 'NONE',  ( 19.90398448916088014, 22.09601551083915183, 0.000000000000000000 ) ) ;
#2833 = ORIENTED_EDGE ( 'NONE', *, *, #6270, .F. ) ;
#2834 = EDGE_CURVE ( 'NONE', #5254, #2867, #4344, .T. ) ;
#2835 = AXIS2_PLACEMENT_3D ( 'NONE', #4182, #4229, #361 ) ;
#2836 = AXIS2_PLACEMENT_3D ( 'NONE', #4195, #6437, #8137 ) ;
#2837 = CARTESIAN_POINT ( 'NONE',  ( -50.45000000000002416, -77.00000000000001421, 0.000000000000000000 ) ) ;
#2838 = CIRCLE ( 'NONE', #8417, 1.549999999999999378 ) ;
#2839 = ORIENTED_EDGE ( 'NONE', *, *, #8288, .T. ) ;
#2840 = DIRECTION ( 'NONE',  ( -1.000000000000000000, -0.000000000000000000, -0.000000000000000000 ) ) ;
#2841 = PLANE ( 'NONE',  #4717 ) ;
#2842 = AXIS2_PLACEMENT_3D ( 'NONE', #2741, #1940, #5038 ) ;
#2843 = EDGE_CURVE ( 'NONE', #8372, #3418, #7934, .T. ) ;
#2844 = CARTESIAN_POINT ( 'NONE',  ( -20.44999999999999574, 60.19999999999999574, 2.000000000000000000 ) ) ;
#2845 = EDGE_CURVE ( 'NONE', #8209, #9087, #3394, .T. ) ;
#2846 = AXIS2_PLACEMENT_3D ( 'NONE', #8511, #2645, #6164 ) ;
#2847 = AXIS2_PLACEMENT_3D ( 'NONE', #1456, #4523, #9022 ) ;
#2848 = DIRECTION ( 'NONE',  ( -0.000000000000000000, -0.000000000000000000, -1.000000000000000000 ) ) ;
#2849 = AXIS2_PLACEMENT_3D ( 'NONE', #4064, #6419, #3225 ) ;
#2850 = SHAPE_DEFINITION_REPRESENTATION ( #167, #8023 ) ;
#2851 = EDGE_CURVE ( 'NONE', #4503, #8196, #9066, .T. ) ;
#2852 = CIRCLE ( 'NONE', #9578, 6.000000000000012434 ) ;
#2853 = AXIS2_PLACEMENT_3D ( 'NONE', #1762, #4819, #7862 ) ;
#2854 = DIRECTION ( 'NONE',  ( -0.000000000000000000, -0.000000000000000000, -1.000000000000000000 ) ) ;
#2855 = ORIENTED_EDGE ( 'NONE', *, *, #1128, .F. ) ;
#2856 = ORIENTED_EDGE ( 'NONE', *, *, #8780, .T. ) ;
#2857 = DIRECTION ( 'NONE',  ( 1.000000000000000000, 0.000000000000000000, 0.000000000000000000 ) ) ;
#2858 = EDGE_LOOP ( 'NONE', ( #6263, #3273, #1573, #374 ) ) ;
#2859 = CARTESIAN_POINT ( 'NONE',  ( 0.000000000000000000, 41.99999999999999289, 0.000000000000000000 ) ) ;
#2860 = ORIENTED_EDGE ( 'NONE', *, *, #7280, .F. ) ;
#2861 = DIRECTION ( 'NONE',  ( -0.000000000000000000, -0.000000000000000000, 1.000000000000000000 ) ) ;
#2862 = VECTOR ( 'NONE', #1695, 1000.000000000000000 ) ;
#2863 = EDGE_CURVE ( 'NONE', #5708, #9812, #6191, .T. ) ;
#2864 = AXIS2_PLACEMENT_3D ( 'NONE', #7583, #824, #9149 ) ;
#2865 = EDGE_CURVE ( 'NONE', #663, #4791, #8082, .T. ) ;
#2866 = CARTESIAN_POINT ( 'NONE',  ( -53.55000000000001137, -77.00000000000001421, 2.000000000000000000 ) ) ;
#2867 = VERTEX_POINT ( 'NONE', #6486 ) ;
#2868 = AXIS2_PLACEMENT_3D ( 'NONE', #9766, #673, #5949 ) ;
#2869 = DIRECTION ( 'NONE',  ( 1.000000000000000000, 0.000000000000000000, 0.000000000000000000 ) ) ;
#2870 = AXIS2_PLACEMENT_3D ( 'NONE', #4301, #9611, #6593 ) ;
#2871 = CIRCLE ( 'NONE', #8448, 1.549999999999982059 ) ;
#2872 = VERTEX_POINT ( 'NONE', #1126 ) ;
#2873 = LINE ( 'NONE', #9680, #4932 ) ;
#2874 = DIRECTION ( 'NONE',  ( 1.000000000000000000, 0.000000000000000000, 0.000000000000000000 ) ) ;
#2875 = ORIENTED_EDGE ( 'NONE', *, *, #2533, .T. ) ;
#2876 = LINE ( 'NONE', #4415, #9615 ) ;
#2877 = EDGE_LOOP ( 'NONE', ( #466, #1292, #3295, #6187 ) ) ;
#2878 = DIRECTION ( 'NONE',  ( 0.000000000000000000, 0.000000000000000000, 1.000000000000000000 ) ) ;
#2879 = COLOUR_RGB ( '',0.2039215686274509776, 0.2039215686274509776, 0.2039215686274509776 ) ;
#2880 = CARTESIAN_POINT ( 'NONE',  ( 8.999999999999992895, 28.50000000000002132, 2.000000000000000000 ) ) ;
#2881 = DIRECTION ( 'NONE',  ( 1.000000000000000000, 0.000000000000000000, 0.000000000000000000 ) ) ;
#2882 = DIRECTION ( 'NONE',  ( 0.000000000000000000, 0.000000000000000000, 1.000000000000000000 ) ) ;
#2883 = CARTESIAN_POINT ( 'NONE',  ( -43.55000000000003268, 70.00000000000000000, 2.000000000000000000 ) ) ;
#2884 = VERTEX_POINT ( 'NONE', #7988 ) ;
#2885 = ADVANCED_FACE ( 'NONE', ( #5688 ), #8835, .F. ) ;
#2886 = CARTESIAN_POINT ( 'NONE',  ( -18.50000000000003553, -46.00000000000000711, 0.000000000000000000 ) ) ;
#2887 = ORIENTED_EDGE ( 'NONE', *, *, #8582, .T. ) ;
#2888 = DIRECTION ( 'NONE',  ( 0.000000000000000000, 0.000000000000000000, 1.000000000000000000 ) ) ;
#2889 = AXIS2_PLACEMENT_3D ( 'NONE', #5659, #6649, #8758 ) ;
#2890 = CARTESIAN_POINT ( 'NONE',  ( -1.550000000000002265, 41.99999999999999289, 0.000000000000000000 ) ) ;
#2891 = ORIENTED_EDGE ( 'NONE', *, *, #457, .F. ) ;
#2892 = DIRECTION ( 'NONE',  ( -1.000000000000000000, 0.000000000000000000, 0.000000000000000000 ) ) ;
#2893 = ORIENTED_EDGE ( 'NONE', *, *, #7646, .T. ) ;
#2894 = DIRECTION ( 'NONE',  ( -1.000000000000000000, 0.000000000000000000, 0.000000000000000000 ) ) ;
#2895 = LINE ( 'NONE', #7034, #3754 ) ;
#2896 = CARTESIAN_POINT ( 'NONE',  ( -9.999999999999989342, 9.999999999999994671, 0.000000000000000000 ) ) ;
#2897 = VECTOR ( 'NONE', #7007, 1000.000000000000000 ) ;
#2898 = VECTOR ( 'NONE', #8449, 1000.000000000000000 ) ;
#2899 = CARTESIAN_POINT ( 'NONE',  ( 57.55000000000008953, -90.99999999999998579, 2.000000000000000000 ) ) ;
#2900 = DIRECTION ( 'NONE',  ( -1.000000000000000000, 0.000000000000000000, 0.000000000000000000 ) ) ;
#2901 = CARTESIAN_POINT ( 'NONE',  ( 56.45000000000000284, -11.99999999999999645, 0.000000000000000000 ) ) ;
#2902 = ORIENTED_EDGE ( 'NONE', *, *, #8291, .F. ) ;
#2903 = ORIENTED_EDGE ( 'NONE', *, *, #3545, .F. ) ;
#2904 = FACE_OUTER_BOUND ( 'NONE', #2453, .T. ) ;
#2905 = ORIENTED_EDGE ( 'NONE', *, *, #7213, .F. ) ;
#2906 = CARTESIAN_POINT ( 'NONE',  ( 32.75000000000000000, 69.00000000000000000, 0.000000000000000000 ) ) ;
#2907 = ORIENTED_EDGE ( 'NONE', *, *, #8711, .T. ) ;
#2908 = CARTESIAN_POINT ( 'NONE',  ( -8.000000000000000000, 18.00000000000000000, 0.000000000000000000 ) ) ;
#2909 = DIRECTION ( 'NONE',  ( 0.000000000000000000, 0.000000000000000000, 1.000000000000000000 ) ) ;
#2910 = ORIENTED_EDGE ( 'NONE', *, *, #5597, .T. ) ;
#2911 = FACE_OUTER_BOUND ( 'NONE', #2599, .T. ) ;
#2912 = EDGE_LOOP ( 'NONE', ( #6383, #500, #4757, #6674 ) ) ;
#2913 = LINE ( 'NONE', #7311, #7164 ) ;
#2914 = EDGE_CURVE ( 'NONE', #7252, #6879, #4990, .T. ) ;
#2915 = EDGE_CURVE ( 'NONE', #4814, #3396, #4242, .T. ) ;
#2916 = DIRECTION ( 'NONE',  ( -1.000000000000000000, 0.000000000000000000, 0.000000000000000000 ) ) ;
#2917 = ORIENTED_EDGE ( 'NONE', *, *, #2449, .T. ) ;
#2918 = EDGE_CURVE ( 'NONE', #5744, #2442, #5566, .T. ) ;
#2919 = FACE_OUTER_BOUND ( 'NONE', #942, .T. ) ;
#2920 = EDGE_LOOP ( 'NONE', ( #6891, #2589, #9386, #3190, #4808 ) ) ;
#2921 = DIRECTION ( 'NONE',  ( 0.7808688094430300541, -0.6246950475544246206, 0.000000000000000000 ) ) ;
#2922 = EDGE_CURVE ( 'NONE', #8239, #8772, #8792, .T. ) ;
#2923 = CIRCLE ( 'NONE', #1395, 1.550000000000002709 ) ;
#2924 = DIRECTION ( 'NONE',  ( -0.7071067811865479058, 0.7071067811865470176, 0.000000000000000000 ) ) ;
#2925 = DIRECTION ( 'NONE',  ( 1.000000000000000000, 0.000000000000000000, 0.000000000000000000 ) ) ;
#2926 = DIRECTION ( 'NONE',  ( 1.000000000000000000, 0.000000000000000000, 0.000000000000000000 ) ) ;
#2927 = LINE ( 'NONE', #2883, #1821 ) ;
#2928 = ORIENTED_EDGE ( 'NONE', *, *, #3943, .T. ) ;
#2929 = EDGE_CURVE ( 'NONE', #2732, #5588, #6666, .T. ) ;
#2930 = CYLINDRICAL_SURFACE ( 'NONE', #8580, 1.550000000000002709 ) ;
#2931 = ORIENTED_EDGE ( 'NONE', *, *, #8937, .F. ) ;
#2932 = CARTESIAN_POINT ( 'NONE',  ( 57.55000000000008953, -90.99999999999998579, 0.000000000000000000 ) ) ;
#2933 = DIRECTION ( 'NONE',  ( -0.000000000000000000, -0.000000000000000000, 1.000000000000000000 ) ) ;
#2934 = ORIENTED_EDGE ( 'NONE', *, *, #5814, .T. ) ;
#2935 = CARTESIAN_POINT ( 'NONE',  ( -54.00000000000001421, 99.00000000000000000, 2.000000000000000000 ) ) ;
#2936 = ORIENTED_EDGE ( 'NONE', *, *, #8190, .T. ) ;
#2937 = FACE_OUTER_BOUND ( 'NONE', #9527, .T. ) ;
#2938 = DIRECTION ( 'NONE',  ( -1.000000000000000000, 0.000000000000000000, 0.000000000000000000 ) ) ;
#2939 = AXIS2_PLACEMENT_3D ( 'NONE', #1422, #5989, #6089 ) ;
#2940 = CARTESIAN_POINT ( 'NONE',  ( 57.55000000000008953, 1.390586440431820952E-14, 2.000000000000000000 ) ) ;
#2941 = CIRCLE ( 'NONE', #6466, 1.550000000000000266 ) ;
#2942 = DIRECTION ( 'NONE',  ( 0.000000000000000000, 0.000000000000000000, 1.000000000000000000 ) ) ;
#2943 = DIRECTION ( 'NONE',  ( 1.000000000000000000, 0.000000000000000000, 0.000000000000000000 ) ) ;
#2944 = VECTOR ( 'NONE', #6537, 1000.000000000000000 ) ;
#2945 = LINE ( 'NONE', #3790, #4147 ) ;
#2946 = ORIENTED_EDGE ( 'NONE', *, *, #8221, .F. ) ;
#2947 = ORIENTED_EDGE ( 'NONE', *, *, #8716, .T. ) ;
#2948 = DIRECTION ( 'NONE',  ( 1.000000000000000000, 0.000000000000000000, 0.000000000000000000 ) ) ;
#2949 = EDGE_LOOP ( 'NONE', ( #5641, #834, #5218, #9124, #9735 ) ) ;
#2950 = DIRECTION ( 'NONE',  ( -0.000000000000000000, -0.000000000000000000, -1.000000000000000000 ) ) ;
#2951 = VERTEX_POINT ( 'NONE', #9604 ) ;
#2952 = VECTOR ( 'NONE', #5095, 1000.000000000000000 ) ;
#2953 = CARTESIAN_POINT ( 'NONE',  ( 1.549999999999998268, 37.00000000000000000, 0.000000000000000000 ) ) ;
#2954 = CIRCLE ( 'NONE', #7415, 1.550000000000002709 ) ;
#2955 = DIRECTION ( 'NONE',  ( 1.000000000000000000, 0.000000000000000000, 0.000000000000000000 ) ) ;
#2956 = ORIENTED_EDGE ( 'NONE', *, *, #516, .F. ) ;
#2957 = CIRCLE ( 'NONE', #6154, 1.550000000000009592 ) ;
#2958 = CARTESIAN_POINT ( 'NONE',  ( 0.000000000000000000, 57.49999999999999289, 0.000000000000000000 ) ) ;
#2959 = ORIENTED_EDGE ( 'NONE', *, *, #936, .F. ) ;
#2960 = FACE_BOUND ( 'NONE', #1013, .T. ) ;
#2961 = CARTESIAN_POINT ( 'NONE',  ( -28.00000000000001776, -46.99999999999998579, 2.000000000000000000 ) ) ;
#2962 = ADVANCED_FACE ( 'NONE', ( #5037 ), #5790, .F. ) ;
#2963 = ORIENTED_EDGE ( 'NONE', *, *, #8894, .T. ) ;
#2964 = CARTESIAN_POINT ( 'NONE',  ( -43.55000000000003268, 70.00000000000000000, 0.000000000000000000 ) ) ;
#2965 = ORIENTED_EDGE ( 'NONE', *, *, #6582, .F. ) ;
#2966 = CARTESIAN_POINT ( 'NONE',  ( 42.00000000000004263, -70.00000000000002842, 2.000000000000000000 ) ) ;
#2967 = VECTOR ( 'NONE', #6539, 1000.000000000000000 ) ;
#2968 = EDGE_CURVE ( 'NONE', #4137, #9092, #4762, .T. ) ;
#2969 = ADVANCED_FACE ( 'NONE', ( #9650 ), #2781, .F. ) ;
#2970 = CARTESIAN_POINT ( 'NONE',  ( -57.55000000000003268, 0.000000000000000000, 0.000000000000000000 ) ) ;
#2971 = CYLINDRICAL_SURFACE ( 'NONE', #4930, 1.549999999999995826 ) ;
#2972 = EDGE_CURVE ( 'NONE', #4391, #8323, #1833, .T. ) ;
#2973 = DIRECTION ( 'NONE',  ( 0.000000000000000000, 0.000000000000000000, 1.000000000000000000 ) ) ;
#2974 = ORIENTED_EDGE ( 'NONE', *, *, #4060, .T. ) ;
#2975 = DIRECTION ( 'NONE',  ( -0.000000000000000000, -0.000000000000000000, 1.000000000000000000 ) ) ;
#2976 = VERTEX_POINT ( 'NONE', #4146 ) ;
#2977 = DIRECTION ( 'NONE',  ( 1.000000000000000000, 0.000000000000000000, 0.000000000000000000 ) ) ;
#2978 = EDGE_CURVE ( 'NONE', #775, #7886, #6824, .T. ) ;
#2979 = VERTEX_POINT ( 'NONE', #8942 ) ;
#2980 = VECTOR ( 'NONE', #4158, 1000.000000000000000 ) ;
#2981 = CARTESIAN_POINT ( 'NONE',  ( 57.55000000000006111, 70.00000000000000000, 0.000000000000000000 ) ) ;
#2982 = CARTESIAN_POINT ( 'NONE',  ( -42.00000000000000711, 46.00000000000000711, 2.000000000000000000 ) ) ;
#2983 = ORIENTED_EDGE ( 'NONE', *, *, #7501, .F. ) ;
#2984 = AXIS2_PLACEMENT_3D ( 'NONE', #4586, #1625, #4684 ) ;
#2985 = FACE_OUTER_BOUND ( 'NONE', #2350, .T. ) ;
#2986 = VERTEX_POINT ( 'NONE', #2981 ) ;
#2987 = DIRECTION ( 'NONE',  ( -1.000000000000000000, 0.000000000000000000, 0.000000000000000000 ) ) ;
#2988 = CIRCLE ( 'NONE', #4102, 1.549999999999995826 ) ;
#2989 = DIRECTION ( 'NONE',  ( -1.000000000000000000, 0.000000000000000000, 0.000000000000000000 ) ) ;
#2990 = DIRECTION ( 'NONE',  ( -0.000000000000000000, -0.000000000000000000, -1.000000000000000000 ) ) ;
#2991 = VECTOR ( 'NONE', #3, 1000.000000000000000 ) ;
#2992 = CARTESIAN_POINT ( 'NONE',  ( -52.00000000000002132, -77.00000000000001421, 2.000000000000000000 ) ) ;
#2993 = DIRECTION ( 'NONE',  ( -0.000000000000000000, -0.000000000000000000, 1.000000000000000000 ) ) ;
#2994 = EDGE_LOOP ( 'NONE', ( #497, #7051, #5675, #1933 ) ) ;
#2995 = ORIENTED_EDGE ( 'NONE', *, *, #5917, .F. ) ;
#2996 = DIRECTION ( 'NONE',  ( -1.000000000000000000, 0.000000000000000000, 0.000000000000000000 ) ) ;
#2997 = ORIENTED_EDGE ( 'NONE', *, *, #9450, .T. ) ;
#2998 = CYLINDRICAL_SURFACE ( 'NONE', #478, 1.550000000000002709 ) ;
#2999 = CARTESIAN_POINT ( 'NONE',  ( -11.00000000000000000, -49.45000000000000284, 0.000000000000000000 ) ) ;
#3000 = DIRECTION ( 'NONE',  ( -1.000000000000000000, 0.000000000000000000, 0.000000000000000000 ) ) ;
#3001 = EDGE_CURVE ( 'NONE', #3458, #7254, #6035, .T. ) ;
#3002 = CIRCLE ( 'NONE', #2031, 1.550000000000002709 ) ;
#3003 = CIRCLE ( 'NONE', #1231, 1.549999999999995826 ) ;
#3004 = AXIS2_PLACEMENT_3D ( 'NONE', #2281, #6050, #4594 ) ;
#3005 = VECTOR ( 'NONE', #6635, 1000.000000000000000 ) ;
#3006 = CIRCLE ( 'NONE', #9403, 1.550000000000002709 ) ;
#3007 = CYLINDRICAL_SURFACE ( 'NONE', #5131, 1.549999999999995826 ) ;
#3008 = VERTEX_POINT ( 'NONE', #4485 ) ;
#3009 = DIRECTION ( 'NONE',  ( -0.000000000000000000, -0.000000000000000000, 1.000000000000000000 ) ) ;
#3010 = ORIENTED_EDGE ( 'NONE', *, *, #2723, .F. ) ;
#3011 = FACE_BOUND ( 'NONE', #5842, .T. ) ;
#3012 = LINE ( 'NONE', #6068, #322 ) ;
#3013 = AXIS2_PLACEMENT_3D ( 'NONE', #7308, #2665, #8866 ) ;
#3014 = EDGE_LOOP ( 'NONE', ( #315, #3228 ) ) ;
#3015 = AXIS2_PLACEMENT_3D ( 'NONE', #1052, #5435, #8666 ) ;
#3016 = CARTESIAN_POINT ( 'NONE',  ( 6.450000000000000178, 43.00000000000000000, 2.000000000000000000 ) ) ;
#3017 = VECTOR ( 'NONE', #4646, 1000.000000000000000 ) ;
#3018 = VERTEX_POINT ( 'NONE', #7567 ) ;
#3019 = DIRECTION ( 'NONE',  ( -0.6246950475544246206, -0.7808688094430300541, 0.000000000000000000 ) ) ;
#3020 = VECTOR ( 'NONE', #3755, 1000.000000000000000 ) ;
#3021 = MECHANICAL_DESIGN_GEOMETRIC_PRESENTATION_REPRESENTATION (  '', ( #765 ), #6377 ) ;
#3022 = CIRCLE ( 'NONE', #7965, 1.550000000000002709 ) ;
#3023 = CARTESIAN_POINT ( 'NONE',  ( 11.44999999999999751, 62.00000000000000000, 0.000000000000000000 ) ) ;
#3024 = CARTESIAN_POINT ( 'NONE',  ( -24.64999999999998082, -29.60000000000000142, 0.000000000000000000 ) ) ;
#3025 = DIRECTION ( 'NONE',  ( 1.000000000000000000, 0.000000000000000000, 0.000000000000000000 ) ) ;
#3026 = EDGE_CURVE ( 'NONE', #4459, #3715, #3637, .T. ) ;
#3027 = ORIENTED_EDGE ( 'NONE', *, *, #9493, .T. ) ;
#3028 = DIRECTION ( 'NONE',  ( -1.000000000000000000, 0.000000000000000000, 0.000000000000000000 ) ) ;
#3029 = EDGE_LOOP ( 'NONE', ( #205, #4478, #7882, #1960 ) ) ;
#3030 = EDGE_CURVE ( 'NONE', #2371, #2976, #9796, .T. ) ;
#3031 = FACE_OUTER_BOUND ( 'NONE', #37, .T. ) ;
#3032 = ADVANCED_FACE ( 'NONE', ( #618 ), #2831, .F. ) ;
#3033 = VERTEX_POINT ( 'NONE', #563 ) ;
#3034 = DIRECTION ( 'NONE',  ( -0.000000000000000000, -0.000000000000000000, 1.000000000000000000 ) ) ;
#3035 = DIRECTION ( 'NONE',  ( 0.000000000000000000, 0.000000000000000000, 1.000000000000000000 ) ) ;
#3036 = ORIENTED_EDGE ( 'NONE', *, *, #3369, .F. ) ;
#3037 = DIRECTION ( 'NONE',  ( -0.000000000000000000, -0.000000000000000000, -1.000000000000000000 ) ) ;
#3038 = EDGE_CURVE ( 'NONE', #3841, #3340, #6981, .T. ) ;
#3039 = ORIENTED_EDGE ( 'NONE', *, *, #8789, .F. ) ;
#3040 = DIRECTION ( 'NONE',  ( 1.000000000000000000, 0.000000000000000000, 0.000000000000000000 ) ) ;
#3041 = ADVANCED_FACE ( 'NONE', ( #6032 ), #8985, .F. ) ;
#3042 = CARTESIAN_POINT ( 'NONE',  ( 21.00000000000000000, 21.00000000000000355, 0.000000000000000000 ) ) ;
#3043 = ADVANCED_FACE ( 'NONE', ( #5179 ), #9846, .F. ) ;
#3044 = EDGE_CURVE ( 'NONE', #7134, #9464, #6516, .T. ) ;
#3045 = CARTESIAN_POINT ( 'NONE',  ( -11.00000000000000000, -77.54999999999999716, 0.000000000000000000 ) ) ;
#3046 = DIRECTION ( 'NONE',  ( 0.000000000000000000, 0.000000000000000000, 1.000000000000000000 ) ) ;
#3047 = LINE ( 'NONE', #6889, #7462 ) ;
#3048 = ORIENTED_EDGE ( 'NONE', *, *, #5961, .F. ) ;
#3049 = VERTEX_POINT ( 'NONE', #5984 ) ;
#3050 = DIRECTION ( 'NONE',  ( -1.000000000000000000, 0.000000000000000000, 0.000000000000000000 ) ) ;
#3051 = EDGE_LOOP ( 'NONE', ( #4170, #5524 ) ) ;
#3052 = DIRECTION ( 'NONE',  ( -0.000000000000000000, 1.000000000000000000, -0.000000000000000000 ) ) ;
#3053 = DIRECTION ( 'NONE',  ( 1.000000000000000000, 0.000000000000000000, 0.000000000000000000 ) ) ;
#3054 = DIRECTION ( 'NONE',  ( -0.000000000000000000, -0.000000000000000000, -1.000000000000000000 ) ) ;
#3055 = VECTOR ( 'NONE', #9541, 1000.000000000000000 ) ;
#3056 = ADVANCED_FACE ( 'NONE', ( #9084 ), #3684, .F. ) ;
#3057 = CYLINDRICAL_SURFACE ( 'NONE', #6256, 1.550000000000002709 ) ;
#3058 = VERTEX_POINT ( 'NONE', #2932 ) ;
#3059 = AXIS2_PLACEMENT_3D ( 'NONE', #9784, #8252, #3809 ) ;
#3060 = DIRECTION ( 'NONE',  ( 1.000000000000000000, 0.000000000000000000, 0.000000000000000000 ) ) ;
#3061 = ADVANCED_FACE ( 'NONE', ( #5322 ), #6775, .F. ) ;
#3062 = ORIENTED_EDGE ( 'NONE', *, *, #9849, .F. ) ;
#3063 = DIRECTION ( 'NONE',  ( 0.000000000000000000, 0.000000000000000000, 1.000000000000000000 ) ) ;
#3064 = CARTESIAN_POINT ( 'NONE',  ( 27.45000000000004547, 36.50000000000000000, 2.000000000000000000 ) ) ;
#3065 = VECTOR ( 'NONE', #2788, 1000.000000000000000 ) ;
#3066 = ORIENTED_EDGE ( 'NONE', *, *, #1182, .T. ) ;
#3067 = CARTESIAN_POINT ( 'NONE',  ( -40.45000000000000284, -38.20000000000003126, 2.000000000000000000 ) ) ;
#3068 = ORIENTED_EDGE ( 'NONE', *, *, #3767, .F. ) ;
#3069 = CARTESIAN_POINT ( 'NONE',  ( 53.55000000000006821, -47.00000000000001421, 2.000000000000000000 ) ) ;
#3070 = DIRECTION ( 'NONE',  ( -0.000000000000000000, -0.000000000000000000, 1.000000000000000000 ) ) ;
#3071 = CARTESIAN_POINT ( 'NONE',  ( 21.00000000000000000, 21.00000000000000355, 0.000000000000000000 ) ) ;
#3072 = CARTESIAN_POINT ( 'NONE',  ( 29.00000000000004619, 36.50000000000000000, 0.000000000000000000 ) ) ;
#3073 = ORIENTED_EDGE ( 'NONE', *, *, #396, .T. ) ;
#3074 = EDGE_CURVE ( 'NONE', #1006, #6936, #3799, .T. ) ;
#3075 = VERTEX_POINT ( 'NONE', #5135 ) ;
#3076 = DIRECTION ( 'NONE',  ( 0.000000000000000000, 0.000000000000000000, 1.000000000000000000 ) ) ;
#3077 = ORIENTED_EDGE ( 'NONE', *, *, #4625, .T. ) ;
#3078 = DIRECTION ( 'NONE',  ( -1.000000000000000000, 0.000000000000000000, 0.000000000000000000 ) ) ;
#3079 = ORIENTED_EDGE ( 'NONE', *, *, #967, .T. ) ;
#3080 = FACE_BOUND ( 'NONE', #5966, .T. ) ;
#3081 = CYLINDRICAL_SURFACE ( 'NONE', #7628, 1.550000000000002709 ) ;
#3082 = ORIENTED_EDGE ( 'NONE', *, *, #1455, .T. ) ;
#3083 = CARTESIAN_POINT ( 'NONE',  ( -18.50000000000003553, -46.00000000000000711, 0.000000000000000000 ) ) ;
#3084 = ORIENTED_EDGE ( 'NONE', *, *, #2167, .F. ) ;
#3085 = DIRECTION ( 'NONE',  ( -1.000000000000000000, 0.000000000000000000, 0.000000000000000000 ) ) ;
#3086 = ADVANCED_FACE ( 'NONE', ( #4531 ), #5228, .F. ) ;
#3087 = DIRECTION ( 'NONE',  ( -0.000000000000000000, -0.000000000000000000, 1.000000000000000000 ) ) ;
#3088 = ADVANCED_FACE ( 'NONE', ( #9132, #2269, #8369, #1513, #4579, #3234, #3080, #908, #6283, #8624, #3830, #5527, #5377, #963, #2525, #107, #5434, #7770, #3189, #6235, #7027, #3985, #1621, #9381, #4728, #159, #3282, #7671, #8572, #6872, #1773, #4678, #8421, #9332, #1719, #2474, #4783, #8479, #7618, #7825, #5482, #5584, #7, #6178, #7716, #2321, #9179, #8521, #1570, #761, #6128, #6328, #4031, #9234, #807, #7072, #54, #206, #4636, #3874, #6919, #3128, #9288, #2376, #855, #3923, #6969, #2430, #1668, #1009, #4078, #6427, #7122, #8875, #8720, #5629, #1926, #5780, #4231, #1970, #8827, #4933, #257, #5025, #7275, #9483, #3533, #1062, #7976, #8074, #1209, #3383, #2676, #8672, #311, #1871, #2623, #2727, #4279, #4982, #1115, #2577, #3429, #5678, #9434, #4877, #6478, #4185, #7225, #362 ), #7921, .T. ) ;
#3089 = ADVANCED_FACE ( 'NONE', ( #9538 ), #410, .F. ) ;
#3090 = DIRECTION ( 'NONE',  ( 1.000000000000000000, 0.000000000000000000, 0.000000000000000000 ) ) ;
#3091 = LINE ( 'NONE', #6837, #602 ) ;
#3092 = DIRECTION ( 'NONE',  ( 0.000000000000000000, 0.000000000000000000, 1.000000000000000000 ) ) ;
#3093 = ORIENTED_EDGE ( 'NONE', *, *, #8331, .T. ) ;
#3094 = EDGE_CURVE ( 'NONE', #1886, #1394, #8918, .T. ) ;
#3095 = EDGE_LOOP ( 'NONE', ( #4536, #2285, #8559, #928 ) ) ;
#3096 = CARTESIAN_POINT ( 'NONE',  ( -54.45000000000000995, -91.00000000000000000, 0.000000000000000000 ) ) ;
#3097 = ORIENTED_EDGE ( 'NONE', *, *, #1427, .T. ) ;
#3098 = CARTESIAN_POINT ( 'NONE',  ( -28.00000000000001776, 46.99999999999998579, 2.000000000000000000 ) ) ;
#3099 = VECTOR ( 'NONE', #6331, 1000.000000000000000 ) ;
#3100 = EDGE_CURVE ( 'NONE', #3978, #8008, #4116, .T. ) ;
#3101 = CARTESIAN_POINT ( 'NONE',  ( 42.00000000000004263, -70.00000000000002842, 2.000000000000000000 ) ) ;
#3102 = CARTESIAN_POINT ( 'NONE',  ( -18.50000000000003908, -83.00000000000000000, 0.000000000000000000 ) ) ;
#3103 = CARTESIAN_POINT ( 'NONE',  ( -48.99999999999998579, -7.500000000000000000, 2.000000000000000000 ) ) ;
#3104 = ORIENTED_EDGE ( 'NONE', *, *, #451, .F. ) ;
#3105 = DIRECTION ( 'NONE',  ( -0.000000000000000000, -0.000000000000000000, 1.000000000000000000 ) ) ;
#3106 = VECTOR ( 'NONE', #538, 1000.000000000000000 ) ;
#3107 = EDGE_LOOP ( 'NONE', ( #993, #9197, #2409, #9131 ) ) ;
#3108 = DIRECTION ( 'NONE',  ( 0.000000000000000000, 0.000000000000000000, 1.000000000000000000 ) ) ;
#3109 = CARTESIAN_POINT ( 'NONE',  ( 50.45000000000005258, 77.00000000000002842, 2.000000000000000000 ) ) ;
#3110 = ORIENTED_EDGE ( 'NONE', *, *, #78, .T. ) ;
#3111 = DIRECTION ( 'NONE',  ( -0.000000000000000000, -0.000000000000000000, -1.000000000000000000 ) ) ;
#3112 = VERTEX_POINT ( 'NONE', #4829 ) ;
#3113 = CARTESIAN_POINT ( 'NONE',  ( -22.00000000000000000, 60.19999999999999574, 2.000000000000000000 ) ) ;
#3114 = AXIS2_PLACEMENT_3D ( 'NONE', #4551, #9201, #7587 ) ;
#3115 = EDGE_CURVE ( 'NONE', #1778, #6964, #3172, .T. ) ;
#3116 = DIRECTION ( 'NONE',  ( 1.000000000000000000, 0.000000000000000000, 0.000000000000000000 ) ) ;
#3117 = CARTESIAN_POINT ( 'NONE',  ( -22.00000000000000000, 60.19999999999999574, 2.000000000000000000 ) ) ;
#3118 = ORIENTED_EDGE ( 'NONE', *, *, #8659, .F. ) ;
#3119 = PLANE ( 'NONE',  #2115 ) ;
#3120 = ORIENTED_EDGE ( 'NONE', *, *, #5562, .F. ) ;
#3121 = ORIENTED_EDGE ( 'NONE', *, *, #2809, .T. ) ;
#3122 = AXIS2_PLACEMENT_3D ( 'NONE', #8233, #770, #4538 ) ;
#3123 = DIRECTION ( 'NONE',  ( -1.000000000000000000, -3.469446951953611724E-16, 0.000000000000000000 ) ) ;
#3124 = ORIENTED_EDGE ( 'NONE', *, *, #4083, .F. ) ;
#3125 = CARTESIAN_POINT ( 'NONE',  ( -52.00000000000002132, 47.00000000000000000, 2.000000000000000000 ) ) ;
#3126 = EDGE_CURVE ( 'NONE', #6562, #5939, #3968, .T. ) ;
#3127 = VERTEX_POINT ( 'NONE', #6379 ) ;
#3128 = FACE_BOUND ( 'NONE', #8702, .T. ) ;
#3129 = ADVANCED_FACE ( 'NONE', ( #1411 ), #9067, .F. ) ;
#3130 = EDGE_CURVE ( 'NONE', #5053, #9926, #9577, .T. ) ;
#3131 = CARTESIAN_POINT ( 'NONE',  ( 3.125000000000001776, 65.00000000000000000, 0.000000000000000000 ) ) ;
#3132 = ORIENTED_EDGE ( 'NONE', *, *, #2809, .F. ) ;
#3133 = CARTESIAN_POINT ( 'NONE',  ( 54.45000000000003837, -70.00000000000002842, 2.000000000000000000 ) ) ;
#3134 = EDGE_LOOP ( 'NONE', ( #8583, #2178, #2905, #5916 ) ) ;
#3135 = CARTESIAN_POINT ( 'NONE',  ( -56.00000000000002842, 70.00000000000000000, 2.000000000000000000 ) ) ;
#3136 = EDGE_LOOP ( 'NONE', ( #4959, #4840 ) ) ;
#3137 = CARTESIAN_POINT ( 'NONE',  ( 30.55000000000000782, 9.500000000000000000, 2.000000000000000000 ) ) ;
#3138 = VERTEX_POINT ( 'NONE', #5168 ) ;
#3139 = CARTESIAN_POINT ( 'NONE',  ( 42.00000000000007816, -46.00000000000000711, 0.000000000000000000 ) ) ;
#3140 = CIRCLE ( 'NONE', #2507, 1.550000000000002709 ) ;
#3141 = FACE_OUTER_BOUND ( 'NONE', #6249, .T. ) ;
#3142 = CARTESIAN_POINT ( 'NONE',  ( -45.99999999999997158, -91.00000000000002842, 2.000000000000000000 ) ) ;
#3143 = ORIENTED_EDGE ( 'NONE', *, *, #6996, .F. ) ;
#3144 = ORIENTED_EDGE ( 'NONE', *, *, #503, .F. ) ;
#3145 = CARTESIAN_POINT ( 'NONE',  ( 0.000000000000000000, 65.00000000000000000, 0.000000000000000000 ) ) ;
#3146 = ORIENTED_EDGE ( 'NONE', *, *, #1991, .F. ) ;
#3147 = DIRECTION ( 'NONE',  ( 0.000000000000000000, 0.000000000000000000, 1.000000000000000000 ) ) ;
#3148 = ADVANCED_FACE ( 'NONE', ( #2117 ), #1352, .F. ) ;
#3149 = DIRECTION ( 'NONE',  ( 0.000000000000000000, 0.000000000000000000, 1.000000000000000000 ) ) ;
#3150 = CARTESIAN_POINT ( 'NONE',  ( -63.99999999999998579, -91.00000000000000000, 2.000000000000000000 ) ) ;
#3151 = EDGE_CURVE ( 'NONE', #774, #5487, #4333, .T. ) ;
#3152 = AXIS2_PLACEMENT_3D ( 'NONE', #50, #900, #9284 ) ;
#3153 = EDGE_CURVE ( 'NONE', #5976, #2951, #4929, .T. ) ;
#3154 = DIRECTION ( 'NONE',  ( -1.000000000000000000, 0.000000000000000000, 0.000000000000000000 ) ) ;
#3155 = ORIENTED_EDGE ( 'NONE', *, *, #3044, .T. ) ;
#3156 = FACE_OUTER_BOUND ( 'NONE', #4488, .T. ) ;
#3157 = ORIENTED_EDGE ( 'NONE', *, *, #9025, .F. ) ;
#3158 = FACE_BOUND ( 'NONE', #6385, .T. ) ;
#3159 = DIRECTION ( 'NONE',  ( 0.000000000000000000, 0.000000000000000000, 1.000000000000000000 ) ) ;
#3160 = EDGE_LOOP ( 'NONE', ( #9778, #3576, #1207, #8854 ) ) ;
#3161 = AXIS2_PLACEMENT_3D ( 'NONE', #8460, #88, #890 ) ;
#3162 = AXIS2_PLACEMENT_3D ( 'NONE', #7379, #6542, #3344 ) ;
#3163 = FACE_OUTER_BOUND ( 'NONE', #8364, .T. ) ;
#3164 = EDGE_LOOP ( 'NONE', ( #4270, #6054 ) ) ;
#3166 = EDGE_CURVE ( 'NONE', #9392, #874, #4448, .T. ) ;
#3165 = VECTOR ( 'NONE', #8093, 1000.000000000000000 ) ;
#3167 = AXIS2_PLACEMENT_3D ( 'NONE', #1787, #3934, #7837 ) ;
#3168 = EDGE_CURVE ( 'NONE', #4775, #6184, #3623, .T. ) ;
#3169 = DIRECTION ( 'NONE',  ( 0.000000000000000000, 0.000000000000000000, 1.000000000000000000 ) ) ;
#3170 = AXIS2_PLACEMENT_3D ( 'NONE', #2784, #4243, #5690 ) ;
#3171 = AXIS2_PLACEMENT_3D ( 'NONE', #6512, #6319, #9369 ) ;
#3172 = CIRCLE ( 'NONE', #7795, 1.549999999999999378 ) ;
#3173 = DIRECTION ( 'NONE',  ( -0.000000000000000000, -0.000000000000000000, -1.000000000000000000 ) ) ;
#3174 = AXIS2_PLACEMENT_3D ( 'NONE', #4719, #7759, #893 ) ;
#3175 = CYLINDRICAL_SURFACE ( 'NONE', #9866, 1.550000000000004485 ) ;
#3176 = CIRCLE ( 'NONE', #7000, 1.549999999999995826 ) ;
#3177 = ORIENTED_EDGE ( 'NONE', *, *, #6992, .T. ) ;
#3178 = AXIS2_PLACEMENT_3D ( 'NONE', #4408, #1250, #3520 ) ;
#3179 = FACE_OUTER_BOUND ( 'NONE', #3606, .T. ) ;
#3180 = VERTEX_POINT ( 'NONE', #8260 ) ;
#3181 = ORIENTED_EDGE ( 'NONE', *, *, #8707, .T. ) ;
#3182 = DIRECTION ( 'NONE',  ( -0.000000000000000000, -0.000000000000000000, 1.000000000000000000 ) ) ;
#3183 = VERTEX_POINT ( 'NONE', #4476 ) ;
#3184 = CARTESIAN_POINT ( 'NONE',  ( 40.45000000000005258, 70.00000000000000000, 2.000000000000000000 ) ) ;
#3185 = VECTOR ( 'NONE', #9664, 1000.000000000000000 ) ;
#3186 = EDGE_CURVE ( 'NONE', #7056, #3211, #913, .T. ) ;
#3187 = AXIS2_PLACEMENT_3D ( 'NONE', #2639, #330, #1320 ) ;
#3188 = ORIENTED_EDGE ( 'NONE', *, *, #396, .F. ) ;
#3189 = FACE_BOUND ( 'NONE', #3308, .T. ) ;
#3190 = ORIENTED_EDGE ( 'NONE', *, *, #6155, .T. ) ;
#3191 = CARTESIAN_POINT ( 'NONE',  ( -42.00000000000001421, -70.00000000000002842, 2.000000000000000000 ) ) ;
#3192 = ORIENTED_EDGE ( 'NONE', *, *, #3827, .F. ) ;
#3193 = CARTESIAN_POINT ( 'NONE',  ( -28.00000000000001776, 77.00000000000002842, 2.000000000000000000 ) ) ;
#3194 = ORIENTED_EDGE ( 'NONE', *, *, #3166, .F. ) ;
#3195 = DIRECTION ( 'NONE',  ( 0.000000000000000000, 0.000000000000000000, 1.000000000000000000 ) ) ;
#3196 = EDGE_LOOP ( 'NONE', ( #8872, #6591 ) ) ;
#3197 = AXIS2_PLACEMENT_3D ( 'NONE', #7221, #9635, #8774 ) ;
#3198 = CYLINDRICAL_SURFACE ( 'NONE', #8565, 1.550000000000002709 ) ;
#3199 = CARTESIAN_POINT ( 'NONE',  ( 6.000000000000060396, -89.45000000000000284, 2.000000000000000000 ) ) ;
#3200 = VERTEX_POINT ( 'NONE', #6812 ) ;
#3201 = ORIENTED_EDGE ( 'NONE', *, *, #6165, .F. ) ;
#3202 = CARTESIAN_POINT ( 'NONE',  ( -28.99999999999995737, 36.50000000000003553, 0.000000000000000000 ) ) ;
#3203 = ORIENTED_EDGE ( 'NONE', *, *, #451, .T. ) ;
#3204 = DIRECTION ( 'NONE',  ( -1.000000000000000000, 0.000000000000000000, 0.000000000000000000 ) ) ;
#3205 = DIRECTION ( 'NONE',  ( -0.000000000000000000, -0.000000000000000000, 1.000000000000000000 ) ) ;
#3206 = DIRECTION ( 'NONE',  ( 1.000000000000000000, 0.000000000000000000, 0.000000000000000000 ) ) ;
#3207 = CYLINDRICAL_SURFACE ( 'NONE', #6172, 1.550000000000001155 ) ;
#3208 = CARTESIAN_POINT ( 'NONE',  ( 58.00000000000000000, -11.99999999999999645, 2.000000000000000000 ) ) ;
#3209 = ORIENTED_EDGE ( 'NONE', *, *, #6214, .F. ) ;
#3210 = FACE_OUTER_BOUND ( 'NONE', #4515, .T. ) ;
#3211 = VERTEX_POINT ( 'NONE', #5126 ) ;
#3212 = CIRCLE ( 'NONE', #7509, 1.549999999999995826 ) ;
#3213 = FACE_BOUND ( 'NONE', #8136, .T. ) ;
#3214 = CARTESIAN_POINT ( 'NONE',  ( -18.50000000000003553, -46.00000000000000711, 2.000000000000000000 ) ) ;
#3215 = VERTEX_POINT ( 'NONE', #2970 ) ;
#3216 = CARTESIAN_POINT ( 'NONE',  ( 15.00000000000000355, 77.00000000000000000, 0.000000000000000000 ) ) ;
#3217 = ORIENTED_EDGE ( 'NONE', *, *, #1061, .F. ) ;
#3218 = EDGE_CURVE ( 'NONE', #1160, #8856, #6997, .T. ) ;
#3219 = VECTOR ( 'NONE', #7351, 1000.000000000000000 ) ;
#3220 = AXIS2_PLACEMENT_3D ( 'NONE', #9746, #2882, #5929 ) ;
#3221 = CARTESIAN_POINT ( 'NONE',  ( 42.00000000000007816, -38.20000000000000284, 2.000000000000000000 ) ) ;
#3222 = EDGE_CURVE ( 'NONE', #1131, #3882, #594, .T. ) ;
#3223 = EDGE_CURVE ( 'NONE', #4347, #5650, #9079, .T. ) ;
#3224 = CIRCLE ( 'NONE', #4021, 1.550000000000009592 ) ;
#3225 = DIRECTION ( 'NONE',  ( -1.000000000000000000, 0.000000000000000000, 0.000000000000000000 ) ) ;
#3226 = VERTEX_POINT ( 'NONE', #2819 ) ;
#3227 = DIRECTION ( 'NONE',  ( -0.000000000000000000, -0.000000000000000000, 1.000000000000000000 ) ) ;
#3228 = ORIENTED_EDGE ( 'NONE', *, *, #7945, .F. ) ;
#3229 = EDGE_CURVE ( 'NONE', #6544, #4935, #5242, .T. ) ;
#3230 = DIRECTION ( 'NONE',  ( -1.000000000000000000, 0.000000000000000000, 0.000000000000000000 ) ) ;
#3231 = ORIENTED_EDGE ( 'NONE', *, *, #6269, .T. ) ;
#3232 = CARTESIAN_POINT ( 'NONE',  ( -23.09999999999998366, -29.60000000000000142, 0.000000000000000000 ) ) ;
#3233 = ORIENTED_EDGE ( 'NONE', *, *, #5051, .F. ) ;
#3234 = FACE_BOUND ( 'NONE', #5786, .T. ) ;
#3235 = CARTESIAN_POINT ( 'NONE',  ( 53.55000000000003979, -77.00000000000002842, 2.000000000000000000 ) ) ;
#3236 = VERTEX_POINT ( 'NONE', #9832 ) ;
#3237 = EDGE_CURVE ( 'NONE', #3258, #7518, #2216, .T. ) ;
#3238 = LINE ( 'NONE', #260, #7081 ) ;
#3239 = ORIENTED_EDGE ( 'NONE', *, *, #2234, .F. ) ;
#3240 = DIRECTION ( 'NONE',  ( -1.000000000000000000, 0.000000000000000000, 0.000000000000000000 ) ) ;
#3241 = EDGE_LOOP ( 'NONE', ( #5526, #9013, #1754, #5775 ) ) ;
#3242 = CARTESIAN_POINT ( 'NONE',  ( 48.99999999999998579, -7.500000000000000000, 0.000000000000000000 ) ) ;
#3243 = ORIENTED_EDGE ( 'NONE', *, *, #1270, .F. ) ;
#3244 = LINE ( 'NONE', #4090, #8587 ) ;
#3245 = EDGE_CURVE ( 'NONE', #9044, #9092, #5270, .T. ) ;
#3246 = CYLINDRICAL_SURFACE ( 'NONE', #6983, 1.549999999999982059 ) ;
#3247 = EDGE_LOOP ( 'NONE', ( #3548, #4356, #3783, #6025 ) ) ;
#3248 = ORIENTED_EDGE ( 'NONE', *, *, #2237, .T. ) ;
#3249 = DIRECTION ( 'NONE',  ( 1.000000000000000000, 0.000000000000000000, 0.000000000000000000 ) ) ;
#3250 = ORIENTED_EDGE ( 'NONE', *, *, #4023, .F. ) ;
#3251 = CARTESIAN_POINT ( 'NONE',  ( -42.00000000000000000, -38.20000000000003126, 2.000000000000000000 ) ) ;
#3252 = CARTESIAN_POINT ( 'NONE',  ( 19.90398448916085528, -22.09601551083915183, 0.000000000000000000 ) ) ;
#3253 = CARTESIAN_POINT ( 'NONE',  ( -1.549999999999922329, 85.50000000000001421, 0.000000000000000000 ) ) ;
#3254 = CARTESIAN_POINT ( 'NONE',  ( -29.55000000000001847, -77.00000000000002842, 2.000000000000000000 ) ) ;
#3255 =( NAMED_UNIT ( * ) PLANE_ANGLE_UNIT ( ) SI_UNIT ( $, .RADIAN. ) );
#3256 = VERTEX_POINT ( 'NONE', #5074 ) ;
#3257 = DIRECTION ( 'NONE',  ( -0.000000000000000000, -0.000000000000000000, -1.000000000000000000 ) ) ;
#3258 = VERTEX_POINT ( 'NONE', #8126 ) ;
#3259 = FACE_BOUND ( 'NONE', #3807, .T. ) ;
#3260 = LINE ( 'NONE', #8507, #6253 ) ;
#3261 = EDGE_LOOP ( 'NONE', ( #912, #85, #2687, #7086 ) ) ;
#3262 = FACE_OUTER_BOUND ( 'NONE', #2562, .T. ) ;
#3263 = ORIENTED_EDGE ( 'NONE', *, *, #1343, .F. ) ;
#3264 = CIRCLE ( 'NONE', #6449, 1.550000000000009592 ) ;
#3265 = VECTOR ( 'NONE', #7651, 1000.000000000000000 ) ;
#3266 = AXIS2_PLACEMENT_3D ( 'NONE', #4362, #443, #8815 ) ;
#3267 = LINE ( 'NONE', #8358, #4126 ) ;
#3268 = DIRECTION ( 'NONE',  ( 0.000000000000000000, 0.000000000000000000, 1.000000000000000000 ) ) ;
#3269 = EDGE_CURVE ( 'NONE', #9542, #5725, #7371, .T. ) ;
#3270 = EDGE_LOOP ( 'NONE', ( #5303, #7686, #1674, #2500 ) ) ;
#3271 = DIRECTION ( 'NONE',  ( -1.000000000000000000, 0.000000000000000000, 0.000000000000000000 ) ) ;
#3272 = CIRCLE ( 'NONE', #1179, 1.550000000000002709 ) ;
#3273 = ORIENTED_EDGE ( 'NONE', *, *, #4432, .F. ) ;
#3274 = DIRECTION ( 'NONE',  ( 1.000000000000000000, 0.000000000000000000, 0.000000000000000000 ) ) ;
#3275 = VERTEX_POINT ( 'NONE', #6620 ) ;
#3276 = EDGE_CURVE ( 'NONE', #5650, #4347, #7162, .T. ) ;
#3277 = DIRECTION ( 'NONE',  ( -1.000000000000000000, 0.000000000000000000, 0.000000000000000000 ) ) ;
#3278 = AXIS2_PLACEMENT_3D ( 'NONE', #5500, #5602, #8644 ) ;
#3279 = EDGE_CURVE ( 'NONE', #3127, #1778, #6667, .T. ) ;
#3280 = AXIS2_PLACEMENT_3D ( 'NONE', #2338, #4507, #3796 ) ;
#3281 = EDGE_CURVE ( 'NONE', #9359, #6037, #5365, .T. ) ;
#3282 = FACE_BOUND ( 'NONE', #3393, .T. ) ;
#3283 = DIRECTION ( 'NONE',  ( 1.000000000000000000, 0.000000000000000000, 0.000000000000000000 ) ) ;
#3284 = AXIS2_PLACEMENT_3D ( 'NONE', #816, #863, #4088 ) ;
#3285 = EDGE_LOOP ( 'NONE', ( #7722, #3850, #4628, #2903 ) ) ;
#3286 = DIRECTION ( 'NONE',  ( -0.000000000000000000, -0.000000000000000000, -1.000000000000000000 ) ) ;
#3287 = ORIENTED_EDGE ( 'NONE', *, *, #8291, .T. ) ;
#3288 = DIRECTION ( 'NONE',  ( 1.000000000000000000, 0.000000000000000000, 0.000000000000000000 ) ) ;
#3289 = ORIENTED_EDGE ( 'NONE', *, *, #7112, .F. ) ;
#3290 = DIRECTION ( 'NONE',  ( 0.000000000000000000, 0.000000000000000000, 1.000000000000000000 ) ) ;
#3291 = EDGE_CURVE ( 'NONE', #4626, #8696, #3267, .T. ) ;
#3292 = VERTEX_POINT ( 'NONE', #793 ) ;
#3293 = CARTESIAN_POINT ( 'NONE',  ( 42.00000000000005684, 54.00000000000000711, 2.000000000000000000 ) ) ;
#3294 = DIRECTION ( 'NONE',  ( 1.000000000000000000, 0.000000000000000000, 0.000000000000000000 ) ) ;
#3295 = ORIENTED_EDGE ( 'NONE', *, *, #4083, .T. ) ;
#3296 = DIRECTION ( 'NONE',  ( -0.000000000000000000, -0.000000000000000000, -1.000000000000000000 ) ) ;
#3297 = ORIENTED_EDGE ( 'NONE', *, *, #3409, .T. ) ;
#3298 = LINE ( 'NONE', #6252, #8976 ) ;
#3299 = LINE ( 'NONE', #2495, #9682 ) ;
#3300 = CARTESIAN_POINT ( 'NONE',  ( -28.99999999999998934, -85.50000000000000000, 0.000000000000000000 ) ) ;
#3301 = DIRECTION ( 'NONE',  ( 1.000000000000000000, 0.000000000000000000, 0.000000000000000000 ) ) ;
#3302 = CARTESIAN_POINT ( 'NONE',  ( -13.44999999999999929, 77.00000000000000000, 0.000000000000000000 ) ) ;
#3303 = ORIENTED_EDGE ( 'NONE', *, *, #445, .F. ) ;
#3304 = CIRCLE ( 'NONE', #2821, 1.549999999999995826 ) ;
#3305 = AXIS2_PLACEMENT_3D ( 'NONE', #671, #2990, #17 ) ;
#3306 = CYLINDRICAL_SURFACE ( 'NONE', #452, 1.550000000000002709 ) ;
#3307 = VERTEX_POINT ( 'NONE', #1606 ) ;
#3308 = EDGE_LOOP ( 'NONE', ( #6396, #3629, #3902, #8514, #6389 ) ) ;
#3309 = FACE_BOUND ( 'NONE', #8567, .T. ) ;
#3310 = DIRECTION ( 'NONE',  ( -1.000000000000000000, 0.000000000000000000, 0.000000000000000000 ) ) ;
#3311 = CIRCLE ( 'NONE', #5540, 1.549999999999995604 ) ;
#3312 = EDGE_CURVE ( 'NONE', #1141, #6793, #1079, .T. ) ;
#3313 = VERTEX_POINT ( 'NONE', #9167 ) ;
#3314 = DIRECTION ( 'NONE',  ( 1.000000000000000000, 0.000000000000000000, 0.000000000000000000 ) ) ;
#3315 = ORIENTED_EDGE ( 'NONE', *, *, #7672, .F. ) ;
#3316 = CIRCLE ( 'NONE', #4587, 1.550000000000002709 ) ;
#3317 = DIRECTION ( 'NONE',  ( -0.000000000000000000, -0.000000000000000000, -1.000000000000000000 ) ) ;
#3318 = CARTESIAN_POINT ( 'NONE',  ( 54.45000000000003837, -54.00000000000003553, 2.000000000000000000 ) ) ;
#3319 = VECTOR ( 'NONE', #8719, 1000.000000000000000 ) ;
#3320 = VERTEX_POINT ( 'NONE', #5467 ) ;
#3321 = DIRECTION ( 'NONE',  ( -0.000000000000000000, -0.000000000000000000, 1.000000000000000000 ) ) ;
#3322 = CARTESIAN_POINT ( 'NONE',  ( 0.000000000000000000, 65.00000000000000000, 0.000000000000000000 ) ) ;
#3323 = CIRCLE ( 'NONE', #7316, 1.550000000000002709 ) ;
#3324 = DIRECTION ( 'NONE',  ( 0.000000000000000000, 0.000000000000000000, 1.000000000000000000 ) ) ;
#3325 = VERTEX_POINT ( 'NONE', #3862 ) ;
#3326 = DIRECTION ( 'NONE',  ( -1.000000000000000000, 0.000000000000000000, 0.000000000000000000 ) ) ;
#3327 = AXIS2_PLACEMENT_3D ( 'NONE', #7757, #2357, #1898 ) ;
#3328 = AXIS2_PLACEMENT_3D ( 'NONE', #3590, #5937, #9696 ) ;
#3329 = CIRCLE ( 'NONE', #9734, 1.549999999999999378 ) ;
#3330 = CIRCLE ( 'NONE', #7152, 1.550000000000002709 ) ;
#3331 = DIRECTION ( 'NONE',  ( 1.000000000000000000, 0.000000000000000000, 0.000000000000000000 ) ) ;
#3332 = EDGE_CURVE ( 'NONE', #7066, #4743, #5419, .T. ) ;
#3333 = CARTESIAN_POINT ( 'NONE',  ( 8.999999999999992895, 28.50000000000002132, 2.000000000000000000 ) ) ;
#3334 = ORIENTED_EDGE ( 'NONE', *, *, #4686, .T. ) ;
#3335 = EDGE_CURVE ( 'NONE', #9575, #3843, #2310, .T. ) ;
#3336 = CARTESIAN_POINT ( 'NONE',  ( 29.64999999999999858, 69.00000000000000000, 2.000000000000000000 ) ) ;
#3337 = EDGE_LOOP ( 'NONE', ( #1910, #595, #9033, #13 ) ) ;
#3338 = FACE_OUTER_BOUND ( 'NONE', #7720, .T. ) ;
#3339 = VECTOR ( 'NONE', #2763, 1000.000000000000000 ) ;
#3340 = VERTEX_POINT ( 'NONE', #6166 ) ;
#3341 = DIRECTION ( 'NONE',  ( -1.000000000000000000, 0.000000000000000000, 0.000000000000000000 ) ) ;
#3342 = AXIS2_PLACEMENT_3D ( 'NONE', #2708, #9622, #6601 ) ;
#3343 = ORIENTED_EDGE ( 'NONE', *, *, #7571, .F. ) ;
#3344 = DIRECTION ( 'NONE',  ( 1.000000000000000000, 0.000000000000000000, 0.000000000000000000 ) ) ;
#3345 = AXIS2_PLACEMENT_3D ( 'NONE', #31, #7591, #2251 ) ;
#3346 = AXIS2_PLACEMENT_3D ( 'NONE', #1988, #8798, #5044 ) ;
#3347 = AXIS2_PLACEMENT_3D ( 'NONE', #1740, #8638, #7140 ) ;
#3348 = ADVANCED_FACE ( 'NONE', ( #4718 ), #1551, .F. ) ;
#3349 = DIRECTION ( 'NONE',  ( -0.000000000000000000, -0.000000000000000000, 1.000000000000000000 ) ) ;
#3350 = ORIENTED_EDGE ( 'NONE', *, *, #871, .T. ) ;
#3351 = EDGE_CURVE ( 'NONE', #897, #9161, #7318, .T. ) ;
#3352 = CARTESIAN_POINT ( 'NONE',  ( -14.99999999999999645, 52.99999999999999289, 0.000000000000000000 ) ) ;
#3353 = ORIENTED_EDGE ( 'NONE', *, *, #6585, .T. ) ;
#3354 = DIRECTION ( 'NONE',  ( -1.000000000000000000, 0.000000000000000000, 0.000000000000000000 ) ) ;
#3355 = CYLINDRICAL_SURFACE ( 'NONE', #2796, 1.549999999999998712 ) ;
#3356 = DIRECTION ( 'NONE',  ( 0.000000000000000000, 0.000000000000000000, 1.000000000000000000 ) ) ;
#3357 = EDGE_CURVE ( 'NONE', #6066, #492, #5402, .T. ) ;
#3358 = CARTESIAN_POINT ( 'NONE',  ( 42.00000000000007816, -46.00000000000000711, 2.000000000000000000 ) ) ;
#3359 = EDGE_CURVE ( 'NONE', #2759, #8772, #6834, .T. ) ;
#3360 = DIRECTION ( 'NONE',  ( 1.000000000000000000, 0.000000000000000000, 0.000000000000000000 ) ) ;
#3361 = CARTESIAN_POINT ( 'NONE',  ( 42.00000000000007816, 46.00000000000000711, 2.000000000000000000 ) ) ;
#3362 = EDGE_LOOP ( 'NONE', ( #3110, #5370, #4571, #2931 ) ) ;
#3363 = DIRECTION ( 'NONE',  ( -0.000000000000000000, -0.000000000000000000, 1.000000000000000000 ) ) ;
#3364 = ORIENTED_EDGE ( 'NONE', *, *, #9482, .T. ) ;
#3365 = EDGE_LOOP ( 'NONE', ( #7151, #449, #5266, #7040 ) ) ;
#3366 = FACE_BOUND ( 'NONE', #8658, .T. ) ;
#3367 = EDGE_LOOP ( 'NONE', ( #9759, #5036, #5476, #7035 ) ) ;
#3368 = LINE ( 'NONE', #6951, #7208 ) ;
#3369 = EDGE_CURVE ( 'NONE', #2814, #6774, #7629, .T. ) ;
#3370 = ORIENTED_EDGE ( 'NONE', *, *, #1185, .F. ) ;
#3371 = CYLINDRICAL_SURFACE ( 'NONE', #537, 1.550000000000009592 ) ;
#3372 = EDGE_LOOP ( 'NONE', ( #8654, #5750, #9646, #9265 ) ) ;
#3373 = ADVANCED_FACE ( 'NONE', ( #7016 ), #7758, .F. ) ;
#3374 = CARTESIAN_POINT ( 'NONE',  ( -28.99999999999995737, 36.50000000000003553, 0.000000000000000000 ) ) ;
#3375 = AXIS2_PLACEMENT_3D ( 'NONE', #1779, #7185, #6662 ) ;
#3376 = DIRECTION ( 'NONE',  ( 0.000000000000000000, 0.000000000000000000, 1.000000000000000000 ) ) ;
#3377 = ORIENTED_EDGE ( 'NONE', *, *, #3767, .T. ) ;
#3378 = DIRECTION ( 'NONE',  ( 0.000000000000000000, 0.000000000000000000, 1.000000000000000000 ) ) ;
#3379 = CARTESIAN_POINT ( 'NONE',  ( 64.00000000000007105, -90.99999999999998579, 2.000000000000000000 ) ) ;
#3380 = CARTESIAN_POINT ( 'NONE',  ( 16.55000000000000782, 53.00000000000000000, 2.000000000000000000 ) ) ;
#3381 = ORIENTED_EDGE ( 'NONE', *, *, #7804, .F. ) ;
#3382 = CARTESIAN_POINT ( 'NONE',  ( 22.09601551083917670, 19.90398448916085883, 0.000000000000000000 ) ) ;
#3383 = FACE_BOUND ( 'NONE', #8459, .T. ) ;
#3384 = DIRECTION ( 'NONE',  ( 1.000000000000000000, 0.000000000000000000, 0.000000000000000000 ) ) ;
#3385 = EDGE_CURVE ( 'NONE', #7003, #4391, #4568, .T. ) ;
#3386 = VERTEX_POINT ( 'NONE', #7604 ) ;
#3387 = DIRECTION ( 'NONE',  ( 0.000000000000000000, 0.000000000000000000, 1.000000000000000000 ) ) ;
#3388 = ORIENTED_EDGE ( 'NONE', *, *, #6477, .F. ) ;
#3389 = CARTESIAN_POINT ( 'NONE',  ( -28.99999999999998579, -36.50000000000000711, 0.000000000000000000 ) ) ;
#3390 = ORIENTED_EDGE ( 'NONE', *, *, #6426, .T. ) ;
#3391 = AXIS2_PLACEMENT_3D ( 'NONE', #1895, #7340, #7196 ) ;
#3392 = CARTESIAN_POINT ( 'NONE',  ( -22.00000000000000000, 60.19999999999999574, 0.000000000000000000 ) ) ;
#3393 = EDGE_LOOP ( 'NONE', ( #8424, #8225, #2606, #9625 ) ) ;
#3394 = LINE ( 'NONE', #7283, #4436 ) ;
#3395 = DIRECTION ( 'NONE',  ( 1.000000000000000000, 3.469446951953612217E-16, 0.000000000000000000 ) ) ;
#3396 = VERTEX_POINT ( 'NONE', #4768 ) ;
#3397 = ADVANCED_FACE ( 'NONE', ( #9272 ), #746, .F. ) ;
#3398 = ADVANCED_FACE ( 'NONE', ( #6956 ), #9319, .F. ) ;
#3399 = LINE ( 'NONE', #6545, #1901 ) ;
#3400 = ORIENTED_EDGE ( 'NONE', *, *, #4567, .T. ) ;
#3401 = CARTESIAN_POINT ( 'NONE',  ( 6.000000000000015099, 92.54999999999999716, 2.000000000000000000 ) ) ;
#3402 = DIRECTION ( 'NONE',  ( 1.000000000000000000, 0.000000000000000000, 0.000000000000000000 ) ) ;
#3403 = FACE_OUTER_BOUND ( 'NONE', #3160, .T. ) ;
#3404 = CARTESIAN_POINT ( 'NONE',  ( 53.55000000000006821, -47.00000000000001421, 2.000000000000000000 ) ) ;
#3405 = EDGE_CURVE ( 'NONE', #9936, #6102, #6989, .T. ) ;
#3406 = CARTESIAN_POINT ( 'NONE',  ( -42.00000000000001421, -54.00000000000003553, 0.000000000000000000 ) ) ;
#3407 = SURFACE_STYLE_FILL_AREA ( #2598 ) ;
#3408 = VERTEX_POINT ( 'NONE', #6119 ) ;
#3409 = EDGE_CURVE ( 'NONE', #931, #9205, #3006, .T. ) ;
#3410 = CARTESIAN_POINT ( 'NONE',  ( -14.55000000000000249, 62.00000000000000000, 0.000000000000000000 ) ) ;
#3411 = EDGE_LOOP ( 'NONE', ( #5703, #1432, #1536, #251 ) ) ;
#3412 = EDGE_LOOP ( 'NONE', ( #5306, #2239 ) ) ;
#3413 = FACE_BOUND ( 'NONE', #5449, .T. ) ;
#3414 = ORIENTED_EDGE ( 'NONE', *, *, #3153, .T. ) ;
#3415 = CARTESIAN_POINT ( 'NONE',  ( 50.45000000000005258, 47.00000000000001421, 2.000000000000000000 ) ) ;
#3416 = ORIENTED_EDGE ( 'NONE', *, *, #5793, .F. ) ;
#3417 = DIRECTION ( 'NONE',  ( 0.000000000000000000, 0.000000000000000000, 1.000000000000000000 ) ) ;
#3418 = VERTEX_POINT ( 'NONE', #243 ) ;
#3419 = FACE_OUTER_BOUND ( 'NONE', #2877, .T. ) ;
#3420 = ORIENTED_EDGE ( 'NONE', *, *, #3130, .F. ) ;
#3421 = DIRECTION ( 'NONE',  ( 0.7808688094430301652, 0.6246950475544245096, -0.000000000000000000 ) ) ;
#3422 = CARTESIAN_POINT ( 'NONE',  ( -28.00000000000001776, 77.00000000000002842, 2.000000000000000000 ) ) ;
#3423 = EDGE_LOOP ( 'NONE', ( #259, #2113 ) ) ;
#3424 = DIRECTION ( 'NONE',  ( -1.000000000000000000, 0.000000000000000000, 0.000000000000000000 ) ) ;
#3425 = CARTESIAN_POINT ( 'NONE',  ( 56.00000000000005684, 70.00000000000000000, 2.000000000000000000 ) ) ;
#3426 = CARTESIAN_POINT ( 'NONE',  ( -1.549999999999981837, -91.00000000000000000, 2.000000000000000000 ) ) ;
#3427 = VERTEX_POINT ( 'NONE', #5713 ) ;
#3428 = DIRECTION ( 'NONE',  ( 0.000000000000000000, 0.000000000000000000, 1.000000000000000000 ) ) ;
#3429 = FACE_BOUND ( 'NONE', #2242, .T. ) ;
#3430 = AXIS2_PLACEMENT_3D ( 'NONE', #1268, #1930, #7327 ) ;
#3431 = DIRECTION ( 'NONE',  ( -1.000000000000000000, 0.000000000000000000, -0.000000000000000000 ) ) ;
#3432 = CIRCLE ( 'NONE', #848, 1.550000000000002709 ) ;
#3433 = VERTEX_POINT ( 'NONE', #6365 ) ;
#3434 = CIRCLE ( 'NONE', #9020, 1.549999999999995826 ) ;
#3435 = DIRECTION ( 'NONE',  ( -1.000000000000000000, 0.000000000000000000, 0.000000000000000000 ) ) ;
#3436 = EDGE_LOOP ( 'NONE', ( #9698, #3097, #1982, #7310 ) ) ;
#3437 = EDGE_CURVE ( 'NONE', #9575, #1244, #5014, .T. ) ;
#3438 = DIRECTION ( 'NONE',  ( -1.000000000000000000, 0.000000000000000000, 0.000000000000000000 ) ) ;
#3439 = CIRCLE ( 'NONE', #9023, 1.549999999999988942 ) ;
#3440 = VECTOR ( 'NONE', #1841, 1000.000000000000000 ) ;
#3441 = ORIENTED_EDGE ( 'NONE', *, *, #7736, .F. ) ;
#3442 = CARTESIAN_POINT ( 'NONE',  ( -8.000000000000000000, 43.00000000000000000, 2.000000000000000000 ) ) ;
#3443 = EDGE_CURVE ( 'NONE', #4672, #632, #8119, .T. ) ;
#3444 = LINE ( 'NONE', #3500, #7149 ) ;
#3445 = EDGE_LOOP ( 'NONE', ( #9901, #2518 ) ) ;
#3446 = DIRECTION ( 'NONE',  ( 1.000000000000000000, 0.000000000000000000, 0.000000000000000000 ) ) ;
#3447 = EDGE_LOOP ( 'NONE', ( #8530, #2997 ) ) ;
#3448 = DIRECTION ( 'NONE',  ( -1.000000000000000000, 0.000000000000000000, 0.000000000000000000 ) ) ;
#3449 = DIRECTION ( 'NONE',  ( 0.000000000000000000, 0.000000000000000000, 1.000000000000000000 ) ) ;
#3450 = VECTOR ( 'NONE', #6882, 1000.000000000000000 ) ;
#3451 = DIRECTION ( 'NONE',  ( 0.000000000000000000, -1.000000000000000000, 0.000000000000000000 ) ) ;
#3452 = CARTESIAN_POINT ( 'NONE',  ( 50.45000000000005258, -47.00000000000001421, 0.000000000000000000 ) ) ;
#3453 = CARTESIAN_POINT ( 'NONE',  ( -52.00000000000002132, -77.00000000000001421, 2.000000000000000000 ) ) ;
#3454 = ORIENTED_EDGE ( 'NONE', *, *, #2056, .T. ) ;
#3455 = EDGE_CURVE ( 'NONE', #8841, #6274, #1916, .T. ) ;
#3456 = DIRECTION ( 'NONE',  ( -0.6401843996644802637, 0.7682212795973756281, 0.000000000000000000 ) ) ;
#3457 = ORIENTED_EDGE ( 'NONE', *, *, #3696, .T. ) ;
#3458 = VERTEX_POINT ( 'NONE', #2511 ) ;
#3459 = DIRECTION ( 'NONE',  ( 0.000000000000000000, 0.000000000000000000, 1.000000000000000000 ) ) ;
#3460 = EDGE_CURVE ( 'NONE', #5471, #4918, #2565, .T. ) ;
#3461 = ORIENTED_EDGE ( 'NONE', *, *, #937, .T. ) ;
#3462 = LINE ( 'NONE', #8007, #9620 ) ;
#3463 = EDGE_LOOP ( 'NONE', ( #4673, #831, #4559, #8988 ) ) ;
#3464 = CARTESIAN_POINT ( 'NONE',  ( 11.00000000000000000, -76.00000000000002842, 0.000000000000000000 ) ) ;
#3465 = EDGE_CURVE ( 'NONE', #5252, #196, #1048, .T. ) ;
#3466 = AXIS2_PLACEMENT_3D ( 'NONE', #339, #5757, #1284 ) ;
#3467 = DIRECTION ( 'NONE',  ( -0.000000000000000000, -0.000000000000000000, -1.000000000000000000 ) ) ;
#3468 = ORIENTED_EDGE ( 'NONE', *, *, #7433, .F. ) ;
#3469 = LINE ( 'NONE', #2613, #9567 ) ;
#3470 = DIRECTION ( 'NONE',  ( -1.000000000000000000, -0.000000000000000000, -0.000000000000000000 ) ) ;
#3471 = VECTOR ( 'NONE', #5870, 1000.000000000000000 ) ;
#3472 = ORIENTED_EDGE ( 'NONE', *, *, #4018, .T. ) ;
#3473 = DIRECTION ( 'NONE',  ( -0.000000000000000000, -0.000000000000000000, -1.000000000000000000 ) ) ;
#3474 = EDGE_CURVE ( 'NONE', #2718, #8706, #3469, .T. ) ;
#3475 = DIRECTION ( 'NONE',  ( 0.000000000000000000, 0.000000000000000000, 1.000000000000000000 ) ) ;
#3476 = EDGE_CURVE ( 'NONE', #2264, #8374, #5240, .T. ) ;
#3477 = CIRCLE ( 'NONE', #3936, 1.550000000000000266 ) ;
#3478 = FACE_OUTER_BOUND ( 'NONE', #8760, .T. ) ;
#3479 = EDGE_LOOP ( 'NONE', ( #6713, #1557, #8368, #8410, #4101 ) ) ;
#3480 = CARTESIAN_POINT ( 'NONE',  ( 64.00000000000004263, 91.00000000000001421, 0.000000000000000000 ) ) ;
#3481 = AXIS2_PLACEMENT_3D ( 'NONE', #3392, #9751, #2222 ) ;
#3482 = CARTESIAN_POINT ( 'NONE',  ( 6.000000000000015099, 91.00000000000000000, 0.000000000000000000 ) ) ;
#3483 = FACE_OUTER_BOUND ( 'NONE', #895, .T. ) ;
#3484 = CYLINDRICAL_SURFACE ( 'NONE', #4013, 1.550000000000002709 ) ;
#3485 = CARTESIAN_POINT ( 'NONE',  ( -42.00000000000001421, -70.00000000000002842, 2.000000000000000000 ) ) ;
#3486 = ORIENTED_EDGE ( 'NONE', *, *, #6721, .T. ) ;
#3487 = EDGE_CURVE ( 'NONE', #536, #2884, #5570, .T. ) ;
#3488 = AXIS2_PLACEMENT_3D ( 'NONE', #6400, #4156, #8741 ) ;
#3489 = DIRECTION ( 'NONE',  ( 1.000000000000000000, 0.000000000000000000, 0.000000000000000000 ) ) ;
#3490 = AXIS2_PLACEMENT_3D ( 'NONE', #5888, #3034, #2225 ) ;
#3491 = AXIS2_PLACEMENT_3D ( 'NONE', #3695, #3837, #9763 ) ;
#3492 = CIRCLE ( 'NONE', #9723, 1.549999999999995826 ) ;
#3493 = AXIS2_PLACEMENT_3D ( 'NONE', #4433, #4533, #9086 ) ;
#3494 = AXIS2_PLACEMENT_3D ( 'NONE', #6271, #3173, #2462 ) ;
#3495 = AXIS2_PLACEMENT_3D ( 'NONE', #8563, #6275, #2570 ) ;
#3496 = EDGE_LOOP ( 'NONE', ( #9373, #3730 ) ) ;
#3497 = DIRECTION ( 'NONE',  ( -0.000000000000000000, -0.000000000000000000, 1.000000000000000000 ) ) ;
#3498 = AXIS2_PLACEMENT_3D ( 'NONE', #9789, #8312, #8213 ) ;
#3499 = CIRCLE ( 'NONE', #598, 1.550000000000002709 ) ;
#3500 = CARTESIAN_POINT ( 'NONE',  ( 46.00000000000008527, -92.54999999999998295, 0.000000000000000000 ) ) ;
#3501 = EDGE_LOOP ( 'NONE', ( #8595, #1286 ) ) ;
#3502 = DIRECTION ( 'NONE',  ( 1.000000000000000000, 0.000000000000000000, 0.000000000000000000 ) ) ;
#3503 = VERTEX_POINT ( 'NONE', #4915 ) ;
#3504 = FACE_OUTER_BOUND ( 'NONE', #5211, .T. ) ;
#3505 = CYLINDRICAL_SURFACE ( 'NONE', #3346, 1.549999999999998712 ) ;
#3506 = FACE_OUTER_BOUND ( 'NONE', #8494, .T. ) ;
#3507 = CARTESIAN_POINT ( 'NONE',  ( 22.55000000000001137, -21.00000000000000355, 0.000000000000000000 ) ) ;
#3508 = AXIS2_PLACEMENT_3D ( 'NONE', #733, #6008, #6751 ) ;
#3509 = VECTOR ( 'NONE', #5555, 1000.000000000000000 ) ;
#3510 = CIRCLE ( 'NONE', #6540, 1.549999999999999378 ) ;
#3511 = CARTESIAN_POINT ( 'NONE',  ( 27.45000000000000639, 24.50000000000000000, 0.000000000000000000 ) ) ;
#3512 = DIRECTION ( 'NONE',  ( 3.469446951953612217E-16, -1.000000000000000000, 0.000000000000000000 ) ) ;
#3513 = ORIENTED_EDGE ( 'NONE', *, *, #9490, .F. ) ;
#3514 = ORIENTED_EDGE ( 'NONE', *, *, #759, .T. ) ;
#3515 = CARTESIAN_POINT ( 'NONE',  ( 29.00000000000000711, 9.500000000000000000, 0.000000000000000000 ) ) ;
#3516 = ORIENTED_EDGE ( 'NONE', *, *, #7804, .T. ) ;
#3517 = DIRECTION ( 'NONE',  ( -0.000000000000000000, -0.000000000000000000, 1.000000000000000000 ) ) ;
#3518 = ORIENTED_EDGE ( 'NONE', *, *, #8433, .T. ) ;
#3519 = DIRECTION ( 'NONE',  ( 0.000000000000000000, 0.000000000000000000, 1.000000000000000000 ) ) ;
#3520 = DIRECTION ( 'NONE',  ( -1.000000000000000000, 0.000000000000000000, 0.000000000000000000 ) ) ;
#3521 = ORIENTED_EDGE ( 'NONE', *, *, #758, .T. ) ;
#3522 = DIRECTION ( 'NONE',  ( -0.000000000000000000, -0.000000000000000000, 1.000000000000000000 ) ) ;
#3523 = CARTESIAN_POINT ( 'NONE',  ( 1.550000000000009592, -91.00000000000000000, 2.000000000000000000 ) ) ;
#3524 = EDGE_LOOP ( 'NONE', ( #6196, #7817, #844, #5473 ) ) ;
#3525 = DIRECTION ( 'NONE',  ( 0.000000000000000000, 0.000000000000000000, 1.000000000000000000 ) ) ;
#3526 = CARTESIAN_POINT ( 'NONE',  ( -29.55000000000001847, -77.00000000000002842, 0.000000000000000000 ) ) ;
#3527 = EDGE_CURVE ( 'NONE', #356, #5480, #4766, .T. ) ;
#3528 = CYLINDRICAL_SURFACE ( 'NONE', #6783, 1.550000000000002709 ) ;
#3529 = ORIENTED_EDGE ( 'NONE', *, *, #6641, .T. ) ;
#3530 = CARTESIAN_POINT ( 'NONE',  ( -47.55000000000001137, 91.00000000000000000, 2.000000000000000000 ) ) ;
#3531 = ADVANCED_FACE ( 'NONE', ( #7962 ), #9582, .F. ) ;
#3532 = ADVANCED_FACE ( 'NONE', ( #5571 ), #4114, .F. ) ;
#3533 = FACE_BOUND ( 'NONE', #8981, .T. ) ;
#3534 = FACE_OUTER_BOUND ( 'NONE', #6938, .T. ) ;
#3535 = ADVANCED_FACE ( 'NONE', ( #7217 ), #5768, .F. ) ;
#3536 = DIRECTION ( 'NONE',  ( 0.000000000000000000, 0.000000000000000000, 1.000000000000000000 ) ) ;
#3537 = DIRECTION ( 'NONE',  ( -1.000000000000000000, 0.000000000000000000, 0.000000000000000000 ) ) ;
#3538 = CIRCLE ( 'NONE', #2574, 1.549999999999999378 ) ;
#3539 = ORIENTED_EDGE ( 'NONE', *, *, #9080, .T. ) ;
#3540 = AXIS2_PLACEMENT_3D ( 'NONE', #5413, #3857, #9212 ) ;
#3541 = CARTESIAN_POINT ( 'NONE',  ( 6.000000000000015099, 92.54999999999999716, 2.000000000000000000 ) ) ;
#3542 = CIRCLE ( 'NONE', #5930, 1.550000000000002709 ) ;
#3543 = ORIENTED_EDGE ( 'NONE', *, *, #4130, .F. ) ;
#3544 = DIRECTION ( 'NONE',  ( 1.000000000000000000, 0.000000000000000000, 0.000000000000000000 ) ) ;
#3545 = EDGE_CURVE ( 'NONE', #3632, #823, #1961, .T. ) ;
#3546 = CARTESIAN_POINT ( 'NONE',  ( -41.99999999999999289, -46.00000000000003553, 2.000000000000000000 ) ) ;
#3547 = AXIS2_PLACEMENT_3D ( 'NONE', #7791, #4000, #7889 ) ;
#3548 = ORIENTED_EDGE ( 'NONE', *, *, #7413, .T. ) ;
#3549 = DIRECTION ( 'NONE',  ( 0.000000000000000000, 0.000000000000000000, 1.000000000000000000 ) ) ;
#3550 = VERTEX_POINT ( 'NONE', #8819 ) ;
#3551 = CARTESIAN_POINT ( 'NONE',  ( 46.00000000000008527, -92.54999999999998295, 2.000000000000000000 ) ) ;
#3552 = FACE_OUTER_BOUND ( 'NONE', #2640, .T. ) ;
#3553 = DIRECTION ( 'NONE',  ( -0.000000000000000000, -0.000000000000000000, 1.000000000000000000 ) ) ;
#3554 = DIRECTION ( 'NONE',  ( -0.000000000000000000, -0.000000000000000000, 1.000000000000000000 ) ) ;
#3555 = EDGE_CURVE ( 'NONE', #4904, #3236, #302, .T. ) ;
#3556 = DIRECTION ( 'NONE',  ( 0.000000000000000000, 0.000000000000000000, 1.000000000000000000 ) ) ;
#3557 = CARTESIAN_POINT ( 'NONE',  ( 13.00000000000000711, 28.50000000000002132, 0.000000000000000000 ) ) ;
#3558 = EDGE_LOOP ( 'NONE', ( #6600, #6174, #6554, #5088 ) ) ;
#3559 = ORIENTED_EDGE ( 'NONE', *, *, #1963, .T. ) ;
#3560 = FACE_BOUND ( 'NONE', #6448, .T. ) ;
#3561 = ORIENTED_EDGE ( 'NONE', *, *, #9741, .F. ) ;
#3562 = DIRECTION ( 'NONE',  ( 0.000000000000000000, 0.000000000000000000, 1.000000000000000000 ) ) ;
#3563 = ORIENTED_EDGE ( 'NONE', *, *, #4561, .T. ) ;
#3564 = FACE_OUTER_BOUND ( 'NONE', #8362, .T. ) ;
#3565 = CYLINDRICAL_SURFACE ( 'NONE', #2210, 6.000000000000013323 ) ;
#3566 = ORIENTED_EDGE ( 'NONE', *, *, #8461, .T. ) ;
#3567 = EDGE_CURVE ( 'NONE', #3256, #3632, #1084, .T. ) ;
#3568 = EDGE_CURVE ( 'NONE', #4189, #4070, #1558, .T. ) ;
#3569 = DIRECTION ( 'NONE',  ( -1.000000000000000000, 0.000000000000000000, 0.000000000000000000 ) ) ;
#3570 = VERTEX_POINT ( 'NONE', #996 ) ;
#3571 = LINE ( 'NONE', #1540, #6532 ) ;
#3572 = LINE ( 'NONE', #6520, #4157 ) ;
#3573 = ORIENTED_EDGE ( 'NONE', *, *, #3151, .F. ) ;
#3574 = CYLINDRICAL_SURFACE ( 'NONE', #157, 1.550000000000002709 ) ;
#3575 = DIRECTION ( 'NONE',  ( 0.000000000000000000, 0.000000000000000000, 1.000000000000000000 ) ) ;
#3576 = ORIENTED_EDGE ( 'NONE', *, *, #6585, .F. ) ;
#3577 = CARTESIAN_POINT ( 'NONE',  ( -5.999999999999985789, -92.54999999999999716, 2.000000000000000000 ) ) ;
#3578 = ADVANCED_FACE ( 'NONE', ( #7532 ), #5191, .F. ) ;
#3579 = DIRECTION ( 'NONE',  ( 1.000000000000000000, 0.000000000000000000, 0.000000000000000000 ) ) ;
#3580 = CARTESIAN_POINT ( 'NONE',  ( 12.55000000000000959, -51.00000000000000711, 0.000000000000000000 ) ) ;
#3581 = CARTESIAN_POINT ( 'NONE',  ( -28.00000000000001776, -77.00000000000002842, 2.000000000000000000 ) ) ;
#3582 = EDGE_CURVE ( 'NONE', #5660, #6866, #6680, .T. ) ;
#3583 = CIRCLE ( 'NONE', #1169, 1.550000000000002709 ) ;
#3584 = DIRECTION ( 'NONE',  ( 0.000000000000000000, 0.000000000000000000, 1.000000000000000000 ) ) ;
#3585 = ADVANCED_FACE ( 'NONE', ( #772 ), #4591, .F. ) ;
#3586 = EDGE_LOOP ( 'NONE', ( #2983, #5963, #4694, #666 ) ) ;
#3587 = DIRECTION ( 'NONE',  ( -0.000000000000000000, -0.000000000000000000, 1.000000000000000000 ) ) ;
#3588 = EDGE_CURVE ( 'NONE', #2673, #3427, #2330, .T. ) ;
#3589 = ORIENTED_EDGE ( 'NONE', *, *, #2915, .T. ) ;
#3590 = CARTESIAN_POINT ( 'NONE',  ( -22.00000000000000000, 60.19999999999999574, 0.000000000000000000 ) ) ;
#3591 = AXIS2_PLACEMENT_3D ( 'NONE', #3216, #4912, #9423 ) ;
#3592 = LINE ( 'NONE', #8683, #269 ) ;
#3593 = ORIENTED_EDGE ( 'NONE', *, *, #1486, .T. ) ;
#3594 = EDGE_CURVE ( 'NONE', #9851, #2334, #5388, .T. ) ;
#3595 = DIRECTION ( 'NONE',  ( -0.000000000000000000, -0.000000000000000000, 1.000000000000000000 ) ) ;
#3596 = ORIENTED_EDGE ( 'NONE', *, *, #9140, .F. ) ;
#3597 = CARTESIAN_POINT ( 'NONE',  ( 57.99999999999999289, 36.99999999999999289, 2.000000000000000000 ) ) ;
#3598 = VECTOR ( 'NONE', #898, 1000.000000000000000 ) ;
#3599 = EDGE_CURVE ( 'NONE', #8628, #5806, #2366, .T. ) ;
#3600 = DIRECTION ( 'NONE',  ( -1.000000000000000000, 0.000000000000000000, 0.000000000000000000 ) ) ;
#3601 = CYLINDRICAL_SURFACE ( 'NONE', #6814, 1.549999999999995826 ) ;
#3602 = CARTESIAN_POINT ( 'NONE',  ( -50.45000000000002416, 77.00000000000001421, 0.000000000000000000 ) ) ;
#3603 = CARTESIAN_POINT ( 'NONE',  ( 39.00000000000001421, 7.500000000000000000, 2.000000000000000000 ) ) ;
#3604 = ORIENTED_EDGE ( 'NONE', *, *, #1485, .T. ) ;
#3605 = AXIS2_PLACEMENT_3D ( 'NONE', #4442, #9139, #2938 ) ;
#3606 = EDGE_LOOP ( 'NONE', ( #702, #7765, #262, #6968 ) ) ;
#3607 = FACE_BOUND ( 'NONE', #4357, .T. ) ;
#3608 = ORIENTED_EDGE ( 'NONE', *, *, #8837, .T. ) ;
#3609 = PLANE ( 'NONE',  #2889 ) ;
#3610 = ORIENTED_EDGE ( 'NONE', *, *, #204, .T. ) ;
#3611 = DIRECTION ( 'NONE',  ( 0.000000000000000000, 0.000000000000000000, 1.000000000000000000 ) ) ;
#3612 = DIRECTION ( 'NONE',  ( 1.000000000000000000, 0.000000000000000000, 0.000000000000000000 ) ) ;
#3613 = ORIENTED_EDGE ( 'NONE', *, *, #2168, .F. ) ;
#3614 = DIRECTION ( 'NONE',  ( -0.000000000000000000, -0.000000000000000000, -1.000000000000000000 ) ) ;
#3615 = ADVANCED_FACE ( 'NONE', ( #2135 ), #1430, .F. ) ;
#3616 = ORIENTED_EDGE ( 'NONE', *, *, #6931, .F. ) ;
#3617 = LINE ( 'NONE', #495, #4452 ) ;
#3618 = CARTESIAN_POINT ( 'NONE',  ( -16.54999999999999005, 77.00000000000000000, 0.000000000000000000 ) ) ;
#3619 = ORIENTED_EDGE ( 'NONE', *, *, #4860, .F. ) ;
#3620 = DIRECTION ( 'NONE',  ( 0.000000000000000000, 0.000000000000000000, 1.000000000000000000 ) ) ;
#3621 = EDGE_LOOP ( 'NONE', ( #4327, #9213, #987, #7494 ) ) ;
#3622 = DIRECTION ( 'NONE',  ( 0.000000000000000000, 0.000000000000000000, 1.000000000000000000 ) ) ;
#3623 = LINE ( 'NONE', #5215, #5727 ) ;
#3624 = FACE_OUTER_BOUND ( 'NONE', #4833, .T. ) ;
#3625 = AXIS2_PLACEMENT_3D ( 'NONE', #8189, #4395, #5993 ) ;
#3626 = AXIS2_PLACEMENT_3D ( 'NONE', #1428, #6786, #9098 ) ;
#3627 = CARTESIAN_POINT ( 'NONE',  ( 56.00000000000004263, -54.00000000000003553, 2.000000000000000000 ) ) ;
#3628 = DIRECTION ( 'NONE',  ( -1.000000000000000000, 0.000000000000000000, 0.000000000000000000 ) ) ;
#3629 = ORIENTED_EDGE ( 'NONE', *, *, #696, .F. ) ;
#3630 = DIRECTION ( 'NONE',  ( 1.000000000000000000, 0.000000000000000000, 0.000000000000000000 ) ) ;
#3631 = EDGE_CURVE ( 'NONE', #70, #87, #3091, .T. ) ;
#3632 = VERTEX_POINT ( 'NONE', #7631 ) ;
#3633 = DIRECTION ( 'NONE',  ( -1.000000000000000000, 0.000000000000000000, 0.000000000000000000 ) ) ;
#3634 = DIRECTION ( 'NONE',  ( -1.000000000000000000, 0.000000000000000000, 0.000000000000000000 ) ) ;
#3635 = ORIENTED_EDGE ( 'NONE', *, *, #3223, .F. ) ;
#3636 = CIRCLE ( 'NONE', #7946, 1.550000000000002709 ) ;
#3637 = CIRCLE ( 'NONE', #3328, 1.550000000000002709 ) ;
#3638 = CARTESIAN_POINT ( 'NONE',  ( -28.99999999999998934, -85.50000000000000000, 2.000000000000000000 ) ) ;
#3639 = AXIS2_PLACEMENT_3D ( 'NONE', #6045, #8330, #2235 ) ;
#3640 = ORIENTED_EDGE ( 'NONE', *, *, #9166, .T. ) ;
#3641 = DIRECTION ( 'NONE',  ( -1.000000000000000000, 0.000000000000000000, 0.000000000000000000 ) ) ;
#3642 = CIRCLE ( 'NONE', #1390, 1.550000000000000933 ) ;
#3643 = DIRECTION ( 'NONE',  ( 0.000000000000000000, 0.000000000000000000, 1.000000000000000000 ) ) ;
#3644 = AXIS2_PLACEMENT_3D ( 'NONE', #1110, #4975, #6470 ) ;
#3645 = DIRECTION ( 'NONE',  ( 1.000000000000000000, 0.000000000000000000, 0.000000000000000000 ) ) ;
#3646 = VECTOR ( 'NONE', #3070, 1000.000000000000000 ) ;
#3647 = EDGE_CURVE ( 'NONE', #9810, #7490, #3789, .T. ) ;
#3648 = LINE ( 'NONE', #2899, #6494 ) ;
#3649 = EDGE_CURVE ( 'NONE', #6774, #2814, #6198, .T. ) ;
#3650 = CIRCLE ( 'NONE', #6836, 1.550000000000002709 ) ;
#3651 = EDGE_CURVE ( 'NONE', #6940, #1905, #7789, .T. ) ;
#3652 = AXIS2_PLACEMENT_3D ( 'NONE', #1299, #5920, #8205 ) ;
#3653 = AXIS2_PLACEMENT_3D ( 'NONE', #9218, #4668, #91 ) ;
#3654 = CARTESIAN_POINT ( 'NONE',  ( 29.00000000000008527, 85.49999999999998579, 2.000000000000000000 ) ) ;
#3655 = ORIENTED_EDGE ( 'NONE', *, *, #4688, .F. ) ;
#3656 = EDGE_CURVE ( 'NONE', #4217, #4260, #718, .T. ) ;
#3657 = EDGE_LOOP ( 'NONE', ( #3334, #5460, #9923, #6439 ) ) ;
#3658 = FACE_BOUND ( 'NONE', #1672, .T. ) ;
#3659 = ORIENTED_EDGE ( 'NONE', *, *, #2428, .T. ) ;
#3660 = DIRECTION ( 'NONE',  ( -0.000000000000000000, -0.000000000000000000, 1.000000000000000000 ) ) ;
#3661 = ORIENTED_EDGE ( 'NONE', *, *, #2044, .T. ) ;
#3662 = CARTESIAN_POINT ( 'NONE',  ( 26.45000000000005613, -46.99999999999999289, 2.000000000000000000 ) ) ;
#3663 = CIRCLE ( 'NONE', #4622, 1.550000000000002265 ) ;
#3664 = CARTESIAN_POINT ( 'NONE',  ( -28.00000000000001776, 77.00000000000002842, 0.000000000000000000 ) ) ;
#3665 = EDGE_LOOP ( 'NONE', ( #5592, #7951, #8812, #6876, #4123 ) ) ;
#3666 = DIRECTION ( 'NONE',  ( 0.000000000000000000, 0.000000000000000000, 1.000000000000000000 ) ) ;
#3667 = EDGE_CURVE ( 'NONE', #9296, #9876, #7683, .T. ) ;
#3668 = CIRCLE ( 'NONE', #1575, 1.549999999999995826 ) ;
#3669 = AXIS2_PLACEMENT_3D ( 'NONE', #8039, #4950, #3502 ) ;
#3670 = ORIENTED_EDGE ( 'NONE', *, *, #4799, .F. ) ;
#3671 = DIRECTION ( 'NONE',  ( -0.000000000000000000, -0.000000000000000000, 1.000000000000000000 ) ) ;
#3672 = DIRECTION ( 'NONE',  ( -0.000000000000000000, -0.000000000000000000, -1.000000000000000000 ) ) ;
#3673 = ORIENTED_EDGE ( 'NONE', *, *, #9712, .T. ) ;
#3674 = DIRECTION ( 'NONE',  ( 0.000000000000000000, 0.000000000000000000, 1.000000000000000000 ) ) ;
#3675 = ORIENTED_EDGE ( 'NONE', *, *, #2611, .F. ) ;
#3676 = CARTESIAN_POINT ( 'NONE',  ( 58.00000000000000000, -11.99999999999999645, 2.000000000000000000 ) ) ;
#3677 = CARTESIAN_POINT ( 'NONE',  ( -18.50000000000000000, 43.00000000000000000, 0.000000000000000000 ) ) ;
#3678 = CYLINDRICAL_SURFACE ( 'NONE', #9702, 1.550000000000002709 ) ;
#3679 = LINE ( 'NONE', #7326, #4810 ) ;
#3680 = DIRECTION ( 'NONE',  ( -1.000000000000000000, 0.000000000000000000, 0.000000000000000000 ) ) ;
#3681 = VERTEX_POINT ( 'NONE', #6139 ) ;
#3682 = DIRECTION ( 'NONE',  ( 1.000000000000000000, 0.000000000000000000, 0.000000000000000000 ) ) ;
#3683 = ORIENTED_EDGE ( 'NONE', *, *, #4443, .T. ) ;
#3684 = CYLINDRICAL_SURFACE ( 'NONE', #3490, 1.550000000000009592 ) ;
#3685 = AXIS2_PLACEMENT_3D ( 'NONE', #6300, #7740, #128 ) ;
#3686 = CIRCLE ( 'NONE', #6245, 1.549999999999988942 ) ;
#3687 = CARTESIAN_POINT ( 'NONE',  ( 27.45000000000000639, -24.50000000000000000, 0.000000000000000000 ) ) ;
#3688 = VERTEX_POINT ( 'NONE', #1377 ) ;
#3689 = CARTESIAN_POINT ( 'NONE',  ( 29.00000000000000000, 24.50000000000000000, 0.000000000000000000 ) ) ;
#3690 = ORIENTED_EDGE ( 'NONE', *, *, #2472, .F. ) ;
#3691 = DIRECTION ( 'NONE',  ( 1.000000000000000000, 0.000000000000000000, 0.000000000000000000 ) ) ;
#3692 = DIRECTION ( 'NONE',  ( -0.000000000000000000, -0.000000000000000000, 1.000000000000000000 ) ) ;
#3693 = CARTESIAN_POINT ( 'NONE',  ( 30.55000000000002558, -85.49999999999998579, 0.000000000000000000 ) ) ;
#3694 = VECTOR ( 'NONE', #4608, 1000.000000000000000 ) ;
#3695 = CARTESIAN_POINT ( 'NONE',  ( -56.00000000000004263, 54.00000000000000711, 0.000000000000000000 ) ) ;
#3696 = EDGE_CURVE ( 'NONE', #2814, #2564, #4451, .T. ) ;
#3697 = CARTESIAN_POINT ( 'NONE',  ( 42.00000000000007816, -38.20000000000000284, 2.000000000000000000 ) ) ;
#3698 = EDGE_CURVE ( 'NONE', #6584, #1847, #8332, .T. ) ;
#3699 = CARTESIAN_POINT ( 'NONE',  ( 1.550000000000000488, 57.49999999999999289, 2.000000000000000000 ) ) ;
#3700 = VERTEX_POINT ( 'NONE', #630 ) ;
#3701 = VERTEX_POINT ( 'NONE', #5948 ) ;
#3702 = DIRECTION ( 'NONE',  ( 0.000000000000000000, 0.000000000000000000, 1.000000000000000000 ) ) ;
#3703 = ORIENTED_EDGE ( 'NONE', *, *, #7719, .F. ) ;
#3704 = LINE ( 'NONE', #4549, #4171 ) ;
#3705 = VERTEX_POINT ( 'NONE', #8381 ) ;
#3706 = LINE ( 'NONE', #4508, #7257 ) ;
#3707 = EDGE_CURVE ( 'NONE', #2030, #5282, #8290, .T. ) ;
#3708 = ADVANCED_FACE ( 'NONE', ( #6740 ), #5996, .F. ) ;
#3709 = LINE ( 'NONE', #9816, #8005 ) ;
#3710 = VERTEX_POINT ( 'NONE', #8491 ) ;
#3711 = DIRECTION ( 'NONE',  ( 0.3162277660168381632, -0.9486832980505137680, 0.000000000000000000 ) ) ;
#3712 = ORIENTED_EDGE ( 'NONE', *, *, #9143, .T. ) ;
#3713 = FACE_BOUND ( 'NONE', #9448, .T. ) ;
#3714 = CARTESIAN_POINT ( 'NONE',  ( -56.00000000000001421, -54.00000000000003553, 2.000000000000000000 ) ) ;
#3715 = VERTEX_POINT ( 'NONE', #65 ) ;
#3716 = EDGE_CURVE ( 'NONE', #1836, #7648, #8275, .T. ) ;
#3717 = CARTESIAN_POINT ( 'NONE',  ( -54.00000000000001421, 99.00000000000000000, 2.000000000000000000 ) ) ;
#3718 = ORIENTED_EDGE ( 'NONE', *, *, #3100, .F. ) ;
#3719 = DIRECTION ( 'NONE',  ( -1.525031627232357891E-16, 1.000000000000000000, -0.000000000000000000 ) ) ;
#3720 = DIRECTION ( 'NONE',  ( 0.000000000000000000, 0.000000000000000000, 1.000000000000000000 ) ) ;
#3721 = CARTESIAN_POINT ( 'NONE',  ( -29.00000000000000355, -9.500000000000000000, 2.000000000000000000 ) ) ;
#3722 = DIRECTION ( 'NONE',  ( 1.000000000000000000, 0.000000000000000000, 0.000000000000000000 ) ) ;
#3723 = VERTEX_POINT ( 'NONE', #1631 ) ;
#3724 = FACE_OUTER_BOUND ( 'NONE', #3411, .T. ) ;
#3725 = VERTEX_POINT ( 'NONE', #2391 ) ;
#3726 = PLANE ( 'NONE',  #4914 ) ;
#3727 = ORIENTED_EDGE ( 'NONE', *, *, #2750, .F. ) ;
#3728 = CARTESIAN_POINT ( 'NONE',  ( 29.00000000000001776, -36.50000000000000000, 2.000000000000000000 ) ) ;
#3729 = CYLINDRICAL_SURFACE ( 'NONE', #6986, 1.550000000000002709 ) ;
#3730 = ORIENTED_EDGE ( 'NONE', *, *, #2739, .F. ) ;
#3731 = ADVANCED_FACE ( 'NONE', ( #3141 ), #820, .F. ) ;
#3732 = LINE ( 'NONE', #4390, #5022 ) ;
#3733 = ORIENTED_EDGE ( 'NONE', *, *, #1991, .T. ) ;
#3734 = CARTESIAN_POINT ( 'NONE',  ( -42.00000000000000711, 38.20000000000000284, 2.000000000000000000 ) ) ;
#3735 = CARTESIAN_POINT ( 'NONE',  ( 56.45000000000000284, -11.99999999999999645, 2.000000000000000000 ) ) ;
#3736 = AXIS2_PLACEMENT_3D ( 'NONE', #2478, #110, #164 ) ;
#3737 = CIRCLE ( 'NONE', #1172, 1.550000000000002709 ) ;
#3738 = CARTESIAN_POINT ( 'NONE',  ( 36.86999999999999744, 20.36000000000000298, 0.000000000000000000 ) ) ;
#3739 = DIRECTION ( 'NONE',  ( 0.000000000000000000, 0.000000000000000000, 1.000000000000000000 ) ) ;
#3740 = VECTOR ( 'NONE', #3123, 1000.000000000000000 ) ;
#3741 = CARTESIAN_POINT ( 'NONE',  ( 53.55000000000006821, -47.00000000000001421, 0.000000000000000000 ) ) ;
#3742 = ORIENTED_EDGE ( 'NONE', *, *, #213, .T. ) ;
#3743 = ORIENTED_EDGE ( 'NONE', *, *, #4385, .T. ) ;
#3744 = DIRECTION ( 'NONE',  ( -0.000000000000000000, -0.000000000000000000, -1.000000000000000000 ) ) ;
#3745 = ORIENTED_EDGE ( 'NONE', *, *, #3696, .F. ) ;
#3746 = DIRECTION ( 'NONE',  ( -1.000000000000000000, 0.000000000000000000, 0.000000000000000000 ) ) ;
#3747 = DIRECTION ( 'NONE',  ( 1.000000000000000000, 0.000000000000000000, 0.000000000000000000 ) ) ;
#3748 = AXIS2_PLACEMENT_3D ( 'NONE', #9455, #1033, #6255 ) ;
#3749 = FACE_OUTER_BOUND ( 'NONE', #3769, .T. ) ;
#3750 = CIRCLE ( 'NONE', #5034, 1.550000000000002709 ) ;
#3751 = DIRECTION ( 'NONE',  ( 1.000000000000000000, 0.000000000000000000, 0.000000000000000000 ) ) ;
#3752 = EDGE_CURVE ( 'NONE', #30, #8012, #9628, .T. ) ;
#3753 = ORIENTED_EDGE ( 'NONE', *, *, #9776, .F. ) ;
#3754 = VECTOR ( 'NONE', #170, 1000.000000000000000 ) ;
#3755 = DIRECTION ( 'NONE',  ( -0.000000000000000000, -0.000000000000000000, -1.000000000000000000 ) ) ;
#3756 = VERTEX_POINT ( 'NONE', #9580 ) ;
#3757 = FACE_BOUND ( 'NONE', #9115, .T. ) ;
#3758 = LINE ( 'NONE', #6802, #4342 ) ;
#3759 = VERTEX_POINT ( 'NONE', #8914 ) ;
#3760 = EDGE_CURVE ( 'NONE', #7771, #494, #1914, .T. ) ;
#3761 = CARTESIAN_POINT ( 'NONE',  ( -53.55000000000001137, 77.00000000000001421, 2.000000000000000000 ) ) ;
#3762 = ORIENTED_EDGE ( 'NONE', *, *, #7380, .T. ) ;
#3763 = CARTESIAN_POINT ( 'NONE',  ( -32.75000000000000000, 69.00000000000000000, 2.000000000000000000 ) ) ;
#3764 = DIRECTION ( 'NONE',  ( -0.000000000000000000, -0.000000000000000000, 1.000000000000000000 ) ) ;
#3765 = EDGE_CURVE ( 'NONE', #7961, #9679, #8125, .T. ) ;
#3766 = DIRECTION ( 'NONE',  ( -1.000000000000000000, 0.000000000000000000, 0.000000000000000000 ) ) ;
#3767 = EDGE_CURVE ( 'NONE', #5463, #2142, #9674, .T. ) ;
#3768 = DIRECTION ( 'NONE',  ( 1.000000000000000000, 0.000000000000000000, 0.000000000000000000 ) ) ;
#3769 = EDGE_LOOP ( 'NONE', ( #5436, #6954, #6125, #2268 ) ) ;
#3770 = ADVANCED_FACE ( 'NONE', ( #7354 ), #8061, .F. ) ;
#3771 = PLANE ( 'NONE',  #4543 ) ;
#3772 = ORIENTED_EDGE ( 'NONE', *, *, #6582, .T. ) ;
#3773 = DIRECTION ( 'NONE',  ( 1.000000000000000000, 0.000000000000000000, 0.000000000000000000 ) ) ;
#3774 = ADVANCED_FACE ( 'NONE', ( #7305 ), #3565, .F. ) ;
#3775 = AXIS2_PLACEMENT_3D ( 'NONE', #8800, #1229, #5846 ) ;
#3776 = ORIENTED_EDGE ( 'NONE', *, *, #3291, .T. ) ;
#3777 = AXIS2_PLACEMENT_3D ( 'NONE', #4589, #7630, #6886 ) ;
#3778 = DIRECTION ( 'NONE',  ( -0.000000000000000000, -0.000000000000000000, -1.000000000000000000 ) ) ;
#3779 = CARTESIAN_POINT ( 'NONE',  ( 1.550000000000002265, 41.99999999999999289, 0.000000000000000000 ) ) ;
#3780 = ORIENTED_EDGE ( 'NONE', *, *, #6376, .T. ) ;
#3781 = EDGE_CURVE ( 'NONE', #4364, #796, #6839, .T. ) ;
#3782 = DIRECTION ( 'NONE',  ( -0.000000000000000000, -0.000000000000000000, -1.000000000000000000 ) ) ;
#3783 = ORIENTED_EDGE ( 'NONE', *, *, #8461, .F. ) ;
#3784 = CARTESIAN_POINT ( 'NONE',  ( -42.00000000000001421, -70.00000000000002842, 2.000000000000000000 ) ) ;
#3785 = CIRCLE ( 'NONE', #5374, 1.549999999999995826 ) ;
#3786 = CARTESIAN_POINT ( 'NONE',  ( -24.64999999999998082, -29.60000000000000142, 0.000000000000000000 ) ) ;
#3787 = DIRECTION ( 'NONE',  ( -1.000000000000000000, 0.000000000000000000, 0.000000000000000000 ) ) ;
#3788 = CIRCLE ( 'NONE', #8735, 1.549999999999999378 ) ;
#3789 = LINE ( 'NONE', #4500, #6525 ) ;
#3790 = CARTESIAN_POINT ( 'NONE',  ( 8.999999999999994671, 32.50000000000002132, 0.000000000000000000 ) ) ;
#3791 = ORIENTED_EDGE ( 'NONE', *, *, #7388, .F. ) ;
#3792 = ORIENTED_EDGE ( 'NONE', *, *, #8015, .T. ) ;
#3793 = CARTESIAN_POINT ( 'NONE',  ( -64.00000000000001421, 91.00000000000000000, 0.000000000000000000 ) ) ;
#3794 = ORIENTED_EDGE ( 'NONE', *, *, #5437, .F. ) ;
#3795 = CARTESIAN_POINT ( 'NONE',  ( 40.45000000000007390, 38.20000000000000284, 2.000000000000000000 ) ) ;
#3796 = DIRECTION ( 'NONE',  ( -1.000000000000000000, 0.000000000000000000, 0.000000000000000000 ) ) ;
#3797 = DIRECTION ( 'NONE',  ( -0.000000000000000000, -0.000000000000000000, -1.000000000000000000 ) ) ;
#3798 = CIRCLE ( 'NONE', #6827, 1.549999999999999378 ) ;
#3799 = CIRCLE ( 'NONE', #1715, 1.549999999999995826 ) ;
#3800 = AXIS2_PLACEMENT_3D ( 'NONE', #4042, #66, #5542 ) ;
#3801 = AXIS2_PLACEMENT_3D ( 'NONE', #8280, #565, #5281 ) ;
#3802 = VECTOR ( 'NONE', #1201, 1000.000000000000000 ) ;
#3803 = DIRECTION ( 'NONE',  ( 0.000000000000000000, 0.000000000000000000, 1.000000000000000000 ) ) ;
#3805 = EDGE_CURVE ( 'NONE', #7254, #4556, #5110, .T. ) ;
#3804 = EDGE_LOOP ( 'NONE', ( #518, #8276, #1331, #2 ) ) ;
#3806 = FACE_OUTER_BOUND ( 'NONE', #6122, .T. ) ;
#3807 = EDGE_LOOP ( 'NONE', ( #4831, #226 ) ) ;
#3808 = CARTESIAN_POINT ( 'NONE',  ( -40.44999999999999574, -46.00000000000003553, 0.000000000000000000 ) ) ;
#3809 = DIRECTION ( 'NONE',  ( 1.000000000000000000, 0.000000000000000000, 0.000000000000000000 ) ) ;
#3810 = VECTOR ( 'NONE', #303, 1000.000000000000000 ) ;
#3811 = EDGE_LOOP ( 'NONE', ( #9371, #6615 ) ) ;
#3812 = CYLINDRICAL_SURFACE ( 'NONE', #7357, 1.549999999999995826 ) ;
#3813 = ORIENTED_EDGE ( 'NONE', *, *, #1834, .F. ) ;
#3814 = CARTESIAN_POINT ( 'NONE',  ( 46.00000000000008527, -89.45000000000001705, 2.000000000000000000 ) ) ;
#3815 = AXIS2_PLACEMENT_3D ( 'NONE', #9263, #4756, #7897 ) ;
#3816 = COLOUR_RGB ( '',0.2039215686274509776, 0.2039215686274509776, 0.2039215686274509776 ) ;
#3817 = CIRCLE ( 'NONE', #6218, 1.549999999999982059 ) ;
#3818 = DIRECTION ( 'NONE',  ( -0.000000000000000000, -0.000000000000000000, 1.000000000000000000 ) ) ;
#3819 = DIRECTION ( 'NONE',  ( -0.000000000000000000, -0.000000000000000000, -1.000000000000000000 ) ) ;
#3820 = EDGE_CURVE ( 'NONE', #5368, #5111, #399, .T. ) ;
#3821 = ADVANCED_FACE ( 'NONE', ( #447 ), #8962, .F. ) ;
#3822 = CYLINDRICAL_SURFACE ( 'NONE', #7696, 1.550000000000002709 ) ;
#3823 = ORIENTED_EDGE ( 'NONE', *, *, #560, .T. ) ;
#3824 = CYLINDRICAL_SURFACE ( 'NONE', #846, 1.550000000000000266 ) ;
#3825 = EDGE_LOOP ( 'NONE', ( #5156, #2404 ) ) ;
#3826 = DIRECTION ( 'NONE',  ( 0.000000000000000000, 0.000000000000000000, -1.000000000000000000 ) ) ;
#3827 = EDGE_CURVE ( 'NONE', #8296, #653, #1893, .T. ) ;
#3828 = EDGE_LOOP ( 'NONE', ( #738, #1365, #3920, #2936 ) ) ;
#3829 = ADVANCED_FACE ( 'NONE', ( #5915 ), #4266, .F. ) ;
#3830 = FACE_BOUND ( 'NONE', #6747, .T. ) ;
#3831 = DIRECTION ( 'NONE',  ( 1.000000000000000000, 0.000000000000000000, 0.000000000000000000 ) ) ;
#3832 = ORIENTED_EDGE ( 'NONE', *, *, #4208, .F. ) ;
#3833 = DIRECTION ( 'NONE',  ( 1.000000000000000000, 0.000000000000000000, 0.000000000000000000 ) ) ;
#3834 = VERTEX_POINT ( 'NONE', #352 ) ;
#3835 = DIRECTION ( 'NONE',  ( 0.7071067811865486830, 0.7071067811865464625, 0.000000000000000000 ) ) ;
#3836 = DIRECTION ( 'NONE',  ( 0.000000000000000000, 0.000000000000000000, 1.000000000000000000 ) ) ;
#3837 = DIRECTION ( 'NONE',  ( 0.000000000000000000, 0.000000000000000000, 1.000000000000000000 ) ) ;
#3838 = CARTESIAN_POINT ( 'NONE',  ( -11.00000000000000000, -49.45000000000000284, 2.000000000000000000 ) ) ;
#3839 = CARTESIAN_POINT ( 'NONE',  ( -42.00000000000002842, 70.00000000000000000, 0.000000000000000000 ) ) ;
#3840 = ORIENTED_EDGE ( 'NONE', *, *, #173, .T. ) ;
#3841 = VERTEX_POINT ( 'NONE', #2866 ) ;
#3842 = DIRECTION ( 'NONE',  ( 0.000000000000000000, 0.000000000000000000, 1.000000000000000000 ) ) ;
#3843 = VERTEX_POINT ( 'NONE', #5810 ) ;
#3844 = DIRECTION ( 'NONE',  ( -1.000000000000000000, 0.000000000000000000, 0.000000000000000000 ) ) ;
#3845 = LINE ( 'NONE', #6942, #8870 ) ;
#3846 = DIRECTION ( 'NONE',  ( -0.000000000000000000, -0.000000000000000000, -1.000000000000000000 ) ) ;
#3847 = AXIS2_PLACEMENT_3D ( 'NONE', #5352, #9055, #7544 ) ;
#3848 = ADVANCED_FACE ( 'NONE', ( #1340 ), #9526, .F. ) ;
#3849 = CARTESIAN_POINT ( 'NONE',  ( -56.00000000000000711, -70.00000000000002842, 2.000000000000000000 ) ) ;
#3850 = ORIENTED_EDGE ( 'NONE', *, *, #6881, .T. ) ;
#3851 = CARTESIAN_POINT ( 'NONE',  ( 7.500000000000002665, -33.50000000000000000, 2.000000000000000000 ) ) ;
#3852 = EDGE_LOOP ( 'NONE', ( #2305, #6570, #6469, #9516 ) ) ;
#3853 = CARTESIAN_POINT ( 'NONE',  ( -50.45000000000000995, -47.00000000000000000, 2.000000000000000000 ) ) ;
#3854 = DIRECTION ( 'NONE',  ( 0.000000000000000000, 0.000000000000000000, 1.000000000000000000 ) ) ;
#3855 = CIRCLE ( 'NONE', #169, 1.549999999999999378 ) ;
#3856 = ORIENTED_EDGE ( 'NONE', *, *, #6885, .F. ) ;
#3857 = DIRECTION ( 'NONE',  ( 0.000000000000000000, 0.000000000000000000, 1.000000000000000000 ) ) ;
#3858 = ORIENTED_EDGE ( 'NONE', *, *, #5336, .T. ) ;
#3859 = LINE ( 'NONE', #3404, #5874 ) ;
#3860 = ADVANCED_FACE ( 'NONE', ( #3419 ), #2661, .F. ) ;
#3861 = ADVANCED_FACE ( 'NONE', ( #1152 ), #4218, .F. ) ;
#3862 = CARTESIAN_POINT ( 'NONE',  ( 59.54999999999999716, 36.99999999999999289, 2.000000000000000000 ) ) ;
#3863 = CARTESIAN_POINT ( 'NONE',  ( -11.00000000000000000, -51.00000000000000711, 0.000000000000000000 ) ) ;
#3864 = ORIENTED_EDGE ( 'NONE', *, *, #7486, .T. ) ;
#3865 = CARTESIAN_POINT ( 'NONE',  ( -28.00000000000001776, -46.99999999999998579, 2.000000000000000000 ) ) ;
#3866 = ORIENTED_EDGE ( 'NONE', *, *, #6098, .T. ) ;
#3867 = ORIENTED_EDGE ( 'NONE', *, *, #8789, .T. ) ;
#3868 = DIRECTION ( 'NONE',  ( -0.000000000000000000, -0.000000000000000000, -1.000000000000000000 ) ) ;
#3869 = EDGE_LOOP ( 'NONE', ( #5058, #6292, #3529, #2110 ) ) ;
#3870 = CARTESIAN_POINT ( 'NONE',  ( -42.00000000000000711, 46.00000000000000711, 2.000000000000000000 ) ) ;
#3871 = CIRCLE ( 'NONE', #353, 1.550000000000002709 ) ;
#3872 = ADVANCED_FACE ( 'NONE', ( #1046 ), #3371, .F. ) ;
#3873 = ORIENTED_EDGE ( 'NONE', *, *, #9237, .T. ) ;
#3874 = FACE_BOUND ( 'NONE', #9772, .T. ) ;
#3875 = EDGE_CURVE ( 'NONE', #5616, #9038, #6619, .T. ) ;
#3876 = EDGE_CURVE ( 'NONE', #5803, #3396, #1824, .T. ) ;
#3877 = DIRECTION ( 'NONE',  ( 0.000000000000000000, 0.000000000000000000, 1.000000000000000000 ) ) ;
#3878 = ORIENTED_EDGE ( 'NONE', *, *, #8038, .F. ) ;
#3879 = LINE ( 'NONE', #3133, #8201 ) ;
#3880 = ORIENTED_EDGE ( 'NONE', *, *, #1259, .T. ) ;
#3881 = CARTESIAN_POINT ( 'NONE',  ( -54.00000000000000000, -99.00000000000000000, 2.000000000000000000 ) ) ;
#3882 = VERTEX_POINT ( 'NONE', #6267 ) ;
#3883 = DIRECTION ( 'NONE',  ( -0.000000000000000000, -0.000000000000000000, 1.000000000000000000 ) ) ;
#3884 = ADVANCED_FACE ( 'NONE', ( #3262 ), #4111, .F. ) ;
#3885 = VERTEX_POINT ( 'NONE', #6457 ) ;
#3886 = CARTESIAN_POINT ( 'NONE',  ( -19.90398448916086593, -22.09601551083912341, 0.000000000000000000 ) ) ;
#3887 = DIRECTION ( 'NONE',  ( -0.000000000000000000, -0.000000000000000000, -1.000000000000000000 ) ) ;
#3888 = EDGE_CURVE ( 'NONE', #142, #9713, #5024, .T. ) ;
#3889 = DIRECTION ( 'NONE',  ( 1.000000000000000000, 0.000000000000000000, 0.000000000000000000 ) ) ;
#3890 = ORIENTED_EDGE ( 'NONE', *, *, #1075, .F. ) ;
#3891 = EDGE_CURVE ( 'NONE', #9262, #3127, #2298, .T. ) ;
#3892 = EDGE_LOOP ( 'NONE', ( #4563, #8256 ) ) ;
#3893 = PLANE ( 'NONE',  #1410 ) ;
#3894 = ORIENTED_EDGE ( 'NONE', *, *, #8526, .T. ) ;
#3895 = DIRECTION ( 'NONE',  ( -1.000000000000000000, 0.000000000000000000, 0.000000000000000000 ) ) ;
#3896 = CIRCLE ( 'NONE', #841, 1.549999999999995826 ) ;
#3897 = DIRECTION ( 'NONE',  ( 1.000000000000000000, 0.000000000000000000, 0.000000000000000000 ) ) ;
#3898 = DIRECTION ( 'NONE',  ( -0.000000000000000000, -0.000000000000000000, 1.000000000000000000 ) ) ;
#3899 = CARTESIAN_POINT ( 'NONE',  ( 23.55000000000000071, 60.19999999999999574, 0.000000000000000000 ) ) ;
#3900 = ORIENTED_EDGE ( 'NONE', *, *, #9281, .T. ) ;
#3901 = DIRECTION ( 'NONE',  ( -0.000000000000000000, -0.000000000000000000, -1.000000000000000000 ) ) ;
#3902 = ORIENTED_EDGE ( 'NONE', *, *, #3476, .F. ) ;
#3903 = CARTESIAN_POINT ( 'NONE',  ( 52.00000000000005684, -47.00000000000001421, 2.000000000000000000 ) ) ;
#3904 = DIRECTION ( 'NONE',  ( -0.000000000000000000, -0.000000000000000000, 1.000000000000000000 ) ) ;
#3905 = ORIENTED_EDGE ( 'NONE', *, *, #2260, .F. ) ;
#3906 = DIRECTION ( 'NONE',  ( -1.000000000000000000, 0.000000000000000000, 0.000000000000000000 ) ) ;
#3907 = ORIENTED_EDGE ( 'NONE', *, *, #1682, .T. ) ;
#3908 = VECTOR ( 'NONE', #3182, 1000.000000000000000 ) ;
#3909 = CYLINDRICAL_SURFACE ( 'NONE', #3161, 1.550000000000002709 ) ;
#3910 = AXIS2_PLACEMENT_3D ( 'NONE', #3102, #6005, #680 ) ;
#3911 = PRODUCT_RELATED_PRODUCT_CATEGORY ( 'part', '', ( #794 ) ) ;
#3912 = DIRECTION ( 'NONE',  ( 0.9486832980505137680, 0.3162277660168381632, 0.000000000000000000 ) ) ;
#3913 = CARTESIAN_POINT ( 'NONE',  ( 54.45000000000003837, 91.00000000000001421, 0.000000000000000000 ) ) ;
#3914 = EDGE_LOOP ( 'NONE', ( #4439, #777, #8713, #755 ) ) ;
#3915 = DIRECTION ( 'NONE',  ( 1.000000000000000000, 0.000000000000000000, 0.000000000000000000 ) ) ;
#3916 = ORIENTED_EDGE ( 'NONE', *, *, #8107, .F. ) ;
#3917 = ORIENTED_EDGE ( 'NONE', *, *, #1025, .F. ) ;
#3918 = VECTOR ( 'NONE', #8430, 1000.000000000000000 ) ;
#3919 = LINE ( 'NONE', #3977, #9663 ) ;
#3920 = ORIENTED_EDGE ( 'NONE', *, *, #1304, .F. ) ;
#3921 = DIRECTION ( 'NONE',  ( 1.000000000000000000, 0.000000000000000000, 0.000000000000000000 ) ) ;
#3922 = ORIENTED_EDGE ( 'NONE', *, *, #729, .T. ) ;
#3923 = FACE_BOUND ( 'NONE', #4548, .T. ) ;
#3924 = EDGE_LOOP ( 'NONE', ( #3593, #1192, #6052, #6733 ) ) ;
#3925 = CARTESIAN_POINT ( 'NONE',  ( 39.00000000000001421, -7.500000000000000000, 0.000000000000000000 ) ) ;
#3926 = ORIENTED_EDGE ( 'NONE', *, *, #8528, .F. ) ;
#3927 = DIRECTION ( 'NONE',  ( 0.000000000000000000, 0.000000000000000000, 1.000000000000000000 ) ) ;
#3928 = ORIENTED_EDGE ( 'NONE', *, *, #398, .T. ) ;
#3929 = CARTESIAN_POINT ( 'NONE',  ( -40.45000000000000995, 46.00000000000000711, 2.000000000000000000 ) ) ;
#3930 = AXIS2_PLACEMENT_3D ( 'NONE', #6497, #4206, #481 ) ;
#3931 = ORIENTED_EDGE ( 'NONE', *, *, #8968, .F. ) ;
#3932 = FACE_OUTER_BOUND ( 'NONE', #6718, .T. ) ;
#3933 = AXIS2_PLACEMENT_3D ( 'NONE', #5991, #6689, #2894 ) ;
#3934 = DIRECTION ( 'NONE',  ( 0.000000000000000000, 0.000000000000000000, 1.000000000000000000 ) ) ;
#3935 = ORIENTED_EDGE ( 'NONE', *, *, #7369, .F. ) ;
#3936 = AXIS2_PLACEMENT_3D ( 'NONE', #1281, #5096, #5897 ) ;
#3937 = EDGE_LOOP ( 'NONE', ( #5795, #6804 ) ) ;
#3938 = CARTESIAN_POINT ( 'NONE',  ( 7.500000000000003553, -27.49999999999998934, 0.000000000000000000 ) ) ;
#3939 = ORIENTED_EDGE ( 'NONE', *, *, #6755, .T. ) ;
#3940 = FACE_OUTER_BOUND ( 'NONE', #3029, .T. ) ;
#3941 = FACE_OUTER_BOUND ( 'NONE', #3657, .T. ) ;
#3942 = DIRECTION ( 'NONE',  ( 1.000000000000000000, 0.000000000000000000, 0.000000000000000000 ) ) ;
#3943 = EDGE_CURVE ( 'NONE', #6034, #2318, #8057, .T. ) ;
#3944 = EDGE_CURVE ( 'NONE', #2442, #677, #4169, .T. ) ;
#3945 = ADVANCED_FACE ( 'NONE', ( #5513 ), #1853, .F. ) ;
#3946 = VECTOR ( 'NONE', #7714, 1000.000000000000000 ) ;
#3947 = DIRECTION ( 'NONE',  ( 1.000000000000000000, 0.000000000000000000, 0.000000000000000000 ) ) ;
#3948 =( NAMED_UNIT ( * ) PLANE_ANGLE_UNIT ( ) SI_UNIT ( $, .RADIAN. ) );
#3949 = VERTEX_POINT ( 'NONE', #4813 ) ;
#3950 = EDGE_CURVE ( 'NONE', #4364, #3200, #7215, .T. ) ;
#3951 = DIRECTION ( 'NONE',  ( -0.000000000000000000, -0.000000000000000000, -1.000000000000000000 ) ) ;
#3952 = ORIENTED_EDGE ( 'NONE', *, *, #7836, .F. ) ;
#3953 = FACE_BOUND ( 'NONE', #3976, .T. ) ;
#3954 = DIRECTION ( 'NONE',  ( 1.000000000000000000, 0.000000000000000000, 0.000000000000000000 ) ) ;
#3955 = ORIENTED_EDGE ( 'NONE', *, *, #6708, .T. ) ;
#3956 = AXIS2_PLACEMENT_3D ( 'NONE', #3358, #6221, #9506 ) ;
#3957 = LINE ( 'NONE', #4967, #3106 ) ;
#3958 = VECTOR ( 'NONE', #5445, 1000.000000000000000 ) ;
#3959 = CARTESIAN_POINT ( 'NONE',  ( 29.00000000000004619, 36.50000000000000000, 0.000000000000000000 ) ) ;
#3960 = ORIENTED_EDGE ( 'NONE', *, *, #3527, .T. ) ;
#3961 = AXIS2_PLACEMENT_3D ( 'NONE', #1843, #9563, #1232 ) ;
#3962 = CIRCLE ( 'NONE', #5877, 1.549999999999995826 ) ;
#3963 = DIRECTION ( 'NONE',  ( 1.000000000000000000, 0.000000000000000000, 0.000000000000000000 ) ) ;
#3964 = VECTOR ( 'NONE', #327, 1000.000000000000000 ) ;
#3965 = VECTOR ( 'NONE', #1154, 1000.000000000000000 ) ;
#3966 = VECTOR ( 'NONE', #151, 1000.000000000000000 ) ;
#3967 = EDGE_CURVE ( 'NONE', #4384, #8484, #2782, .T. ) ;
#3968 = CIRCLE ( 'NONE', #6529, 1.549999999999995826 ) ;
#3969 = DIRECTION ( 'NONE',  ( 1.000000000000000000, 0.000000000000000000, 0.000000000000000000 ) ) ;
#3970 = CIRCLE ( 'NONE', #9409, 1.550000000000002709 ) ;
#3971 = LINE ( 'NONE', #7816, #8764 ) ;
#3972 = CIRCLE ( 'NONE', #277, 4.000000000000010658 ) ;
#3973 = VERTEX_POINT ( 'NONE', #4858 ) ;
#3974 = AXIS2_PLACEMENT_3D ( 'NONE', #5447, #3887, #6653 ) ;
#3975 = CARTESIAN_POINT ( 'NONE',  ( -53.55000000000001137, -77.00000000000001421, 2.000000000000000000 ) ) ;
#3976 = EDGE_LOOP ( 'NONE', ( #7987, #8298 ) ) ;
#3977 = CARTESIAN_POINT ( 'NONE',  ( -23.55000000000000071, 60.19999999999999574, 0.000000000000000000 ) ) ;
#3978 = VERTEX_POINT ( 'NONE', #5709 ) ;
#3979 = CARTESIAN_POINT ( 'NONE',  ( -3.081487911019577365E-30, 75.70000000000000284, 0.000000000000000000 ) ) ;
#3980 = VECTOR ( 'NONE', #3363, 1000.000000000000000 ) ;
#3981 = ADVANCED_FACE ( 'NONE', ( #992 ), #1702, .F. ) ;
#3982 = AXIS2_PLACEMENT_3D ( 'NONE', #2578, #2677, #4983 ) ;
#3983 = AXIS2_PLACEMENT_3D ( 'NONE', #634, #5342, #5952 ) ;
#3984 = ORIENTED_EDGE ( 'NONE', *, *, #8528, .T. ) ;
#3985 = FACE_BOUND ( 'NONE', #7775, .T. ) ;
#3986 = DIRECTION ( 'NONE',  ( -0.000000000000000000, -0.000000000000000000, -1.000000000000000000 ) ) ;
#3987 = ORIENTED_EDGE ( 'NONE', *, *, #4077, .F. ) ;
#3988 = DIRECTION ( 'NONE',  ( 1.000000000000000000, 0.000000000000000000, 0.000000000000000000 ) ) ;
#3989 = ORIENTED_EDGE ( 'NONE', *, *, #9073, .F. ) ;
#3990 = DIRECTION ( 'NONE',  ( -1.000000000000000000, 0.000000000000000000, 0.000000000000000000 ) ) ;
#3991 = ORIENTED_EDGE ( 'NONE', *, *, #8157, .T. ) ;
#3992 = CARTESIAN_POINT ( 'NONE',  ( 52.00000000000005684, 47.00000000000001421, 2.000000000000000000 ) ) ;
#3993 = EDGE_LOOP ( 'NONE', ( #2860, #5631, #872, #2529 ) ) ;
#3994 = DIRECTION ( 'NONE',  ( 0.000000000000000000, 0.000000000000000000, 1.000000000000000000 ) ) ;
#3995 = CARTESIAN_POINT ( 'NONE',  ( 21.00000000000000000, -21.00000000000000355, 2.000000000000000000 ) ) ;
#3996 = ORIENTED_EDGE ( 'NONE', *, *, #4382, .F. ) ;
#3997 = ORIENTED_EDGE ( 'NONE', *, *, #1700, .T. ) ;
#3998 = CARTESIAN_POINT ( 'NONE',  ( 56.00000000000008527, -90.99999999999998579, 2.000000000000000000 ) ) ;
#3999 = VERTEX_POINT ( 'NONE', #350 ) ;
#4000 = DIRECTION ( 'NONE',  ( 0.000000000000000000, 0.000000000000000000, 1.000000000000000000 ) ) ;
#4001 = DIRECTION ( 'NONE',  ( -0.000000000000000000, -0.000000000000000000, -1.000000000000000000 ) ) ;
#4002 = DIRECTION ( 'NONE',  ( 0.000000000000000000, 0.000000000000000000, 1.000000000000000000 ) ) ;
#4003 = ADVANCED_FACE ( 'NONE', ( #4058 ), #7905, .F. ) ;
#4004 = DIRECTION ( 'NONE',  ( 0.000000000000000000, 0.000000000000000000, 1.000000000000000000 ) ) ;
#4005 = DIRECTION ( 'NONE',  ( 0.000000000000000000, 0.000000000000000000, 1.000000000000000000 ) ) ;
#4006 = ORIENTED_EDGE ( 'NONE', *, *, #5049, .F. ) ;
#4007 = EDGE_CURVE ( 'NONE', #7648, #1836, #3737, .T. ) ;
#4008 = CARTESIAN_POINT ( 'NONE',  ( -7.499999999999996447, -27.49999999999998934, 2.000000000000000000 ) ) ;
#4009 = ORIENTED_EDGE ( 'NONE', *, *, #6755, .F. ) ;
#4010 = CIRCLE ( 'NONE', #5279, 1.549999999999995604 ) ;
#4011 = FACE_BOUND ( 'NONE', #7877, .T. ) ;
#4012 = EDGE_CURVE ( 'NONE', #5092, #6936, #6361, .T. ) ;
#4013 = AXIS2_PLACEMENT_3D ( 'NONE', #4234, #6623, #6536 ) ;
#4014 = LINE ( 'NONE', #5462, #2897 ) ;
#4015 = VERTEX_POINT ( 'NONE', #887 ) ;
#4016 = DIRECTION ( 'NONE',  ( 1.000000000000000000, 0.000000000000000000, 0.000000000000000000 ) ) ;
#4017 = ORIENTED_EDGE ( 'NONE', *, *, #1425, .F. ) ;
#4018 = EDGE_CURVE ( 'NONE', #6353, #2371, #3957, .T. ) ;
#4019 = AXIS2_PLACEMENT_3D ( 'NONE', #4711, #6265, #7903 ) ;
#4020 = DIRECTION ( 'NONE',  ( -0.000000000000000000, -0.000000000000000000, -1.000000000000000000 ) ) ;
#4021 = AXIS2_PLACEMENT_3D ( 'NONE', #521, #623, #3040 ) ;
#4022 = DIRECTION ( 'NONE',  ( 1.000000000000000000, 0.000000000000000000, 0.000000000000000000 ) ) ;
#4023 = EDGE_CURVE ( 'NONE', #3688, #9161, #2099, .T. ) ;
#4024 = EDGE_LOOP ( 'NONE', ( #4379, #5017, #3079, #8150 ) ) ;
#4025 = CARTESIAN_POINT ( 'NONE',  ( 18.50000000000000000, 43.00000000000000000, 0.000000000000000000 ) ) ;
#4026 = EDGE_LOOP ( 'NONE', ( #1850, #9633 ) ) ;
#4027 = LINE ( 'NONE', #7068, #3740 ) ;
#4028 = ORIENTED_EDGE ( 'NONE', *, *, #5735, .F. ) ;
#4029 = CYLINDRICAL_SURFACE ( 'NONE', #6976, 1.550000000000002709 ) ;
#4030 = ORIENTED_EDGE ( 'NONE', *, *, #9203, .F. ) ;
#4031 = FACE_BOUND ( 'NONE', #4880, .T. ) ;
#4032 = DIRECTION ( 'NONE',  ( -0.000000000000000000, -0.000000000000000000, -1.000000000000000000 ) ) ;
#4033 = EDGE_LOOP ( 'NONE', ( #1144, #7990 ) ) ;
#4034 = DIRECTION ( 'NONE',  ( -0.000000000000000000, -0.000000000000000000, -1.000000000000000000 ) ) ;
#4035 = EDGE_LOOP ( 'NONE', ( #1866, #3894, #9240, #6645 ) ) ;
#4036 = CARTESIAN_POINT ( 'NONE',  ( -9.000000000000003553, 28.50000000000000355, 2.000000000000000000 ) ) ;
#4037 = EDGE_LOOP ( 'NONE', ( #2681, #1848 ) ) ;
#4038 = LINE ( 'NONE', #8532, #2316 ) ;
#4039 = ORIENTED_EDGE ( 'NONE', *, *, #798, .T. ) ;
#4040 = DIRECTION ( 'NONE',  ( 0.000000000000000000, 0.000000000000000000, 1.000000000000000000 ) ) ;
#4041 = EDGE_CURVE ( 'NONE', #2527, #663, #4540, .T. ) ;
#4042 = CARTESIAN_POINT ( 'NONE',  ( -11.00000000000000000, -51.00000000000000711, 0.000000000000000000 ) ) ;
#4043 = ORIENTED_EDGE ( 'NONE', *, *, #3943, .F. ) ;
#4044 = CARTESIAN_POINT ( 'NONE',  ( -43.55000000000001137, 46.00000000000000711, 2.000000000000000000 ) ) ;
#4045 = ORIENTED_EDGE ( 'NONE', *, *, #7484, .F. ) ;
#4046 = DIRECTION ( 'NONE',  ( -1.000000000000000000, 0.000000000000000000, 0.000000000000000000 ) ) ;
#4047 = DIRECTION ( 'NONE',  ( 1.000000000000000000, 0.000000000000000000, 0.000000000000000000 ) ) ;
#4048 = CARTESIAN_POINT ( 'NONE',  ( 54.45000000000003837, 91.00000000000001421, 2.000000000000000000 ) ) ;
#4049 = DIRECTION ( 'NONE',  ( -0.7808688094430301652, 0.6246950475544245096, -0.000000000000000000 ) ) ;
#4050 = ORIENTED_EDGE ( 'NONE', *, *, #8038, .T. ) ;
#4051 = AXIS2_PLACEMENT_3D ( 'NONE', #7623, #767, #3833 ) ;
#4052 = CARTESIAN_POINT ( 'NONE',  ( -21.54999999999999005, -29.60000000000000142, 0.000000000000000000 ) ) ;
#4053 = VERTEX_POINT ( 'NONE', #4407 ) ;
#4054 = EDGE_LOOP ( 'NONE', ( #4900, #7841 ) ) ;
#4055 = FACE_BOUND ( 'NONE', #5356, .T. ) ;
#4056 = CYLINDRICAL_SURFACE ( 'NONE', #1124, 1.549999999999995826 ) ;
#4057 = ORIENTED_EDGE ( 'NONE', *, *, #5286, .F. ) ;
#4058 = FACE_OUTER_BOUND ( 'NONE', #2445, .T. ) ;
#4059 = ORIENTED_EDGE ( 'NONE', *, *, #4253, .F. ) ;
#4060 = EDGE_CURVE ( 'NONE', #4961, #5923, #8960, .T. ) ;
#4061 = CIRCLE ( 'NONE', #8210, 1.550000000000002709 ) ;
#4062 = VECTOR ( 'NONE', #8155, 1000.000000000000000 ) ;
#4063 = DIRECTION ( 'NONE',  ( -1.000000000000000000, 0.000000000000000000, 0.000000000000000000 ) ) ;
#4064 = CARTESIAN_POINT ( 'NONE',  ( -5.999999999999985789, 91.00000000000000000, 2.000000000000000000 ) ) ;
#4065 = EDGE_CURVE ( 'NONE', #9236, #6879, #686, .T. ) ;
#4066 = EDGE_LOOP ( 'NONE', ( #1667, #296 ) ) ;
#4067 = CARTESIAN_POINT ( 'NONE',  ( 46.00000000000004263, -91.00000000000001421, 2.000000000000000000 ) ) ;
#4068 = DIRECTION ( 'NONE',  ( 0.000000000000000000, 0.000000000000000000, 1.000000000000000000 ) ) ;
#4069 = CIRCLE ( 'NONE', #9673, 1.549999999999999378 ) ;
#4070 = VERTEX_POINT ( 'NONE', #8861 ) ;
#4071 = DIRECTION ( 'NONE',  ( -0.000000000000000000, -0.000000000000000000, 1.000000000000000000 ) ) ;
#4072 = ORIENTED_EDGE ( 'NONE', *, *, #8173, .T. ) ;
#4073 = DIRECTION ( 'NONE',  ( -0.000000000000000000, -0.000000000000000000, 1.000000000000000000 ) ) ;
#4074 = AXIS2_PLACEMENT_3D ( 'NONE', #9864, #8340, #3000 ) ;
#4075 = EDGE_CURVE ( 'NONE', #5588, #2732, #9008, .T. ) ;
#4076 = CIRCLE ( 'NONE', #8376, 1.549999999999999378 ) ;
#4077 = EDGE_CURVE ( 'NONE', #8243, #349, #4387, .T. ) ;
#4078 = FACE_BOUND ( 'NONE', #7207, .T. ) ;
#4079 = DIRECTION ( 'NONE',  ( -0.000000000000000000, -0.000000000000000000, 1.000000000000000000 ) ) ;
#4080 = AXIS2_PLACEMENT_3D ( 'NONE', #4790, #8631, #7832 ) ;
#4081 = EDGE_CURVE ( 'NONE', #1658, #6127, #8860, .T. ) ;
#4082 = ORIENTED_EDGE ( 'NONE', *, *, #7403, .T. ) ;
#4083 = EDGE_CURVE ( 'NONE', #5588, #6768, #6560, .T. ) ;
#4084 = CARTESIAN_POINT ( 'NONE',  ( -19.90398448916086593, -22.09601551083912341, 0.000000000000000000 ) ) ;
#4085 = ORIENTED_EDGE ( 'NONE', *, *, #7974, .F. ) ;
#4086 = DIRECTION ( 'NONE',  ( -0.000000000000000000, -0.000000000000000000, 1.000000000000000000 ) ) ;
#4087 = ORIENTED_EDGE ( 'NONE', *, *, #6332, .T. ) ;
#4088 = DIRECTION ( 'NONE',  ( 1.000000000000000000, 0.000000000000000000, 0.000000000000000000 ) ) ;
#4089 = EDGE_LOOP ( 'NONE', ( #7581, #7214, #1493, #1380 ) ) ;
#4090 = CARTESIAN_POINT ( 'NONE',  ( 13.00000000000000711, 28.50000000000002132, 0.000000000000000000 ) ) ;
#4091 = EDGE_CURVE ( 'NONE', #5691, #5548, #9176, .T. ) ;
#4092 = DIRECTION ( 'NONE',  ( -0.000000000000000000, -0.000000000000000000, -1.000000000000000000 ) ) ;
#4093 = ORIENTED_EDGE ( 'NONE', *, *, #7614, .T. ) ;
#4094 = PLANE ( 'NONE',  #9903 ) ;
#4095 = ORIENTED_EDGE ( 'NONE', *, *, #310, .F. ) ;
#4096 = FACE_OUTER_BOUND ( 'NONE', #2346, .T. ) ;
#4097 = DIRECTION ( 'NONE',  ( 1.000000000000000000, 0.000000000000000000, 0.000000000000000000 ) ) ;
#4098 = DIRECTION ( 'NONE',  ( -1.000000000000000000, 0.000000000000000000, 0.000000000000000000 ) ) ;
#4099 = CARTESIAN_POINT ( 'NONE',  ( 6.044257964301539101E-15, -11.99999999999999645, 2.000000000000000000 ) ) ;
#4100 = CARTESIAN_POINT ( 'NONE',  ( 6.000000000000015099, 91.00000000000000000, 2.000000000000000000 ) ) ;
#4101 = ORIENTED_EDGE ( 'NONE', *, *, #4567, .F. ) ;
#4102 = AXIS2_PLACEMENT_3D ( 'NONE', #2793, #5754, #5144 ) ;
#4103 = AXIS2_PLACEMENT_3D ( 'NONE', #4792, #4040, #8537 ) ;
#4104 = CARTESIAN_POINT ( 'NONE',  ( -54.00000000000000000, -99.00000000000000000, 2.000000000000000000 ) ) ;
#4105 = ORIENTED_EDGE ( 'NONE', *, *, #7451, .T. ) ;
#4106 = VERTEX_POINT ( 'NONE', #8761 ) ;
#4107 = FACE_BOUND ( 'NONE', #5532, .T. ) ;
#4108 = EDGE_LOOP ( 'NONE', ( #7663, #5643, #3381, #176, #1903 ) ) ;
#4109 = DIRECTION ( 'NONE',  ( -0.000000000000000000, -0.000000000000000000, -1.000000000000000000 ) ) ;
#4110 = ORIENTED_EDGE ( 'NONE', *, *, #4779, .F. ) ;
#4111 = PLANE ( 'NONE',  #8212 ) ;
#4112 = ORIENTED_EDGE ( 'NONE', *, *, #7105, .F. ) ;
#4113 = EDGE_CURVE ( 'NONE', #8676, #2538, #7094, .T. ) ;
#4114 = CYLINDRICAL_SURFACE ( 'NONE', #2047, 1.550000000000009592 ) ;
#4115 = CARTESIAN_POINT ( 'NONE',  ( -29.55000000000002203, 46.99999999999998579, 2.000000000000000000 ) ) ;
#4116 = CIRCLE ( 'NONE', #1889, 1.549999999999988942 ) ;
#4117 = EDGE_LOOP ( 'NONE', ( #1684, #5199 ) ) ;
#4118 = CARTESIAN_POINT ( 'NONE',  ( -30.54999999999995808, 36.50000000000003553, 2.000000000000000000 ) ) ;
#4119 = CARTESIAN_POINT ( 'NONE',  ( -46.00000000000005684, 89.45000000000000284, 2.000000000000000000 ) ) ;
#4120 = CIRCLE ( 'NONE', #9397, 1.549999999999995826 ) ;
#4121 = CIRCLE ( 'NONE', #3801, 1.550000000000002709 ) ;
#4122 = DIRECTION ( 'NONE',  ( -1.000000000000000000, 0.000000000000000000, 0.000000000000000000 ) ) ;
#4123 = ORIENTED_EDGE ( 'NONE', *, *, #131, .T. ) ;
#4124 = FACE_OUTER_BOUND ( 'NONE', #6226, .T. ) ;
#4125 = VECTOR ( 'NONE', #8144, 1000.000000000000000 ) ;
#4126 = VECTOR ( 'NONE', #4020, 1000.000000000000000 ) ;
#4127 = CIRCLE ( 'NONE', #7626, 1.550000000000002709 ) ;
#4128 = EDGE_CURVE ( 'NONE', #8345, #8564, #7446, .T. ) ;
#4129 = CIRCLE ( 'NONE', #5732, 1.549999999999999378 ) ;
#4130 = EDGE_CURVE ( 'NONE', #3396, #5803, #7893, .T. ) ;
#4131 = VECTOR ( 'NONE', #8434, 1000.000000000000000 ) ;
#4132 = CARTESIAN_POINT ( 'NONE',  ( -52.00000000000002132, -47.00000000000000000, 2.000000000000000000 ) ) ;
#4133 = FACE_OUTER_BOUND ( 'NONE', #7940, .T. ) ;
#4134 = ORIENTED_EDGE ( 'NONE', *, *, #1264, .T. ) ;
#4135 = CARTESIAN_POINT ( 'NONE',  ( 56.00000000000008527, 1.371604415045036973E-14, 0.000000000000000000 ) ) ;
#4136 = EDGE_CURVE ( 'NONE', #1113, #2394, #5912, .T. ) ;
#4137 = VERTEX_POINT ( 'NONE', #9718 ) ;
#4138 = FACE_OUTER_BOUND ( 'NONE', #1838, .T. ) ;
#4139 = VECTOR ( 'NONE', #986, 1000.000000000000000 ) ;
#4140 = EDGE_LOOP ( 'NONE', ( #1316, #3120, #2140, #5379 ) ) ;
#4141 = CYLINDRICAL_SURFACE ( 'NONE', #3481, 1.550000000000002709 ) ;
#4142 = CIRCLE ( 'NONE', #2703, 1.549999999999995826 ) ;
#4143 = ADVANCED_FACE ( 'NONE', ( #3564 ), #2806, .F. ) ;
#4144 = EDGE_CURVE ( 'NONE', #9205, #7701, #1337, .T. ) ;
#4145 = ORIENTED_EDGE ( 'NONE', *, *, #8476, .F. ) ;
#4146 = CARTESIAN_POINT ( 'NONE',  ( -30.55000000000000426, -9.500000000000000000, 2.000000000000000000 ) ) ;
#4147 = VECTOR ( 'NONE', #5192, 1000.000000000000000 ) ;
#4148 = CIRCLE ( 'NONE', #6696, 1.549999999999995826 ) ;
#4149 = LINE ( 'NONE', #7191, #906 ) ;
#4150 = EDGE_LOOP ( 'NONE', ( #3084, #7868, #124, #1852, #7821 ) ) ;
#4151 = CARTESIAN_POINT ( 'NONE',  ( 35.32000000000000028, 20.36000000000000298, 0.000000000000000000 ) ) ;
#4152 = ORIENTED_EDGE ( 'NONE', *, *, #6509, .F. ) ;
#4153 = CYLINDRICAL_SURFACE ( 'NONE', #2100, 1.549999999999988942 ) ;
#4154 = CARTESIAN_POINT ( 'NONE',  ( -27.45000000000001705, 9.500000000000000000, 0.000000000000000000 ) ) ;
#4155 = LINE ( 'NONE', #9259, #1022 ) ;
#4156 = DIRECTION ( 'NONE',  ( 0.000000000000000000, 0.000000000000000000, 1.000000000000000000 ) ) ;
#4157 = VECTOR ( 'NONE', #6611, 1000.000000000000000 ) ;
#4158 = DIRECTION ( 'NONE',  ( -0.000000000000000000, -0.000000000000000000, 1.000000000000000000 ) ) ;
#4159 = CARTESIAN_POINT ( 'NONE',  ( 18.49999999999996092, -45.99999999999998579, 0.000000000000000000 ) ) ;
#4160 = EDGE_LOOP ( 'NONE', ( #957, #7896, #2107, #3791 ) ) ;
#4161 = DIRECTION ( 'NONE',  ( -1.000000000000000000, 0.000000000000000000, 0.000000000000000000 ) ) ;
#4162 = EDGE_LOOP ( 'NONE', ( #2629, #8154, #5162, #8757 ) ) ;
#4163 = EDGE_LOOP ( 'NONE', ( #1561, #8493, #3880, #3794 ) ) ;
#4164 = FACE_BOUND ( 'NONE', #9362, .T. ) ;
#4165 = VERTEX_POINT ( 'NONE', #584 ) ;
#4166 = CARTESIAN_POINT ( 'NONE',  ( 22.09601551083917670, -19.90398448916085883, 0.000000000000000000 ) ) ;
#4167 = EDGE_CURVE ( 'NONE', #1219, #2527, #2627, .T. ) ;
#4168 = ORIENTED_EDGE ( 'NONE', *, *, #8146, .T. ) ;
#4169 = LINE ( 'NONE', #1104, #5501 ) ;
#4170 = ORIENTED_EDGE ( 'NONE', *, *, #4065, .F. ) ;
#4171 = VECTOR ( 'NONE', #3052, 1000.000000000000000 ) ;
#4172 = DIRECTION ( 'NONE',  ( 1.000000000000000000, 0.000000000000000000, 0.000000000000000000 ) ) ;
#4173 = CIRCLE ( 'NONE', #7038, 1.550000000000002709 ) ;
#4174 = DIRECTION ( 'NONE',  ( 0.000000000000000000, 0.000000000000000000, 1.000000000000000000 ) ) ;
#4175 = EDGE_CURVE ( 'NONE', #7970, #2027, #2941, .T. ) ;
#4176 = ORIENTED_EDGE ( 'NONE', *, *, #4128, .T. ) ;
#4177 = DIRECTION ( 'NONE',  ( -0.000000000000000000, -0.000000000000000000, -1.000000000000000000 ) ) ;
#4178 = LINE ( 'NONE', #546, #5177 ) ;
#4179 = CARTESIAN_POINT ( 'NONE',  ( -26.45000000000001350, -46.99999999999998579, 0.000000000000000000 ) ) ;
#4180 = ORIENTED_EDGE ( 'NONE', *, *, #4091, .F. ) ;
#4181 = VECTOR ( 'NONE', #6313, 1000.000000000000000 ) ;
#4182 = CARTESIAN_POINT ( 'NONE',  ( -29.00000000000000000, 24.50000000000000000, 2.000000000000000000 ) ) ;
#4183 = AXIS2_PLACEMENT_3D ( 'NONE', #8344, #3803, #6851 ) ;
#4184 = EDGE_CURVE ( 'NONE', #2266, #6000, #2145, .T. ) ;
#4185 = FACE_BOUND ( 'NONE', #1680, .T. ) ;
#4186 = LINE ( 'NONE', #5679, #7331 ) ;
#4187 = ORIENTED_EDGE ( 'NONE', *, *, #9819, .F. ) ;
#4188 = CYLINDRICAL_SURFACE ( 'NONE', #528, 1.549999999999982059 ) ;
#4189 = VERTEX_POINT ( 'NONE', #9576 ) ;
#4190 = CARTESIAN_POINT ( 'NONE',  ( -20.05000000000003624, -83.00000000000000000, 2.000000000000000000 ) ) ;
#4191 = LINE ( 'NONE', #6435, #2967 ) ;
#4192 = EDGE_CURVE ( 'NONE', #5939, #6562, #3434, .T. ) ;
#4193 = ORIENTED_EDGE ( 'NONE', *, *, #9211, .T. ) ;
#4194 = EDGE_CURVE ( 'NONE', #7701, #5483, #4708, .T. ) ;
#4195 = CARTESIAN_POINT ( 'NONE',  ( -29.00000000000000000, -24.50000000000000000, 0.000000000000000000 ) ) ;
#4196 = CYLINDRICAL_SURFACE ( 'NONE', #6523, 1.549999999999999378 ) ;
#4197 = VERTEX_POINT ( 'NONE', #8389 ) ;
#4198 = ADVANCED_FACE ( 'NONE', ( #638 ), #9815, .F. ) ;
#4199 = CARTESIAN_POINT ( 'NONE',  ( 46.00000000000004263, -91.00000000000001421, 0.000000000000000000 ) ) ;
#4200 = ORIENTED_EDGE ( 'NONE', *, *, #1004, .F. ) ;
#4201 = LINE ( 'NONE', #1178, #5778 ) ;
#4202 = DIRECTION ( 'NONE',  ( -1.000000000000000000, 0.000000000000000000, 0.000000000000000000 ) ) ;
#4203 = CARTESIAN_POINT ( 'NONE',  ( 52.00000000000005684, -47.00000000000001421, 2.000000000000000000 ) ) ;
#4204 = FACE_OUTER_BOUND ( 'NONE', #2002, .T. ) ;
#4205 = EDGE_CURVE ( 'NONE', #8704, #2264, #780, .T. ) ;
#4206 = DIRECTION ( 'NONE',  ( -0.000000000000000000, -0.000000000000000000, 1.000000000000000000 ) ) ;
#4207 = ORIENTED_EDGE ( 'NONE', *, *, #3229, .F. ) ;
#4208 = EDGE_CURVE ( 'NONE', #5708, #8008, #3706, .T. ) ;
#4209 = PLANE ( 'NONE',  #5416 ) ;
#4210 = ORIENTED_EDGE ( 'NONE', *, *, #6575, .T. ) ;
#4211 = VERTEX_POINT ( 'NONE', #28 ) ;
#4212 = CARTESIAN_POINT ( 'NONE',  ( -30.54999999999998295, -85.50000000000000000, 2.000000000000000000 ) ) ;
#4213 = VERTEX_POINT ( 'NONE', #6748 ) ;
#4214 = CARTESIAN_POINT ( 'NONE',  ( 22.55000000000001137, -21.00000000000000355, 0.000000000000000000 ) ) ;
#4215 = ORIENTED_EDGE ( 'NONE', *, *, #6257, .T. ) ;
#4216 = DIRECTION ( 'NONE',  ( 1.000000000000000000, 0.000000000000000000, 0.000000000000000000 ) ) ;
#4217 = VERTEX_POINT ( 'NONE', #2953 ) ;
#4218 = CYLINDRICAL_SURFACE ( 'NONE', #1405, 1.550000000000002709 ) ;
#4219 = ORIENTED_EDGE ( 'NONE', *, *, #4060, .F. ) ;
#4220 = CARTESIAN_POINT ( 'NONE',  ( 20.05000000000000071, 43.00000000000000000, 0.000000000000000000 ) ) ;
#4221 = CARTESIAN_POINT ( 'NONE',  ( 13.45000000000000639, 77.00000000000000000, 0.000000000000000000 ) ) ;
#4222 = ADVANCED_FACE ( 'NONE', ( #1531 ), #7541, .F. ) ;
#4223 = ORIENTED_EDGE ( 'NONE', *, *, #2260, .T. ) ;
#4224 = DIRECTION ( 'NONE',  ( 0.000000000000000000, 0.000000000000000000, 1.000000000000000000 ) ) ;
#4225 = DIRECTION ( 'NONE',  ( -0.000000000000000000, -0.000000000000000000, -1.000000000000000000 ) ) ;
#4226 = DIRECTION ( 'NONE',  ( -0.000000000000000000, -0.000000000000000000, -1.000000000000000000 ) ) ;
#4227 = EDGE_LOOP ( 'NONE', ( #4994, #7366, #9670, #2662, #3420 ) ) ;
#4228 = CIRCLE ( 'NONE', #4051, 1.550000000000002709 ) ;
#4229 = DIRECTION ( 'NONE',  ( 0.000000000000000000, 0.000000000000000000, 1.000000000000000000 ) ) ;
#4230 = VECTOR ( 'NONE', #6706, 1000.000000000000000 ) ;
#4231 = FACE_BOUND ( 'NONE', #2456, .T. ) ;
#4232 = CIRCLE ( 'NONE', #7090, 4.999999999999984013 ) ;
#4233 = DIRECTION ( 'NONE',  ( 1.000000000000000000, 0.000000000000000000, 0.000000000000000000 ) ) ;
#4234 = CARTESIAN_POINT ( 'NONE',  ( 42.00000000000005684, 54.00000000000000711, 2.000000000000000000 ) ) ;
#4235 = AXIS2_PLACEMENT_3D ( 'NONE', #522, #7995, #1947 ) ;
#4236 = DIRECTION ( 'NONE',  ( -0.000000000000000000, -0.000000000000000000, -1.000000000000000000 ) ) ;
#4237 = ORIENTED_EDGE ( 'NONE', *, *, #7610, .F. ) ;
#4238 = CARTESIAN_POINT ( 'NONE',  ( -20.05000000000000071, 43.00000000000000000, 0.000000000000000000 ) ) ;
#4239 = VECTOR ( 'NONE', #4071, 1000.000000000000000 ) ;
#4240 = AXIS2_PLACEMENT_3D ( 'NONE', #2436, #2534, #1627 ) ;
#4241 = EDGE_LOOP ( 'NONE', ( #2657, #2626 ) ) ;
#4242 = LINE ( 'NONE', #9550, #9879 ) ;
#4243 = DIRECTION ( 'NONE',  ( 0.000000000000000000, 0.000000000000000000, 1.000000000000000000 ) ) ;
#4244 = EDGE_LOOP ( 'NONE', ( #7966, #6798, #6014, #4291 ) ) ;
#4245 = CYLINDRICAL_SURFACE ( 'NONE', #7249, 1.550000000000002709 ) ;
#4246 = ORIENTED_EDGE ( 'NONE', *, *, #8671, .T. ) ;
#4247 = DIRECTION ( 'NONE',  ( -0.000000000000000000, -0.000000000000000000, 1.000000000000000000 ) ) ;
#4248 = DIRECTION ( 'NONE',  ( -0.000000000000000000, -0.000000000000000000, 1.000000000000000000 ) ) ;
#4249 = VECTOR ( 'NONE', #6484, 1000.000000000000000 ) ;
#4250 = FACE_OUTER_BOUND ( 'NONE', #2273, .T. ) ;
#4251 = CYLINDRICAL_SURFACE ( 'NONE', #9729, 1.549999999999995826 ) ;
#4252 = DIRECTION ( 'NONE',  ( -1.000000000000000000, 0.000000000000000000, 0.000000000000000000 ) ) ;
#4253 = EDGE_CURVE ( 'NONE', #2429, #6841, #8370, .T. ) ;
#4254 = CARTESIAN_POINT ( 'NONE',  ( -19.90398448916085528, 22.09601551083915183, 2.000000000000000000 ) ) ;
#4255 = EDGE_LOOP ( 'NONE', ( #3039, #4006 ) ) ;
#4256 = ORIENTED_EDGE ( 'NONE', *, *, #5404, .F. ) ;
#4257 = CARTESIAN_POINT ( 'NONE',  ( 32.75000000000000000, 69.00000000000000000, 2.000000000000000000 ) ) ;
#4258 = ORIENTED_EDGE ( 'NONE', *, *, #7726, .T. ) ;
#4259 = DIRECTION ( 'NONE',  ( -0.000000000000000000, -0.000000000000000000, 1.000000000000000000 ) ) ;
#4260 = VERTEX_POINT ( 'NONE', #9918 ) ;
#4261 = CARTESIAN_POINT ( 'NONE',  ( 44.00000000000000711, -7.500000000000000888, 0.000000000000000000 ) ) ;
#4262 = ADVANCED_FACE ( 'NONE', ( #6057 ), #5200, .F. ) ;
#4263 = EDGE_CURVE ( 'NONE', #4755, #4720, #9107, .T. ) ;
#4264 = EDGE_CURVE ( 'NONE', #734, #8285, #5828, .T. ) ;
#4265 = VECTOR ( 'NONE', #8289, 1000.000000000000000 ) ;
#4266 = CYLINDRICAL_SURFACE ( 'NONE', #5091, 1.549999999999995826 ) ;
#4267 = EDGE_LOOP ( 'NONE', ( #3297, #3287 ) ) ;
#4268 = DIRECTION ( 'NONE',  ( -0.000000000000000000, -0.000000000000000000, 1.000000000000000000 ) ) ;
#4269 = CYLINDRICAL_SURFACE ( 'NONE', #5244, 1.549999999999999378 ) ;
#4270 = ORIENTED_EDGE ( 'NONE', *, *, #2711, .T. ) ;
#4271 = DIRECTION ( 'NONE',  ( 0.000000000000000000, 0.000000000000000000, 1.000000000000000000 ) ) ;
#4272 = CARTESIAN_POINT ( 'NONE',  ( -43.55000000000001847, -54.00000000000003553, 0.000000000000000000 ) ) ;
#4273 = AXIS2_PLACEMENT_3D ( 'NONE', #610, #1163, #4233 ) ;
#4274 = CARTESIAN_POINT ( 'NONE',  ( -28.00000000000001776, -77.00000000000002842, 0.000000000000000000 ) ) ;
#4275 = ORIENTED_EDGE ( 'NONE', *, *, #1338, .T. ) ;
#4276 = CARTESIAN_POINT ( 'NONE',  ( -27.44999999999995310, 36.50000000000003553, 2.000000000000000000 ) ) ;
#4277 = ADVANCED_FACE ( 'NONE', ( #3749 ), #6796, .F. ) ;
#4278 = CIRCLE ( 'NONE', #2341, 1.550000000000009592 ) ;
#4279 = FACE_BOUND ( 'NONE', #4255, .T. ) ;
#4280 = DIRECTION ( 'NONE',  ( 0.000000000000000000, 0.000000000000000000, 1.000000000000000000 ) ) ;
#4281 = LINE ( 'NONE', #4336, #3055 ) ;
#4282 = CARTESIAN_POINT ( 'NONE',  ( 54.45000000000005258, 70.00000000000000000, 2.000000000000000000 ) ) ;
#4283 = ORIENTED_EDGE ( 'NONE', *, *, #8221, .T. ) ;
#4284 = EDGE_CURVE ( 'NONE', #6636, #7298, #9515, .T. ) ;
#4285 = CIRCLE ( 'NONE', #7145, 1.549999999999995826 ) ;
#4286 = FACE_OUTER_BOUND ( 'NONE', #8301, .T. ) ;
#4287 = CIRCLE ( 'NONE', #1543, 1.550000000000002709 ) ;
#4288 = CIRCLE ( 'NONE', #1882, 1.549999999999995826 ) ;
#4289 = VECTOR ( 'NONE', #763, 1000.000000000000000 ) ;
#4290 = AXIS2_PLACEMENT_3D ( 'NONE', #354, #2663, #8614 ) ;
#4291 = ORIENTED_EDGE ( 'NONE', *, *, #6596, .T. ) ;
#4292 = CARTESIAN_POINT ( 'NONE',  ( 13.00000000000000000, 62.00000000000000000, 2.000000000000000000 ) ) ;
#4293 = AXIS2_PLACEMENT_3D ( 'NONE', #4365, #1917, #5064 ) ;
#4294 = CARTESIAN_POINT ( 'NONE',  ( 26.45000000000005258, 77.00000000000002842, 2.000000000000000000 ) ) ;
#4295 = EDGE_LOOP ( 'NONE', ( #2054, #1151, #5530, #308 ) ) ;
#4296 = CIRCLE ( 'NONE', #7323, 1.550000000000002709 ) ;
#4297 = DIRECTION ( 'NONE',  ( -1.000000000000000000, 0.000000000000000000, 0.000000000000000000 ) ) ;
#4298 = VECTOR ( 'NONE', #5062, 1000.000000000000000 ) ;
#4299 = EDGE_LOOP ( 'NONE', ( #8686, #8245, #1832, #5599 ) ) ;
#4300 = FACE_OUTER_BOUND ( 'NONE', #7735, .T. ) ;
#4301 = CARTESIAN_POINT ( 'NONE',  ( 29.00000000000000355, -9.500000000000000000, 0.000000000000000000 ) ) ;
#4302 = DIRECTION ( 'NONE',  ( 0.000000000000000000, 0.000000000000000000, 1.000000000000000000 ) ) ;
#4303 = DIRECTION ( 'NONE',  ( 1.000000000000000000, 0.000000000000000000, 0.000000000000000000 ) ) ;
#4304 = AXIS2_PLACEMENT_3D ( 'NONE', #9463, #8503, #2600 ) ;
#4305 = ADVANCED_FACE ( 'NONE', ( #1590 ), #2339, .F. ) ;
#4306 = PRESENTATION_LAYER_ASSIGNMENT (  '', '', ( #765 ) ) ;
#4307 = VECTOR ( 'NONE', #1789, 1000.000000000000114 ) ;
#4308 = DIRECTION ( 'NONE',  ( 1.000000000000000000, 0.000000000000000000, 0.000000000000000000 ) ) ;
#4309 = DIRECTION ( 'NONE',  ( 0.000000000000000000, 0.000000000000000000, 1.000000000000000000 ) ) ;
#4310 = ORIENTED_EDGE ( 'NONE', *, *, #2915, .F. ) ;
#4311 = EDGE_LOOP ( 'NONE', ( #8202, #3289, #568, #4518 ) ) ;
#4312 = CYLINDRICAL_SURFACE ( 'NONE', #6367, 1.550000000000002709 ) ;
#4313 = ORIENTED_EDGE ( 'NONE', *, *, #2843, .F. ) ;
#4314 = LINE ( 'NONE', #9574, #5776 ) ;
#4315 = ORIENTED_EDGE ( 'NONE', *, *, #2918, .T. ) ;
#4316 = MECHANICAL_DESIGN_GEOMETRIC_PRESENTATION_REPRESENTATION (  '', ( #6854 ), #301 ) ;
#4317 = CARTESIAN_POINT ( 'NONE',  ( 11.00000000000000000, -76.00000000000002842, 0.000000000000000000 ) ) ;
#4318 = EDGE_CURVE ( 'NONE', #9038, #6793, #5398, .T. ) ;
#4319 = DIRECTION ( 'NONE',  ( 1.000000000000000000, 0.000000000000000000, 0.000000000000000000 ) ) ;
#4320 = ADVANCED_FACE ( 'NONE', ( #4603 ), #8246, .F. ) ;
#4321 = EDGE_LOOP ( 'NONE', ( #6766, #4112 ) ) ;
#4322 = ADVANCED_FACE ( 'NONE', ( #1385 ), #7497, .F. ) ;
#4323 = DIRECTION ( 'NONE',  ( 1.000000000000000000, -0.000000000000000000, -0.000000000000000000 ) ) ;
#4324 = ORIENTED_EDGE ( 'NONE', *, *, #3222, .F. ) ;
#4325 = FACE_OUTER_BOUND ( 'NONE', #6434, .T. ) ;
#4326 = LINE ( 'NONE', #1158, #9018 ) ;
#4327 = ORIENTED_EDGE ( 'NONE', *, *, #4041, .F. ) ;
#4328 = EDGE_CURVE ( 'NONE', #4911, #5704, #542, .T. ) ;
#4329 = DIRECTION ( 'NONE',  ( -0.000000000000000000, -0.000000000000000000, 1.000000000000000000 ) ) ;
#4330 = ORIENTED_EDGE ( 'NONE', *, *, #3126, .T. ) ;
#4331 = DIRECTION ( 'NONE',  ( 0.000000000000000000, 0.000000000000000000, 1.000000000000000000 ) ) ;
#4332 = EDGE_CURVE ( 'NONE', #3033, #6730, #181, .T. ) ;
#4333 = LINE ( 'NONE', #8977, #9238 ) ;
#4334 = FACE_OUTER_BOUND ( 'NONE', #5626, .T. ) ;
#4335 = EDGE_CURVE ( 'NONE', #1149, #8012, #381, .T. ) ;
#4336 = CARTESIAN_POINT ( 'NONE',  ( 53.55000000000006821, 47.00000000000001421, 2.000000000000000000 ) ) ;
#4337 = CARTESIAN_POINT ( 'NONE',  ( -54.00000000000000000, -99.00000000000000000, 0.000000000000000000 ) ) ;
#4338 = CIRCLE ( 'NONE', #6084, 1.550000000000002709 ) ;
#4339 = ORIENTED_EDGE ( 'NONE', *, *, #9400, .T. ) ;
#4340 = AXIS2_PLACEMENT_3D ( 'NONE', #8177, #3536, #5827 ) ;
#4341 = CARTESIAN_POINT ( 'NONE',  ( -16.95000000000003482, -46.00000000000000711, 2.000000000000000000 ) ) ;
#4342 = VECTOR ( 'NONE', #9872, 1000.000000000000000 ) ;
#4343 = ORIENTED_EDGE ( 'NONE', *, *, #4625, .F. ) ;
#4344 = LINE ( 'NONE', #8731, #9561 ) ;
#4345 = CARTESIAN_POINT ( 'NONE',  ( 29.00000000000000000, 24.50000000000000000, 0.000000000000000000 ) ) ;
#4346 = AXIS2_PLACEMENT_3D ( 'NONE', #3597, #2274, #3691 ) ;
#4347 = VERTEX_POINT ( 'NONE', #3253 ) ;
#4348 = DIRECTION ( 'NONE',  ( -0.000000000000000000, 1.000000000000000000, -0.000000000000000000 ) ) ;
#4349 = ORIENTED_EDGE ( 'NONE', *, *, #7851, .F. ) ;
#4350 = DIRECTION ( 'NONE',  ( -0.000000000000000000, -0.000000000000000000, -1.000000000000000000 ) ) ;
#4351 = DIRECTION ( 'NONE',  ( 0.000000000000000000, 0.000000000000000000, 1.000000000000000000 ) ) ;
#4352 = CARTESIAN_POINT ( 'NONE',  ( -52.00000000000002132, -47.00000000000000000, 0.000000000000000000 ) ) ;
#4353 = EDGE_CURVE ( 'NONE', #2271, #2653, #5507, .T. ) ;
#4354 = CARTESIAN_POINT ( 'NONE',  ( -46.00000000000001421, -89.45000000000003126, 2.000000000000000000 ) ) ;
#4355 = DIRECTION ( 'NONE',  ( -1.000000000000000000, 0.000000000000000000, 0.000000000000000000 ) ) ;
#4356 = ORIENTED_EDGE ( 'NONE', *, *, #6044, .F. ) ;
#4357 = EDGE_LOOP ( 'NONE', ( #8067, #7182 ) ) ;
#4358 = FACE_BOUND ( 'NONE', #1414, .T. ) ;
#4359 = EDGE_LOOP ( 'NONE', ( #1240, #5353 ) ) ;
#4360 = CYLINDRICAL_SURFACE ( 'NONE', #7201, 1.549999999999982059 ) ;
#4361 = ORIENTED_EDGE ( 'NONE', *, *, #7597, .T. ) ;
#4362 = CARTESIAN_POINT ( 'NONE',  ( 15.00000000000000711, 53.00000000000000000, 2.000000000000000000 ) ) ;
#4363 = DIRECTION ( 'NONE',  ( 1.000000000000000000, 0.000000000000000000, 0.000000000000000000 ) ) ;
#4364 = VERTEX_POINT ( 'NONE', #6399 ) ;
#4365 = CARTESIAN_POINT ( 'NONE',  ( 29.00000000000008527, 85.49999999999998579, 0.000000000000000000 ) ) ;
#4366 = EDGE_LOOP ( 'NONE', ( #530, #3989, #9621, #5372 ) ) ;
#4367 = CARTESIAN_POINT ( 'NONE',  ( 42.00000000000005684, 70.00000000000000000, 2.000000000000000000 ) ) ;
#4368 = DIRECTION ( 'NONE',  ( -0.000000000000000000, -0.000000000000000000, -1.000000000000000000 ) ) ;
#4369 = EDGE_LOOP ( 'NONE', ( #3655, #1003 ) ) ;
#4370 = CYLINDRICAL_SURFACE ( 'NONE', #2247, 1.550000000000002709 ) ;
#4371 = VERTEX_POINT ( 'NONE', #2496 ) ;
#4372 = EDGE_CURVE ( 'NONE', #46, #9711, #1184, .T. ) ;
#4373 = CARTESIAN_POINT ( 'NONE',  ( -54.45000000000000995, -91.00000000000000000, 2.000000000000000000 ) ) ;
#4374 = EDGE_CURVE ( 'NONE', #1394, #5559, #983, .T. ) ;
#4375 = DIRECTION ( 'NONE',  ( 0.000000000000000000, 0.000000000000000000, 1.000000000000000000 ) ) ;
#4376 = DIRECTION ( 'NONE',  ( 1.000000000000000000, 0.000000000000000000, 0.000000000000000000 ) ) ;
#4377 = DIRECTION ( 'NONE',  ( 0.000000000000000000, 0.000000000000000000, 1.000000000000000000 ) ) ;
#4378 = CARTESIAN_POINT ( 'NONE',  ( 28.00000000000006040, -46.99999999999999289, 2.000000000000000000 ) ) ;
#4379 = ORIENTED_EDGE ( 'NONE', *, *, #8462, .F. ) ;
#4380 = CARTESIAN_POINT ( 'NONE',  ( -13.00000000000000000, 62.00000000000000000, 0.000000000000000000 ) ) ;
#4381 = EDGE_CURVE ( 'NONE', #5559, #4211, #2150, .T. ) ;
#4382 = EDGE_CURVE ( 'NONE', #3183, #6142, #877, .T. ) ;
#4383 = EDGE_CURVE ( 'NONE', #9889, #7211, #9345, .T. ) ;
#4384 = VERTEX_POINT ( 'NONE', #1793 ) ;
#4385 = EDGE_CURVE ( 'NONE', #8718, #3843, #7943, .T. ) ;
#4386 = DIRECTION ( 'NONE',  ( 0.000000000000000000, 0.000000000000000000, 1.000000000000000000 ) ) ;
#4387 = CIRCLE ( 'NONE', #9507, 1.549999999999999378 ) ;
#4388 = DIRECTION ( 'NONE',  ( 0.000000000000000000, 0.000000000000000000, 1.000000000000000000 ) ) ;
#4389 = ORIENTED_EDGE ( 'NONE', *, *, #2400, .F. ) ;
#4390 = CARTESIAN_POINT ( 'NONE',  ( 1.550000000000000488, 57.49999999999999289, 0.000000000000000000 ) ) ;
#4391 = VERTEX_POINT ( 'NONE', #2595 ) ;
#4392 = DIRECTION ( 'NONE',  ( -0.000000000000000000, -0.000000000000000000, 1.000000000000000000 ) ) ;
#4393 = CIRCLE ( 'NONE', #1021, 4.999999999999984013 ) ;
#4394 = CARTESIAN_POINT ( 'NONE',  ( 14.55000000000000071, 62.00000000000000000, 0.000000000000000000 ) ) ;
#4395 = DIRECTION ( 'NONE',  ( 0.000000000000000000, 0.000000000000000000, 1.000000000000000000 ) ) ;
#4396 = AXIS2_PLACEMENT_3D ( 'NONE', #8949, #9558, #2791 ) ;
#4397 = ADVANCED_FACE ( 'NONE', ( #2448 ), #5551, .F. ) ;
#4398 = DIRECTION ( 'NONE',  ( -0.000000000000000000, -0.000000000000000000, -1.000000000000000000 ) ) ;
#4399 = DIRECTION ( 'NONE',  ( -0.000000000000000000, -0.000000000000000000, 1.000000000000000000 ) ) ;
#4400 = ORIENTED_EDGE ( 'NONE', *, *, #7945, .T. ) ;
#4401 = CIRCLE ( 'NONE', #3605, 1.550000000000009592 ) ;
#4402 = ORIENTED_EDGE ( 'NONE', *, *, #6849, .F. ) ;
#4403 = DIRECTION ( 'NONE',  ( 1.000000000000000000, 0.000000000000000000, 0.000000000000000000 ) ) ;
#4404 = EDGE_LOOP ( 'NONE', ( #6212, #4763 ) ) ;
#4405 = DIRECTION ( 'NONE',  ( 0.000000000000000000, 0.000000000000000000, 1.000000000000000000 ) ) ;
#4406 = EDGE_LOOP ( 'NONE', ( #364, #5969 ) ) ;
#4407 = CARTESIAN_POINT ( 'NONE',  ( -9.000000000000005329, 32.50000000000001421, 2.000000000000000000 ) ) ;
#4408 = CARTESIAN_POINT ( 'NONE',  ( 56.00000000000004263, -54.00000000000003553, 2.000000000000000000 ) ) ;
#4409 = ORIENTED_EDGE ( 'NONE', *, *, #2826, .T. ) ;
#4410 = CARTESIAN_POINT ( 'NONE',  ( 46.00000000000004263, 92.55000000000001137, 0.000000000000000000 ) ) ;
#4411 = ORIENTED_EDGE ( 'NONE', *, *, #7614, .F. ) ;
#4412 = CARTESIAN_POINT ( 'NONE',  ( -7.499999999999993783, -33.50000000000000000, 2.000000000000000000 ) ) ;
#4413 = FACE_OUTER_BOUND ( 'NONE', #8010, .T. ) ;
#4414 = ORIENTED_EDGE ( 'NONE', *, *, #3588, .F. ) ;
#4415 = CARTESIAN_POINT ( 'NONE',  ( 9.549999999999998934, 18.00000000000000000, 0.000000000000000000 ) ) ;
#4416 = ORIENTED_EDGE ( 'NONE', *, *, #8348, .F. ) ;
#4417 = CARTESIAN_POINT ( 'NONE',  ( 13.45000000000000639, 77.00000000000000000, 0.000000000000000000 ) ) ;
#4418 = AXIS2_PLACEMENT_3D ( 'NONE', #8147, #5800, #382 ) ;
#4419 = AXIS2_PLACEMENT_3D ( 'NONE', #5383, #112, #7830 ) ;
#4420 = DIRECTION ( 'NONE',  ( 0.000000000000000000, 0.000000000000000000, 1.000000000000000000 ) ) ;
#4421 = DIRECTION ( 'NONE',  ( -0.000000000000000000, -0.000000000000000000, 1.000000000000000000 ) ) ;
#4422 = AXIS2_PLACEMENT_3D ( 'NONE', #6723, #4280, #8175 ) ;
#4423 = DIRECTION ( 'NONE',  ( 1.000000000000000000, 0.000000000000000000, 0.000000000000000000 ) ) ;
#4424 = DIRECTION ( 'NONE',  ( -1.000000000000000000, -0.000000000000000000, -0.000000000000000000 ) ) ;
#4425 = EDGE_LOOP ( 'NONE', ( #945, #6800, #9695, #5103 ) ) ;
#4426 = CARTESIAN_POINT ( 'NONE',  ( 18.50000000000003908, -83.00000000000000000, 2.000000000000000000 ) ) ;
#4427 = ADVANCED_FACE ( 'NONE', ( #7144 ), #6303, .F. ) ;
#4428 = AXIS2_PLACEMENT_3D ( 'NONE', #8270, #9031, #4483 ) ;
#4429 = EDGE_CURVE ( 'NONE', #7422, #9511, #9676, .T. ) ;
#4430 = ORIENTED_EDGE ( 'NONE', *, *, #4332, .F. ) ;
#4431 = DIRECTION ( 'NONE',  ( 0.000000000000000000, 0.000000000000000000, 1.000000000000000000 ) ) ;
#4432 = EDGE_CURVE ( 'NONE', #3008, #603, #5646, .T. ) ;
#4433 = CARTESIAN_POINT ( 'NONE',  ( -9.999999999999989342, -9.999999999999973355, 0.000000000000000000 ) ) ;
#4434 = ORIENTED_EDGE ( 'NONE', *, *, #7280, .T. ) ;
#4435 = CIRCLE ( 'NONE', #5715, 1.550000000000009592 ) ;
#4436 = VECTOR ( 'NONE', #5085, 1000.000000000000000 ) ;
#4437 = PLANE ( 'NONE',  #2939 ) ;
#4438 = VECTOR ( 'NONE', #8693, 1000.000000000000000 ) ;
#4439 = ORIENTED_EDGE ( 'NONE', *, *, #3269, .F. ) ;
#4440 = DIRECTION ( 'NONE',  ( -1.000000000000000000, 0.000000000000000000, 0.000000000000000000 ) ) ;
#4441 = CIRCLE ( 'NONE', #3800, 1.550000000000009592 ) ;
#4442 = CARTESIAN_POINT ( 'NONE',  ( 52.00000000000005684, -47.00000000000001421, 0.000000000000000000 ) ) ;
#4443 = EDGE_CURVE ( 'NONE', #2027, #7155, #8690, .T. ) ;
#4444 = AXIS2_PLACEMENT_3D ( 'NONE', #2588, #8793, #1173 ) ;
#4445 = AXIS2_PLACEMENT_3D ( 'NONE', #9144, #3046, #2943 ) ;
#4446 = DIRECTION ( 'NONE',  ( -0.000000000000000000, -0.000000000000000000, 1.000000000000000000 ) ) ;
#4447 = AXIS2_PLACEMENT_3D ( 'NONE', #1053, #8618, #9278 ) ;
#4448 = CIRCLE ( 'NONE', #8425, 1.550000000000002709 ) ;
#4449 = DIRECTION ( 'NONE',  ( -0.000000000000000000, -0.000000000000000000, 1.000000000000000000 ) ) ;
#4450 = CIRCLE ( 'NONE', #2362, 1.549999999999995826 ) ;
#4451 = LINE ( 'NONE', #6564, #2695 ) ;
#4452 = VECTOR ( 'NONE', #2108, 1000.000000000000000 ) ;
#4453 = DIRECTION ( 'NONE',  ( -0.000000000000000000, -0.000000000000000000, 1.000000000000000000 ) ) ;
#4454 = EDGE_LOOP ( 'NONE', ( #8317, #6609, #9185, #9828 ) ) ;
#4455 = ORIENTED_EDGE ( 'NONE', *, *, #5940, .T. ) ;
#4456 = CARTESIAN_POINT ( 'NONE',  ( 53.55000000000006821, 47.00000000000001421, 2.000000000000000000 ) ) ;
#4457 = ORIENTED_EDGE ( 'NONE', *, *, #1808, .F. ) ;
#4458 = DIRECTION ( 'NONE',  ( -0.000000000000000000, -0.000000000000000000, 1.000000000000000000 ) ) ;
#4459 = VERTEX_POINT ( 'NONE', #7743 ) ;
#4460 = DIRECTION ( 'NONE',  ( -1.000000000000000000, 0.000000000000000000, 0.000000000000000000 ) ) ;
#4461 = AXIS2_PLACEMENT_3D ( 'NONE', #5355, #3105, #6853 ) ;
#4462 = VECTOR ( 'NONE', #4079, 1000.000000000000000 ) ;
#4463 = CIRCLE ( 'NONE', #122, 1.550000000000002709 ) ;
#4464 = CARTESIAN_POINT ( 'NONE',  ( 54.45000000000003837, -70.00000000000002842, 2.000000000000000000 ) ) ;
#4465 = ORIENTED_EDGE ( 'NONE', *, *, #9826, .F. ) ;
#4466 = FACE_OUTER_BOUND ( 'NONE', #1764, .T. ) ;
#4467 = ORIENTED_EDGE ( 'NONE', *, *, #4263, .F. ) ;
#4468 = FACE_BOUND ( 'NONE', #3164, .T. ) ;
#4469 = DIRECTION ( 'NONE',  ( -0.000000000000000000, -0.000000000000000000, -1.000000000000000000 ) ) ;
#4470 = EDGE_LOOP ( 'NONE', ( #442, #857, #1826, #3192 ) ) ;
#4471 = LINE ( 'NONE', #6758, #9931 ) ;
#4472 = ORIENTED_EDGE ( 'NONE', *, *, #8190, .F. ) ;
#4473 = CARTESIAN_POINT ( 'NONE',  ( 11.00000000000000000, -51.00000000000000711, 2.000000000000000000 ) ) ;
#4474 = AXIS2_PLACEMENT_3D ( 'NONE', #2109, #405, #1258 ) ;
#4475 = EDGE_CURVE ( 'NONE', #3008, #5391, #4155, .T. ) ;
#4476 = CARTESIAN_POINT ( 'NONE',  ( 54.45000000000003837, 91.00000000000001421, 2.000000000000000000 ) ) ;
#4477 = CARTESIAN_POINT ( 'NONE',  ( 30.55000000000000782, 9.500000000000000000, 0.000000000000000000 ) ) ;
#4478 = ORIENTED_EDGE ( 'NONE', *, *, #3781, .F. ) ;
#4479 = ORIENTED_EDGE ( 'NONE', *, *, #8952, .F. ) ;
#4480 = CARTESIAN_POINT ( 'NONE',  ( -54.45000000000002416, 54.00000000000000711, 2.000000000000000000 ) ) ;
#4481 = ORIENTED_EDGE ( 'NONE', *, *, #9462, .F. ) ;
#4482 = EDGE_CURVE ( 'NONE', #1579, #1467, #9028, .T. ) ;
#4483 = DIRECTION ( 'NONE',  ( 1.000000000000000000, 0.000000000000000000, 0.000000000000000000 ) ) ;
#4484 = VERTEX_POINT ( 'NONE', #7342 ) ;
#4485 = CARTESIAN_POINT ( 'NONE',  ( -22.09601551083914828, 19.90398448916085883, 0.000000000000000000 ) ) ;
#4486 = AXIS2_PLACEMENT_3D ( 'NONE', #1452, #4519, #5361 ) ;
#4487 = DIRECTION ( 'NONE',  ( -1.000000000000000000, 0.000000000000000000, 0.000000000000000000 ) ) ;
#4488 = EDGE_LOOP ( 'NONE', ( #9915, #648, #7302, #4219 ) ) ;
#4489 = DIRECTION ( 'NONE',  ( 1.000000000000000000, 0.000000000000000000, 0.000000000000000000 ) ) ;
#4490 = ORIENTED_EDGE ( 'NONE', *, *, #8145, .T. ) ;
#4491 = DIRECTION ( 'NONE',  ( -0.000000000000000000, -0.000000000000000000, -1.000000000000000000 ) ) ;
#4492 = DIRECTION ( 'NONE',  ( 0.000000000000000000, 0.000000000000000000, 1.000000000000000000 ) ) ;
#4493 = EDGE_CURVE ( 'NONE', #9812, #4197, #7386, .T. ) ;
#4494 = CIRCLE ( 'NONE', #1604, 1.550000000000002709 ) ;
#4495 = EDGE_CURVE ( 'NONE', #7355, #3386, #2308, .T. ) ;
#4496 = CIRCLE ( 'NONE', #9290, 1.549999999999999378 ) ;
#4497 = CARTESIAN_POINT ( 'NONE',  ( 42.00000000000004263, -70.00000000000002842, 2.000000000000000000 ) ) ;
#4498 = AXIS2_PLACEMENT_3D ( 'NONE', #4749, #229, #826 ) ;
#4499 = ADVANCED_FACE ( 'NONE', ( #6640 ), #2841, .T. ) ;
#4500 = CARTESIAN_POINT ( 'NONE',  ( -8.903984489160844618, -11.09601551083913407, 0.000000000000000000 ) ) ;
#4501 = LINE ( 'NONE', #9145, #2197 ) ;
#4502 = EDGE_LOOP ( 'NONE', ( #1421, #5764 ) ) ;
#4503 = VERTEX_POINT ( 'NONE', #4999 ) ;
#4504 = FACE_OUTER_BOUND ( 'NONE', #7031, .T. ) ;
#4505 = ORIENTED_EDGE ( 'NONE', *, *, #7986, .T. ) ;
#4506 = DIRECTION ( 'NONE',  ( -1.000000000000000000, 0.000000000000000000, 0.000000000000000000 ) ) ;
#4507 = DIRECTION ( 'NONE',  ( 0.000000000000000000, 0.000000000000000000, 1.000000000000000000 ) ) ;
#4508 = CARTESIAN_POINT ( 'NONE',  ( 4.450000000000025935, 91.00000000000000000, 2.000000000000000000 ) ) ;
#4509 = ADVANCED_FACE ( 'NONE', ( #6493 ), #476, .F. ) ;
#4510 = EDGE_CURVE ( 'NONE', #2138, #9851, #5985, .T. ) ;
#4511 = DIRECTION ( 'NONE',  ( -1.000000000000000000, 0.000000000000000000, 0.000000000000000000 ) ) ;
#4512 = VERTEX_POINT ( 'NONE', #1897 ) ;
#4513 = ADVANCED_FACE ( 'NONE', ( #5798 ), #9703, .T. ) ;
#4514 = DIRECTION ( 'NONE',  ( 1.000000000000000000, 0.000000000000000000, 0.000000000000000000 ) ) ;
#4515 = EDGE_LOOP ( 'NONE', ( #6408, #7746, #8052, #9268 ) ) ;
#4516 = FACE_BOUND ( 'NONE', #6566, .T. ) ;
#4517 = CARTESIAN_POINT ( 'NONE',  ( 11.00000000000000000, -49.45000000000000284, 0.000000000000000000 ) ) ;
#4518 = ORIENTED_EDGE ( 'NONE', *, *, #9546, .T. ) ;
#4519 = DIRECTION ( 'NONE',  ( 0.000000000000000000, 0.000000000000000000, 1.000000000000000000 ) ) ;
#4520 = ORIENTED_EDGE ( 'NONE', *, *, #1802, .F. ) ;
#4521 = CARTESIAN_POINT ( 'NONE',  ( 1.550000000000074873, 85.50000000000001421, 0.000000000000000000 ) ) ;
#4522 = EDGE_CURVE ( 'NONE', #1629, #7518, #4875, .T. ) ;
#4523 = DIRECTION ( 'NONE',  ( 1.000000000000000000, 1.525031627232357891E-16, -0.000000000000000000 ) ) ;
#4524 = CARTESIAN_POINT ( 'NONE',  ( -9.999999999999989342, 9.999999999999994671, 0.000000000000000000 ) ) ;
#4525 = ORIENTED_EDGE ( 'NONE', *, *, #8582, .F. ) ;
#4526 = EDGE_LOOP ( 'NONE', ( #5443, #5235 ) ) ;
#4527 = FACE_OUTER_BOUND ( 'NONE', #8307, .T. ) ;
#4528 = ORIENTED_EDGE ( 'NONE', *, *, #6522, .F. ) ;
#4529 = CARTESIAN_POINT ( 'NONE',  ( -22.09601551083916249, -19.90398448916083041, 2.000000000000000000 ) ) ;
#4530 = ORIENTED_EDGE ( 'NONE', *, *, #9694, .F. ) ;
#4531 = FACE_OUTER_BOUND ( 'NONE', #6871, .T. ) ;
#4532 = CIRCLE ( 'NONE', #5323, 1.550000000000002709 ) ;
#4533 = DIRECTION ( 'NONE',  ( -0.000000000000000000, -0.000000000000000000, 1.000000000000000000 ) ) ;
#4534 = ORIENTED_EDGE ( 'NONE', *, *, #6928, .F. ) ;
#4535 = DIRECTION ( 'NONE',  ( -1.000000000000000000, 0.000000000000000000, 0.000000000000000000 ) ) ;
#4536 = ORIENTED_EDGE ( 'NONE', *, *, #7672, .T. ) ;
#4537 = FACE_OUTER_BOUND ( 'NONE', #7803, .T. ) ;
#4538 = DIRECTION ( 'NONE',  ( 1.000000000000000000, 0.000000000000000000, 0.000000000000000000 ) ) ;
#4539 = AXIS2_PLACEMENT_3D ( 'NONE', #7721, #1576, #8525 ) ;
#4540 = CIRCLE ( 'NONE', #8692, 1.549999999999982059 ) ;
#4541 = CARTESIAN_POINT ( 'NONE',  ( 40.45000000000007390, -38.20000000000000284, 0.000000000000000000 ) ) ;
#4542 = CARTESIAN_POINT ( 'NONE',  ( -33.76999999999999602, 20.36000000000000298, 0.000000000000000000 ) ) ;
#4543 = AXIS2_PLACEMENT_3D ( 'NONE', #8363, #2075, #556 ) ;
#4544 = DIRECTION ( 'NONE',  ( 0.000000000000000000, 0.000000000000000000, 1.000000000000000000 ) ) ;
#4545 = ORIENTED_EDGE ( 'NONE', *, *, #7373, .T. ) ;
#4546 = ORIENTED_EDGE ( 'NONE', *, *, #629, .T. ) ;
#4547 = DIRECTION ( 'NONE',  ( -0.000000000000000000, -0.000000000000000000, -1.000000000000000000 ) ) ;
#4548 = EDGE_LOOP ( 'NONE', ( #9425, #7157 ) ) ;
#4549 = CARTESIAN_POINT ( 'NONE',  ( 48.99999999999998579, 7.500000000000000888, 0.000000000000000000 ) ) ;
#4550 = CYLINDRICAL_SURFACE ( 'NONE', #6472, 6.000000000000012434 ) ;
#4551 = CARTESIAN_POINT ( 'NONE',  ( 0.000000000000000000, 65.00000000000000000, 2.000000000000000000 ) ) ;
#4552 = VECTOR ( 'NONE', #5454, 1000.000000000000000 ) ;
#4553 = ADVANCED_FACE ( 'NONE', ( #5845 ), #8089, .F. ) ;
#4554 = EDGE_CURVE ( 'NONE', #1585, #8248, #8188, .T. ) ;
#4555 = CARTESIAN_POINT ( 'NONE',  ( 6.000000000000000000, 70.70000000000000284, 0.000000000000000000 ) ) ;
#4556 = VERTEX_POINT ( 'NONE', #1280 ) ;
#4557 = AXIS2_PLACEMENT_3D ( 'NONE', #2131, #9040, #1373 ) ;
#4558 = DIRECTION ( 'NONE',  ( -0.000000000000000000, -0.000000000000000000, 1.000000000000000000 ) ) ;
#4559 = ORIENTED_EDGE ( 'NONE', *, *, #268, .F. ) ;
#4560 = DIRECTION ( 'NONE',  ( -0.000000000000000000, -0.000000000000000000, -1.000000000000000000 ) ) ;
#4561 = EDGE_CURVE ( 'NONE', #7441, #5804, #5677, .T. ) ;
#4562 = CARTESIAN_POINT ( 'NONE',  ( 43.55000000000008242, -38.20000000000000284, 2.000000000000000000 ) ) ;
#4563 = ORIENTED_EDGE ( 'NONE', *, *, #8660, .T. ) ;
#4564 = DIRECTION ( 'NONE',  ( 1.000000000000000000, 0.000000000000000000, 0.000000000000000000 ) ) ;
#4565 = ORIENTED_EDGE ( 'NONE', *, *, #2449, .F. ) ;
#4566 = FACE_OUTER_BOUND ( 'NONE', #1731, .T. ) ;
#4567 = EDGE_CURVE ( 'NONE', #6229, #8395, #8535, .T. ) ;
#4568 = LINE ( 'NONE', #7706, #7165 ) ;
#4569 = DIRECTION ( 'NONE',  ( 1.000000000000000000, 0.000000000000000000, 0.000000000000000000 ) ) ;
#4570 = LINE ( 'NONE', #5520, #1885 ) ;
#4571 = ORIENTED_EDGE ( 'NONE', *, *, #7884, .F. ) ;
#4572 = DIRECTION ( 'NONE',  ( 0.000000000000000000, 0.000000000000000000, 1.000000000000000000 ) ) ;
#4573 = VERTEX_POINT ( 'NONE', #4394 ) ;
#4574 = ADVANCED_FACE ( 'NONE', ( #3403 ), #1989, .F. ) ;
#4575 = CARTESIAN_POINT ( 'NONE',  ( -1.549999999999981837, -91.00000000000000000, 2.000000000000000000 ) ) ;
#4576 = CIRCLE ( 'NONE', #7931, 1.550000000000002709 ) ;
#4577 = ORIENTED_EDGE ( 'NONE', *, *, #6810, .F. ) ;
#4578 = AXIS2_PLACEMENT_3D ( 'NONE', #628, #6835, #2134 ) ;
#4579 = FACE_BOUND ( 'NONE', #6930, .T. ) ;
#4580 = ADVANCED_FACE ( 'NONE', ( #3506 ), #5696, .F. ) ;
#4581 = LINE ( 'NONE', #7619, #4289 ) ;
#4582 = EDGE_LOOP ( 'NONE', ( #725, #9110, #4530, #7537 ) ) ;
#4583 = AXIS2_PLACEMENT_3D ( 'NONE', #6639, #715, #9802 ) ;
#4584 = DIRECTION ( 'NONE',  ( 1.000000000000000000, 0.000000000000000000, 0.000000000000000000 ) ) ;
#4585 = EDGE_LOOP ( 'NONE', ( #9573, #3303, #7108, #714 ) ) ;
#4586 = CARTESIAN_POINT ( 'NONE',  ( 13.00000000000000000, 62.00000000000000000, 0.000000000000000000 ) ) ;
#4587 = AXIS2_PLACEMENT_3D ( 'NONE', #8414, #9175, #3921 ) ;
#4588 = DIRECTION ( 'NONE',  ( -1.000000000000000000, 0.000000000000000000, 0.000000000000000000 ) ) ;
#4589 = CARTESIAN_POINT ( 'NONE',  ( 29.00000000000001776, -36.50000000000000000, 0.000000000000000000 ) ) ;
#4590 = VECTOR ( 'NONE', #7704, 1000.000000000000000 ) ;
#4591 = CYLINDRICAL_SURFACE ( 'NONE', #8264, 1.549999999999982059 ) ;
#4592 = VECTOR ( 'NONE', #4945, 1000.000000000000000 ) ;
#4593 = AXIS2_PLACEMENT_3D ( 'NONE', #6392, #1632, #7039 ) ;
#4594 = DIRECTION ( 'NONE',  ( -1.000000000000000000, 0.000000000000000000, 0.000000000000000000 ) ) ;
#4595 = EDGE_LOOP ( 'NONE', ( #6111, #1800 ) ) ;
#4596 = CIRCLE ( 'NONE', #1883, 1.549999999999995826 ) ;
#4597 = EDGE_LOOP ( 'NONE', ( #2762, #2559 ) ) ;
#4598 = DIRECTION ( 'NONE',  ( -0.000000000000000000, -0.000000000000000000, 1.000000000000000000 ) ) ;
#4599 = VERTEX_POINT ( 'NONE', #6549 ) ;
#4600 = CARTESIAN_POINT ( 'NONE',  ( 43.55000000000004690, -70.00000000000002842, 0.000000000000000000 ) ) ;
#4601 = EDGE_CURVE ( 'NONE', #5282, #6393, #1670, .T. ) ;
#4602 = CARTESIAN_POINT ( 'NONE',  ( -14.99999999999999645, 52.99999999999999289, 2.000000000000000000 ) ) ;
#4603 = FACE_OUTER_BOUND ( 'NONE', #9077, .T. ) ;
#4604 = EDGE_CURVE ( 'NONE', #9679, #5249, #379, .T. ) ;
#4605 = VECTOR ( 'NONE', #7387, 1000.000000000000000 ) ;
#4606 = AXIS2_PLACEMENT_3D ( 'NONE', #4132, #5733, #8781 ) ;
#4607 = VECTOR ( 'NONE', #5067, 1000.000000000000000 ) ;
#4608 = DIRECTION ( 'NONE',  ( 0.7071067811865479058, -0.7071067811865472397, 0.000000000000000000 ) ) ;
#4609 = EDGE_LOOP ( 'NONE', ( #8510, #2435, #4962, #6123 ) ) ;
#4610 = DIRECTION ( 'NONE',  ( 0.000000000000000000, 0.000000000000000000, 1.000000000000000000 ) ) ;
#4611 = ORIENTED_EDGE ( 'NONE', *, *, #1039, .F. ) ;
#4612 = DIRECTION ( 'NONE',  ( -1.000000000000000000, -3.469446951953611724E-16, -0.000000000000000000 ) ) ;
#4613 = CARTESIAN_POINT ( 'NONE',  ( -1.550000000000002265, 41.99999999999999289, 0.000000000000000000 ) ) ;
#4614 = ADVANCED_FACE ( 'NONE', ( #4250 ), #1471, .F. ) ;
#4615 = ORIENTED_EDGE ( 'NONE', *, *, #4023, .T. ) ;
#4616 = AXIS2_PLACEMENT_3D ( 'NONE', #4963, #8004, #9667 ) ;
#4617 = DIRECTION ( 'NONE',  ( 0.000000000000000000, 0.000000000000000000, 1.000000000000000000 ) ) ;
#4618 = VERTEX_POINT ( 'NONE', #5287 ) ;
#4619 = CARTESIAN_POINT ( 'NONE',  ( 43.55000000000006111, 70.00000000000000000, 0.000000000000000000 ) ) ;
#4620 = ADVANCED_FACE ( 'NONE', ( #8992 ), #5187, .F. ) ;
#4621 = ADVANCED_FACE ( 'NONE', ( #6134 ), #8327, .F. ) ;
#4622 = AXIS2_PLACEMENT_3D ( 'NONE', #930, #7887, #979 ) ;
#4623 = DIRECTION ( 'NONE',  ( -1.000000000000000000, 0.000000000000000000, 0.000000000000000000 ) ) ;
#4624 = DIRECTION ( 'NONE',  ( 1.000000000000000000, 0.000000000000000000, 0.000000000000000000 ) ) ;
#4625 = EDGE_CURVE ( 'NONE', #9842, #9649, #8224, .T. ) ;
#4626 = VERTEX_POINT ( 'NONE', #5331 ) ;
#4627 = DIRECTION ( 'NONE',  ( 0.7071067811865481278, 0.7071067811865469066, 0.000000000000000000 ) ) ;
#4628 = ORIENTED_EDGE ( 'NONE', *, *, #4861, .F. ) ;
#4629 = ORIENTED_EDGE ( 'NONE', *, *, #6885, .T. ) ;
#4630 = DIRECTION ( 'NONE',  ( 0.000000000000000000, 0.000000000000000000, 1.000000000000000000 ) ) ;
#4631 = ORIENTED_EDGE ( 'NONE', *, *, #3245, .T. ) ;
#4632 = CARTESIAN_POINT ( 'NONE',  ( 29.55000000000005045, -77.00000000000002842, 2.000000000000000000 ) ) ;
#4633 = EDGE_CURVE ( 'NONE', #6584, #675, #2957, .T. ) ;
#4634 = EDGE_CURVE ( 'NONE', #9876, #1539, #9189, .T. ) ;
#4635 = EDGE_LOOP ( 'NONE', ( #290, #3762, #533, #6752 ) ) ;
#4636 = FACE_BOUND ( 'NONE', #3479, .T. ) ;
#4637 = CARTESIAN_POINT ( 'NONE',  ( 0.000000000000000000, 72.70000000000000284, 0.000000000000000000 ) ) ;
#4638 = ORIENTED_EDGE ( 'NONE', *, *, #4740, .F. ) ;
#4639 = DIRECTION ( 'NONE',  ( -0.000000000000000000, -0.000000000000000000, 1.000000000000000000 ) ) ;
#4640 = ORIENTED_EDGE ( 'NONE', *, *, #254, .T. ) ;
#4641 = CARTESIAN_POINT ( 'NONE',  ( 46.00000000000004263, 92.55000000000001137, 0.000000000000000000 ) ) ;
#4642 = EDGE_LOOP ( 'NONE', ( #3486, #2604 ) ) ;
#4643 = DIRECTION ( 'NONE',  ( -1.000000000000000000, 0.000000000000000000, 0.000000000000000000 ) ) ;
#4644 = CARTESIAN_POINT ( 'NONE',  ( -63.99999999999998579, -91.00000000000000000, 0.000000000000000000 ) ) ;
#4645 = AXIS2_PLACEMENT_3D ( 'NONE', #1354, #5029, #555 ) ;
#4646 = DIRECTION ( 'NONE',  ( -0.000000000000000000, -0.000000000000000000, 1.000000000000000000 ) ) ;
#4647 = DIRECTION ( 'NONE',  ( -1.000000000000000000, 0.000000000000000000, 0.000000000000000000 ) ) ;
#4648 = EDGE_LOOP ( 'NONE', ( #9444, #6819 ) ) ;
#4649 = ORIENTED_EDGE ( 'NONE', *, *, #5552, .T. ) ;
#4650 = CARTESIAN_POINT ( 'NONE',  ( 56.00000000000008527, 1.371604415045036973E-14, 2.000000000000000000 ) ) ;
#4651 = ORIENTED_EDGE ( 'NONE', *, *, #6777, .T. ) ;
#4652 = DIRECTION ( 'NONE',  ( 0.000000000000000000, 0.000000000000000000, 1.000000000000000000 ) ) ;
#4653 = DIRECTION ( 'NONE',  ( 0.000000000000000000, 0.000000000000000000, 1.000000000000000000 ) ) ;
#4654 = DIRECTION ( 'NONE',  ( -0.000000000000000000, 0.000000000000000000, 1.000000000000000000 ) ) ;
#4655 = EDGE_CURVE ( 'NONE', #6127, #9711, #716, .T. ) ;
#4656 = CARTESIAN_POINT ( 'NONE',  ( 8.903984489160851723, 11.09601551083915716, 2.000000000000000000 ) ) ;
#4657 = EDGE_LOOP ( 'NONE', ( #2798, #1398, #7458, #837 ) ) ;
#4658 = CARTESIAN_POINT ( 'NONE',  ( -40.45000000000001705, -70.00000000000002842, 2.000000000000000000 ) ) ;
#4659 = ORIENTED_EDGE ( 'NONE', *, *, #997, .T. ) ;
#4660 = DIRECTION ( 'NONE',  ( -0.000000000000000000, -0.000000000000000000, -1.000000000000000000 ) ) ;
#4661 = UNCERTAINTY_MEASURE_WITH_UNIT (LENGTH_MEASURE( 1.000000000000000082E-05 ), #5146, 'distance_accuracy_value', 'NONE');
#4662 = DIRECTION ( 'NONE',  ( 1.000000000000000000, 0.000000000000000000, 0.000000000000000000 ) ) ;
#4663 = AXIS2_PLACEMENT_3D ( 'NONE', #332, #474, #3354 ) ;
#4664 = VERTEX_POINT ( 'NONE', #6092 ) ;
#4665 = CARTESIAN_POINT ( 'NONE',  ( -5.999999999999985789, 91.00000000000000000, 2.000000000000000000 ) ) ;
#4666 = ORIENTED_EDGE ( 'NONE', *, *, #5360, .T. ) ;
#4667 = CARTESIAN_POINT ( 'NONE',  ( 30.54999999999999716, 24.50000000000000000, 0.000000000000000000 ) ) ;
#4668 = DIRECTION ( 'NONE',  ( -0.000000000000000000, -0.000000000000000000, 1.000000000000000000 ) ) ;
#4669 = DIRECTION ( 'NONE',  ( 1.000000000000000000, 0.000000000000000000, 0.000000000000000000 ) ) ;
#4670 = ORIENTED_EDGE ( 'NONE', *, *, #9764, .T. ) ;
#4671 = EDGE_LOOP ( 'NONE', ( #5013, #7378, #2754, #581 ) ) ;
#4672 = VERTEX_POINT ( 'NONE', #2233 ) ;
#4673 = ORIENTED_EDGE ( 'NONE', *, *, #7321, .T. ) ;
#4674 = CARTESIAN_POINT ( 'NONE',  ( -43.55000000000001847, -54.00000000000003553, 2.000000000000000000 ) ) ;
#4675 = ORIENTED_EDGE ( 'NONE', *, *, #3805, .T. ) ;
#4676 = DIRECTION ( 'NONE',  ( 1.000000000000000000, 0.000000000000000000, 0.000000000000000000 ) ) ;
#4677 = ORIENTED_EDGE ( 'NONE', *, *, #4991, .T. ) ;
#4678 = FACE_BOUND ( 'NONE', #5298, .T. ) ;
#4679 = ORIENTED_EDGE ( 'NONE', *, *, #614, .F. ) ;
#4680 = CARTESIAN_POINT ( 'NONE',  ( 53.55000000000003979, -77.00000000000002842, 2.000000000000000000 ) ) ;
#4681 = EDGE_CURVE ( 'NONE', #4748, #6393, #1426, .T. ) ;
#4682 = ORIENTED_EDGE ( 'NONE', *, *, #5972, .T. ) ;
#4683 = EDGE_CURVE ( 'NONE', #5932, #7064, #4401, .T. ) ;
#4684 = DIRECTION ( 'NONE',  ( 1.000000000000000000, 0.000000000000000000, 0.000000000000000000 ) ) ;
#4685 = EDGE_LOOP ( 'NONE', ( #6441, #7679, #1805, #7026 ) ) ;
#4686 = EDGE_CURVE ( 'NONE', #3427, #3200, #7482, .T. ) ;
#4687 = DIRECTION ( 'NONE',  ( -1.000000000000000000, 0.000000000000000000, 0.000000000000000000 ) ) ;
#4688 = EDGE_CURVE ( 'NONE', #1648, #1908, #865, .T. ) ;
#4689 = ORIENTED_EDGE ( 'NONE', *, *, #8742, .T. ) ;
#4690 = DIRECTION ( 'NONE',  ( 0.000000000000000000, 0.000000000000000000, 1.000000000000000000 ) ) ;
#4691 = CARTESIAN_POINT ( 'NONE',  ( 22.00000000000000000, 60.19999999999999574, 2.000000000000000000 ) ) ;
#4692 = CARTESIAN_POINT ( 'NONE',  ( 44.00000000000000711, 7.499999999999999112, 2.000000000000000000 ) ) ;
#4693 = EDGE_LOOP ( 'NONE', ( #2548, #4414, #6987, #2545 ) ) ;
#4694 = ORIENTED_EDGE ( 'NONE', *, *, #1307, .F. ) ;
#4695 = CARTESIAN_POINT ( 'NONE',  ( 18.49999999999996092, -45.99999999999998579, 0.000000000000000000 ) ) ;
#4696 = ORIENTED_EDGE ( 'NONE', *, *, #1188, .F. ) ;
#4697 = DIRECTION ( 'NONE',  ( -1.000000000000000000, 0.000000000000000000, 0.000000000000000000 ) ) ;
#4698 = AXIS2_PLACEMENT_3D ( 'NONE', #3689, #9135, #4489 ) ;
#4699 = CARTESIAN_POINT ( 'NONE',  ( -44.00000000000000711, 7.499999999999999112, 2.000000000000000000 ) ) ;
#4700 = CARTESIAN_POINT ( 'NONE',  ( -9.549999999999998934, 18.00000000000000000, 0.000000000000000000 ) ) ;
#4701 = EDGE_CURVE ( 'NONE', #2986, #4842, #9687, .T. ) ;
#4702 = AXIS2_PLACEMENT_3D ( 'NONE', #2193, #2245, #9051 ) ;
#4703 = DIRECTION ( 'NONE',  ( 0.000000000000000000, 0.000000000000000000, 1.000000000000000000 ) ) ;
#4704 = AXIS2_PLACEMENT_3D ( 'NONE', #5523, #9376, #3230 ) ;
#4705 = VERTEX_POINT ( 'NONE', #7627 ) ;
#4706 = CIRCLE ( 'NONE', #1661, 1.550000000000002709 ) ;
#4707 = LINE ( 'NONE', #4052, #1899 ) ;
#4708 = CIRCLE ( 'NONE', #4702, 1.550000000000002709 ) ;
#4709 = ORIENTED_EDGE ( 'NONE', *, *, #4802, .T. ) ;
#4710 = FACE_BOUND ( 'NONE', #1019, .T. ) ;
#4711 = CARTESIAN_POINT ( 'NONE',  ( -56.00000000000002842, 70.00000000000000000, 2.000000000000000000 ) ) ;
#4712 = ORIENTED_EDGE ( 'NONE', *, *, #6691, .F. ) ;
#4713 = CARTESIAN_POINT ( 'NONE',  ( -30.54999999999999716, -24.50000000000000000, 0.000000000000000000 ) ) ;
#4714 = DIRECTION ( 'NONE',  ( 0.000000000000000000, 0.000000000000000000, 1.000000000000000000 ) ) ;
#4715 = ORIENTED_EDGE ( 'NONE', *, *, #342, .F. ) ;
#4716 = CARTESIAN_POINT ( 'NONE',  ( 57.99999999999999289, 36.99999999999999289, 0.000000000000000000 ) ) ;
#4717 = AXIS2_PLACEMENT_3D ( 'NONE', #2037, #3451, #9505 ) ;
#4718 = FACE_OUTER_BOUND ( 'NONE', #9814, .T. ) ;
#4719 = CARTESIAN_POINT ( 'NONE',  ( -28.00000000000001776, 46.99999999999998579, 2.000000000000000000 ) ) ;
#4720 = VERTEX_POINT ( 'NONE', #15 ) ;
#4721 = DIRECTION ( 'NONE',  ( -0.000000000000000000, -0.000000000000000000, 1.000000000000000000 ) ) ;
#4722 = EDGE_LOOP ( 'NONE', ( #5184, #566, #6978, #9048 ) ) ;
#4723 = VECTOR ( 'NONE', #3883, 1000.000000000000000 ) ;
#4724 = CARTESIAN_POINT ( 'NONE',  ( -5.999999999999985789, 92.54999999999999716, 0.000000000000000000 ) ) ;
#4725 = ORIENTED_EDGE ( 'NONE', *, *, #559, .T. ) ;
#4726 = CARTESIAN_POINT ( 'NONE',  ( 28.00000000000005329, -77.00000000000002842, 0.000000000000000000 ) ) ;
#4727 = ORIENTED_EDGE ( 'NONE', *, *, #3582, .T. ) ;
#4728 = FACE_BOUND ( 'NONE', #5815, .T. ) ;
#4729 = EDGE_LOOP ( 'NONE', ( #1524, #5710, #7978, #4525 ) ) ;
#4730 = CARTESIAN_POINT ( 'NONE',  ( 50.45000000000005258, 47.00000000000001421, 0.000000000000000000 ) ) ;
#4731 = VERTEX_POINT ( 'NONE', #3735 ) ;
#4732 = CYLINDRICAL_SURFACE ( 'NONE', #4419, 1.549999999999995826 ) ;
#4733 = ORIENTED_EDGE ( 'NONE', *, *, #6913, .F. ) ;
#4734 = ADVANCED_FACE ( 'NONE', ( #571 ), #9188, .F. ) ;
#4735 = CARTESIAN_POINT ( 'NONE',  ( 11.00000000000000000, -74.45000000000003126, 2.000000000000000000 ) ) ;
#4736 = EDGE_CURVE ( 'NONE', #3681, #7573, #6784, .T. ) ;
#4737 = VECTOR ( 'NONE', #7894, 1000.000000000000000 ) ;
#4738 = EDGE_CURVE ( 'NONE', #6589, #87, #703, .T. ) ;
#4739 = EDGE_LOOP ( 'NONE', ( #2369, #5521, #7871, #1196, #2555 ) ) ;
#4740 = EDGE_CURVE ( 'NONE', #3236, #1239, #62, .T. ) ;
#4741 = DIRECTION ( 'NONE',  ( 1.000000000000000000, 0.000000000000000000, 0.000000000000000000 ) ) ;
#4742 = DIRECTION ( 'NONE',  ( 0.000000000000000000, 0.000000000000000000, 1.000000000000000000 ) ) ;
#4743 = VERTEX_POINT ( 'NONE', #9761 ) ;
#4744 = CIRCLE ( 'NONE', #5860, 1.549999999999995826 ) ;
#4745 = EDGE_CURVE ( 'NONE', #1717, #8109, #2895, .T. ) ;
#4746 = ORIENTED_EDGE ( 'NONE', *, *, #6881, .F. ) ;
#4747 = CARTESIAN_POINT ( 'NONE',  ( -27.45000000000001705, 9.500000000000000000, 0.000000000000000000 ) ) ;
#4748 = VERTEX_POINT ( 'NONE', #1677 ) ;
#4749 = CARTESIAN_POINT ( 'NONE',  ( 21.00000000000000000, -21.00000000000000355, 0.000000000000000000 ) ) ;
#4750 = DIRECTION ( 'NONE',  ( -1.000000000000000000, 0.000000000000000000, 0.000000000000000000 ) ) ;
#4751 = CARTESIAN_POINT ( 'NONE',  ( -22.09601551083914828, 19.90398448916085883, 0.000000000000000000 ) ) ;
#4752 = VECTOR ( 'NONE', #5373, 1000.000000000000000 ) ;
#4753 = EDGE_CURVE ( 'NONE', #2538, #6030, #6336, .T. ) ;
#4754 = LINE ( 'NONE', #4847, #1073 ) ;
#4755 = VERTEX_POINT ( 'NONE', #1020 ) ;
#4756 = DIRECTION ( 'NONE',  ( 0.000000000000000000, 0.000000000000000000, 1.000000000000000000 ) ) ;
#4757 = ORIENTED_EDGE ( 'NONE', *, *, #5115, .T. ) ;
#4758 = FACE_BOUND ( 'NONE', #7637, .T. ) ;
#4759 = CARTESIAN_POINT ( 'NONE',  ( -42.00000000000001421, -54.00000000000003553, 2.000000000000000000 ) ) ;
#4760 = VERTEX_POINT ( 'NONE', #7880 ) ;
#4761 = DIRECTION ( 'NONE',  ( -0.000000000000000000, -0.000000000000000000, 1.000000000000000000 ) ) ;
#4762 = CIRCLE ( 'NONE', #2352, 1.550000000000000933 ) ;
#4763 = ORIENTED_EDGE ( 'NONE', *, *, #1617, .T. ) ;
#4764 = CIRCLE ( 'NONE', #6831, 1.550000000000002709 ) ;
#4765 = CIRCLE ( 'NONE', #5879, 1.550000000000002709 ) ;
#4766 = CIRCLE ( 'NONE', #589, 1.550000000000002709 ) ;
#4767 = VECTOR ( 'NONE', #6322, 1000.000000000000000 ) ;
#4768 = CARTESIAN_POINT ( 'NONE',  ( -1.549999999999981837, 91.00000000000000000, 0.000000000000000000 ) ) ;
#4769 = AXIS2_PLACEMENT_3D ( 'NONE', #4866, #3376, #7912 ) ;
#4770 = CARTESIAN_POINT ( 'NONE',  ( -30.55000000000000782, 9.500000000000000000, 0.000000000000000000 ) ) ;
#4771 = AXIS2_PLACEMENT_3D ( 'NONE', #3903, #4560, #33 ) ;
#4772 = ORIENTED_EDGE ( 'NONE', *, *, #2340, .F. ) ;
#4773 = VECTOR ( 'NONE', #3522, 1000.000000000000000 ) ;
#4774 = LINE ( 'NONE', #2421, #4767 ) ;
#4775 = VERTEX_POINT ( 'NONE', #3929 ) ;
#4776 = LINE ( 'NONE', #1614, #4239 ) ;
#4777 = ORIENTED_EDGE ( 'NONE', *, *, #2834, .F. ) ;
#4778 = CARTESIAN_POINT ( 'NONE',  ( 33.76999999999999602, 20.36000000000000298, 2.000000000000000000 ) ) ;
#4779 = EDGE_CURVE ( 'NONE', #4755, #8593, #5680, .T. ) ;
#4780 = AXIS2_PLACEMENT_3D ( 'NONE', #4699, #6254, #876 ) ;
#4781 = VECTOR ( 'NONE', #5251, 1000.000000000000000 ) ;
#4782 = EDGE_LOOP ( 'NONE', ( #3867, #4210, #3753, #1093 ) ) ;
#4783 = FACE_BOUND ( 'NONE', #2422, .T. ) ;
#4784 = CYLINDRICAL_SURFACE ( 'NONE', #6217, 1.549999999999995826 ) ;
#4785 = VERTEX_POINT ( 'NONE', #6291 ) ;
#4786 = LINE ( 'NONE', #7828, #7400 ) ;
#4787 = ORIENTED_EDGE ( 'NONE', *, *, #5793, .T. ) ;
#4788 = DIRECTION ( 'NONE',  ( -1.284980352575411959E-16, 1.000000000000000000, 0.000000000000000000 ) ) ;
#4789 = ORIENTED_EDGE ( 'NONE', *, *, #457, .T. ) ;
#4790 = CARTESIAN_POINT ( 'NONE',  ( 18.50000000000003908, -83.00000000000000000, 2.000000000000000000 ) ) ;
#4791 = VERTEX_POINT ( 'NONE', #4735 ) ;
#4792 = CARTESIAN_POINT ( 'NONE',  ( -18.50000000000000000, 43.00000000000000000, 2.000000000000000000 ) ) ;
#4793 = CARTESIAN_POINT ( 'NONE',  ( -9.550000000000000711, 18.00000000000000000, 2.000000000000000000 ) ) ;
#4794 = ORIENTED_EDGE ( 'NONE', *, *, #3567, .T. ) ;
#4795 = ORIENTED_EDGE ( 'NONE', *, *, #9025, .T. ) ;
#4796 = DIRECTION ( 'NONE',  ( 1.000000000000000000, 0.000000000000000000, 0.000000000000000000 ) ) ;
#4797 = ORIENTED_EDGE ( 'NONE', *, *, #2413, .F. ) ;
#4798 = DIRECTION ( 'NONE',  ( 0.000000000000000000, 0.000000000000000000, 1.000000000000000000 ) ) ;
#4799 = EDGE_CURVE ( 'NONE', #7515, #3701, #9032, .T. ) ;
#4800 = DIRECTION ( 'NONE',  ( 0.7071067811865474617, -0.7071067811865474617, 0.000000000000000000 ) ) ;
#4801 = CARTESIAN_POINT ( 'NONE',  ( -28.00000000000001776, -77.00000000000002842, 2.000000000000000000 ) ) ;
#4802 = EDGE_CURVE ( 'NONE', #6890, #215, #9390, .T. ) ;
#4803 = CARTESIAN_POINT ( 'NONE',  ( 42.00000000000005684, 54.00000000000000711, 0.000000000000000000 ) ) ;
#4804 = CARTESIAN_POINT ( 'NONE',  ( -47.54999999999995453, -91.00000000000002842, 2.000000000000000000 ) ) ;
#4805 = VERTEX_POINT ( 'NONE', #7725 ) ;
#4806 = LINE ( 'NONE', #6407, #2701 ) ;
#4807 = ORIENTED_EDGE ( 'NONE', *, *, #7213, .T. ) ;
#4808 = ORIENTED_EDGE ( 'NONE', *, *, #4905, .T. ) ;
#4809 = FACE_BOUND ( 'NONE', #1036, .T. ) ;
#4810 = VECTOR ( 'NONE', #1311, 1000.000000000000000 ) ;
#4811 = CYLINDRICAL_SURFACE ( 'NONE', #1775, 1.550000000000004485 ) ;
#4812 = ORIENTED_EDGE ( 'NONE', *, *, #6999, .F. ) ;
#4813 = CARTESIAN_POINT ( 'NONE',  ( -63.99999999999998579, -91.00000000000000000, 0.000000000000000000 ) ) ;
#4814 = VERTEX_POINT ( 'NONE', #5636 ) ;
#4815 = EDGE_CURVE ( 'NONE', #8040, #5426, #8581, .T. ) ;
#4816 = EDGE_CURVE ( 'NONE', #774, #9926, #2484, .T. ) ;
#4817 = AXIS2_PLACEMENT_3D ( 'NONE', #2961, #6756, #6113 ) ;
#4818 = EDGE_CURVE ( 'NONE', #245, #6842, #6947, .T. ) ;
#4819 = DIRECTION ( 'NONE',  ( 0.000000000000000000, 0.000000000000000000, 1.000000000000000000 ) ) ;
#4820 = DIRECTION ( 'NONE',  ( 1.000000000000000000, 0.000000000000000000, 0.000000000000000000 ) ) ;
#4821 = EDGE_LOOP ( 'NONE', ( #3082, #5485, #5275, #1379 ) ) ;
#4822 = DIRECTION ( 'NONE',  ( 0.000000000000000000, 0.000000000000000000, 1.000000000000000000 ) ) ;
#4823 = LINE ( 'NONE', #1002, #6773 ) ;
#4824 = ORIENTED_EDGE ( 'NONE', *, *, #4475, .F. ) ;
#4825 = FACE_OUTER_BOUND ( 'NONE', #8935, .T. ) ;
#4826 = ORIENTED_EDGE ( 'NONE', *, *, #342, .T. ) ;
#4827 = DIRECTION ( 'NONE',  ( 1.000000000000000000, 0.000000000000000000, 0.000000000000000000 ) ) ;
#4828 = ADVANCED_FACE ( 'NONE', ( #6927 ), #5591, .F. ) ;
#4829 = CARTESIAN_POINT ( 'NONE',  ( 57.55000000000006111, 54.00000000000000711, 0.000000000000000000 ) ) ;
#4830 = CARTESIAN_POINT ( 'NONE',  ( 6.000000000000060396, 89.45000000000001705, 2.000000000000000000 ) ) ;
#4831 = ORIENTED_EDGE ( 'NONE', *, *, #1802, .T. ) ;
#4832 = LINE ( 'NONE', #4084, #1324 ) ;
#4833 = EDGE_LOOP ( 'NONE', ( #674, #3604, #520, #6500 ) ) ;
#4834 = DIRECTION ( 'NONE',  ( -0.000000000000000000, -0.000000000000000000, -1.000000000000000000 ) ) ;
#4835 = ORIENTED_EDGE ( 'NONE', *, *, #4931, .F. ) ;
#4836 = DIRECTION ( 'NONE',  ( -1.000000000000000000, 0.000000000000000000, 0.000000000000000000 ) ) ;
#4837 = ORIENTED_EDGE ( 'NONE', *, *, #1783, .T. ) ;
#4838 = LINE ( 'NONE', #4644, #8744 ) ;
#4839 = CARTESIAN_POINT ( 'NONE',  ( 46.00000000000004263, 91.00000000000001421, 0.000000000000000000 ) ) ;
#4840 = ORIENTED_EDGE ( 'NONE', *, *, #1815, .F. ) ;
#4841 = DIRECTION ( 'NONE',  ( 0.000000000000000000, 0.000000000000000000, 1.000000000000000000 ) ) ;
#4842 = VERTEX_POINT ( 'NONE', #8679 ) ;
#4843 = CARTESIAN_POINT ( 'NONE',  ( 52.00000000000005684, 47.00000000000001421, 2.000000000000000000 ) ) ;
#4844 = EDGE_CURVE ( 'NONE', #3307, #4217, #2799, .T. ) ;
#4845 = DIRECTION ( 'NONE',  ( 1.000000000000000000, 0.000000000000000000, 0.000000000000000000 ) ) ;
#4846 = CARTESIAN_POINT ( 'NONE',  ( -54.00000000000000000, -99.00000000000000000, 0.000000000000000000 ) ) ;
#4847 = CARTESIAN_POINT ( 'NONE',  ( 57.55000000000006111, 70.00000000000000000, 2.000000000000000000 ) ) ;
#4848 = DIRECTION ( 'NONE',  ( -0.7808688094430301652, -0.6246950475544245096, 0.000000000000000000 ) ) ;
#4849 = ORIENTED_EDGE ( 'NONE', *, *, #7823, .F. ) ;
#4850 = VECTOR ( 'NONE', #1673, 1000.000000000000000 ) ;
#4851 = DIRECTION ( 'NONE',  ( 0.000000000000000000, -0.000000000000000000, 1.000000000000000000 ) ) ;
#4852 = ORIENTED_EDGE ( 'NONE', *, *, #7312, .T. ) ;
#4853 = ORIENTED_EDGE ( 'NONE', *, *, #1924, .T. ) ;
#4854 = FACE_BOUND ( 'NONE', #4026, .T. ) ;
#4855 = ORIENTED_EDGE ( 'NONE', *, *, #829, .F. ) ;
#4856 = DIRECTION ( 'NONE',  ( -1.000000000000000000, 0.000000000000000000, 0.000000000000000000 ) ) ;
#4857 = VERTEX_POINT ( 'NONE', #5442 ) ;
#4858 = CARTESIAN_POINT ( 'NONE',  ( 7.499999999999996447, -39.50000000000001421, 2.000000000000000000 ) ) ;
#4859 = EDGE_LOOP ( 'NONE', ( #5411, #49, #1767, #5268 ) ) ;
#4860 = EDGE_CURVE ( 'NONE', #9221, #6458, #5834, .T. ) ;
#4861 = EDGE_CURVE ( 'NONE', #823, #2252, #2476, .T. ) ;
#4862 = AXIS2_PLACEMENT_3D ( 'NONE', #1166, #2021, #3435 ) ;
#4863 = AXIS2_PLACEMENT_3D ( 'NONE', #1293, #9626, #5765 ) ;
#4864 = DIRECTION ( 'NONE',  ( 1.000000000000000000, 0.000000000000000000, 0.000000000000000000 ) ) ;
#4865 = ADVANCED_FACE ( 'NONE', ( #115 ), #1782, .F. ) ;
#4866 = CARTESIAN_POINT ( 'NONE',  ( 29.00000000000000000, 24.50000000000000000, 2.000000000000000000 ) ) ;
#4867 = ORIENTED_EDGE ( 'NONE', *, *, #6059, .T. ) ;
#4868 = DIRECTION ( 'NONE',  ( -1.000000000000000000, 0.000000000000000000, 0.000000000000000000 ) ) ;
#4869 = DIRECTION ( 'NONE',  ( 1.000000000000000000, 0.000000000000000000, 0.000000000000000000 ) ) ;
#4870 = AXIS2_PLACEMENT_3D ( 'NONE', #8824, #3324, #7969 ) ;
#4871 = EDGE_CURVE ( 'NONE', #5976, #5263, #4038, .T. ) ;
#4872 = LINE ( 'NONE', #406, #5186 ) ;
#4873 = ORIENTED_EDGE ( 'NONE', *, *, #1004, .T. ) ;
#4874 = DIRECTION ( 'NONE',  ( 0.000000000000000000, 0.000000000000000000, 1.000000000000000000 ) ) ;
#4875 = CIRCLE ( 'NONE', #4396, 1.549999999999995826 ) ;
#4876 = CIRCLE ( 'NONE', #6628, 1.549999999999999378 ) ;
#4877 = FACE_BOUND ( 'NONE', #8678, .T. ) ;
#4878 = PLANE ( 'NONE',  #9088 ) ;
#4879 = VECTOR ( 'NONE', #1181, 1000.000000000000000 ) ;
#4880 = EDGE_LOOP ( 'NONE', ( #5149, #7216 ) ) ;
#4881 = CYLINDRICAL_SURFACE ( 'NONE', #4862, 1.550000000000002709 ) ;
#4882 = ORIENTED_EDGE ( 'NONE', *, *, #9125, .T. ) ;
#4883 = CARTESIAN_POINT ( 'NONE',  ( 29.00000000000004619, 36.50000000000000000, 0.000000000000000000 ) ) ;
#4884 = ORIENTED_EDGE ( 'NONE', *, *, #4991, .F. ) ;
#4885 = DIRECTION ( 'NONE',  ( -1.000000000000000000, 0.000000000000000000, 0.000000000000000000 ) ) ;
#4886 = ORIENTED_EDGE ( 'NONE', *, *, #9021, .F. ) ;
#4887 = CARTESIAN_POINT ( 'NONE',  ( 6.000000000000000000, 70.70000000000000284, 2.000000000000000000 ) ) ;
#4888 = CARTESIAN_POINT ( 'NONE',  ( -54.00000000000001421, 99.00000000000000000, 0.000000000000000000 ) ) ;
#4889 = ORIENTED_EDGE ( 'NONE', *, *, #7589, .F. ) ;
#4890 = CARTESIAN_POINT ( 'NONE',  ( 22.00000000000000000, 60.19999999999999574, 0.000000000000000000 ) ) ;
#4891 = VERTEX_POINT ( 'NONE', #218 ) ;
#4892 = CARTESIAN_POINT ( 'NONE',  ( 57.55000000000006111, 54.00000000000000711, 2.000000000000000000 ) ) ;
#4893 = CARTESIAN_POINT ( 'NONE',  ( -30.54999999999998295, -85.50000000000000000, 0.000000000000000000 ) ) ;
#4894 = DIRECTION ( 'NONE',  ( 0.000000000000000000, 0.000000000000000000, 1.000000000000000000 ) ) ;
#4895 = AXIS2_PLACEMENT_3D ( 'NONE', #7049, #1640, #3947 ) ;
#4896 = DIRECTION ( 'NONE',  ( 1.000000000000000000, 0.000000000000000000, 0.000000000000000000 ) ) ;
#4897 = EDGE_CURVE ( 'NONE', #5483, #7701, #9839, .T. ) ;
#4898 = DIRECTION ( 'NONE',  ( 0.000000000000000000, 0.000000000000000000, 1.000000000000000000 ) ) ;
#4899 = PRESENTATION_STYLE_ASSIGNMENT (( #134 ) ) ;
#4900 = ORIENTED_EDGE ( 'NONE', *, *, #5988, .T. ) ;
#4901 = VECTOR ( 'NONE', #428, 1000.000000000000000 ) ;
#4902 = CIRCLE ( 'NONE', #8893, 4.000000000000014211 ) ;
#4903 = CARTESIAN_POINT ( 'NONE',  ( -54.00000000000001421, 99.00000000000000000, 2.000000000000000000 ) ) ;
#4904 = VERTEX_POINT ( 'NONE', #6186 ) ;
#4905 = EDGE_CURVE ( 'NONE', #8704, #7550, #5516, .T. ) ;
#4906 = ORIENTED_EDGE ( 'NONE', *, *, #9457, .F. ) ;
#4907 = FACE_BOUND ( 'NONE', #8419, .T. ) ;
#4908 = VERTEX_POINT ( 'NONE', #2585 ) ;
#4909 = FACE_OUTER_BOUND ( 'NONE', #6145, .T. ) ;
#4910 = EDGE_CURVE ( 'NONE', #8593, #8505, #4988, .T. ) ;
#4911 = VERTEX_POINT ( 'NONE', #4341 ) ;
#4912 = DIRECTION ( 'NONE',  ( 0.000000000000000000, 0.000000000000000000, 1.000000000000000000 ) ) ;
#4913 = VERTEX_POINT ( 'NONE', #7377 ) ;
#4914 = AXIS2_PLACEMENT_3D ( 'NONE', #2267, #6770, #3826 ) ;
#4915 = CARTESIAN_POINT ( 'NONE',  ( -5.999999999999985789, -92.54999999999999716, 0.000000000000000000 ) ) ;
#4916 = CYLINDRICAL_SURFACE ( 'NONE', #1247, 1.549999999999999378 ) ;
#4917 = AXIS2_PLACEMENT_3D ( 'NONE', #1306, #695, #5166 ) ;
#4918 = VERTEX_POINT ( 'NONE', #2734 ) ;
#4919 = CARTESIAN_POINT ( 'NONE',  ( 31.19999999999999929, 69.00000000000000000, 0.000000000000000000 ) ) ;
#4920 = VECTOR ( 'NONE', #5554, 1000.000000000000000 ) ;
#4921 = DIRECTION ( 'NONE',  ( 0.000000000000000000, 0.000000000000000000, 1.000000000000000000 ) ) ;
#4922 = CIRCLE ( 'NONE', #5568, 1.550000000000002709 ) ;
#4923 = AXIS2_PLACEMENT_3D ( 'NONE', #305, #9531, #4868 ) ;
#4924 = DIRECTION ( 'NONE',  ( -0.000000000000000000, -0.000000000000000000, 1.000000000000000000 ) ) ;
#4925 = ORIENTED_EDGE ( 'NONE', *, *, #6207, .T. ) ;
#4926 = ADVANCED_FACE ( 'NONE', ( #8080 ), #7332, .F. ) ;
#4927 = DIRECTION ( 'NONE',  ( 0.000000000000000000, 0.000000000000000000, 1.000000000000000000 ) ) ;
#4928 = EDGE_CURVE ( 'NONE', #3180, #8325, #1168, .T. ) ;
#4929 = CIRCLE ( 'NONE', #109, 1.550000000000002709 ) ;
#4930 = AXIS2_PLACEMENT_3D ( 'NONE', #1412, #6120, #9835 ) ;
#4931 = EDGE_CURVE ( 'NONE', #2165, #8040, #9491, .T. ) ;
#4932 = VECTOR ( 'NONE', #7453, 1000.000000000000000 ) ;
#4933 = FACE_BOUND ( 'NONE', #6823, .T. ) ;
#4934 = DIRECTION ( 'NONE',  ( 1.000000000000000000, 0.000000000000000000, 0.000000000000000000 ) ) ;
#4935 = VERTEX_POINT ( 'NONE', #4238 ) ;
#4936 = FACE_OUTER_BOUND ( 'NONE', #67, .T. ) ;
#4937 = EDGE_LOOP ( 'NONE', ( #9247, #6517 ) ) ;
#4938 = DIRECTION ( 'NONE',  ( 1.000000000000000000, 0.000000000000000000, 0.000000000000000000 ) ) ;
#4939 = AXIS2_PLACEMENT_3D ( 'NONE', #7391, #7296, #1951 ) ;
#4940 = LINE ( 'NONE', #467, #8076 ) ;
#4941 = AXIS2_PLACEMENT_3D ( 'NONE', #3202, #6250, #2444 ) ;
#4942 = EDGE_CURVE ( 'NONE', #5923, #2867, #5045, .T. ) ;
#4943 = EDGE_CURVE ( 'NONE', #4070, #3325, #7281, .T. ) ;
#4944 = VERTEX_POINT ( 'NONE', #3541 ) ;
#4945 = DIRECTION ( 'NONE',  ( -0.000000000000000000, -0.000000000000000000, 1.000000000000000000 ) ) ;
#4946 = VECTOR ( 'NONE', #8042, 1000.000000000000000 ) ;
#4947 = DIRECTION ( 'NONE',  ( -1.000000000000000000, -1.284980352575411959E-16, -0.000000000000000000 ) ) ;
#4948 = ORIENTED_EDGE ( 'NONE', *, *, #1942, .F. ) ;
#4949 = PRODUCT_DEFINITION_CONTEXT ( 'detailed design', #208, 'design' ) ;
#4950 = DIRECTION ( 'NONE',  ( 0.000000000000000000, 0.000000000000000000, 1.000000000000000000 ) ) ;
#4951 = EDGE_LOOP ( 'NONE', ( #7251, #4455, #7205, #6985 ) ) ;
#4952 = DIRECTION ( 'NONE',  ( 1.000000000000000000, 0.000000000000000000, 0.000000000000000000 ) ) ;
#4953 = CARTESIAN_POINT ( 'NONE',  ( 42.00000000000005684, 54.00000000000000711, 2.000000000000000000 ) ) ;
#4954 = CARTESIAN_POINT ( 'NONE',  ( -35.32000000000000028, 20.36000000000000298, 0.000000000000000000 ) ) ;
#4955 = DIRECTION ( 'NONE',  ( -0.000000000000000000, -0.000000000000000000, 1.000000000000000000 ) ) ;
#4956 = EDGE_CURVE ( 'NONE', #2425, #1918, #4191, .T. ) ;
#4957 = DIRECTION ( 'NONE',  ( -0.000000000000000000, -0.000000000000000000, 1.000000000000000000 ) ) ;
#4958 = SURFACE_STYLE_USAGE ( .BOTH. , #2043 ) ;
#4959 = ORIENTED_EDGE ( 'NONE', *, *, #550, .F. ) ;
#4960 = DIRECTION ( 'NONE',  ( 0.000000000000000000, -1.000000000000000000, 0.000000000000000000 ) ) ;
#4961 = VERTEX_POINT ( 'NONE', #5081 ) ;
#4962 = ORIENTED_EDGE ( 'NONE', *, *, #7388, .T. ) ;
#4963 = CARTESIAN_POINT ( 'NONE',  ( 0.000000000000000000, 65.00000000000000000, 0.000000000000000000 ) ) ;
#4964 = ORIENTED_EDGE ( 'NONE', *, *, #4740, .T. ) ;
#4965 = FACE_OUTER_BOUND ( 'NONE', #384, .T. ) ;
#4966 = EDGE_LOOP ( 'NONE', ( #7954, #8998, #3155, #7563 ) ) ;
#4967 = CARTESIAN_POINT ( 'NONE',  ( -30.55000000000000782, 9.500000000000000000, 0.000000000000000000 ) ) ;
#4968 = ORIENTED_EDGE ( 'NONE', *, *, #1264, .F. ) ;
#4969 = DIRECTION ( 'NONE',  ( -1.000000000000000000, 0.000000000000000000, 0.000000000000000000 ) ) ;
#4970 = ORIENTED_EDGE ( 'NONE', *, *, #2918, .F. ) ;
#4971 = AXIS2_PLACEMENT_3D ( 'NONE', #7444, #8387, #5152 ) ;
#4972 = CARTESIAN_POINT ( 'NONE',  ( 54.00000000000004263, 99.00000000000001421, 2.000000000000000000 ) ) ;
#4973 = FACE_OUTER_BOUND ( 'NONE', #4366, .T. ) ;
#4974 = ORIENTED_EDGE ( 'NONE', *, *, #2851, .T. ) ;
#4975 = DIRECTION ( 'NONE',  ( 0.000000000000000000, 0.000000000000000000, 1.000000000000000000 ) ) ;
#4976 = DIRECTION ( 'NONE',  ( -0.7071067811865483499, 0.7071067811865466846, -0.000000000000000000 ) ) ;
#4977 = CARTESIAN_POINT ( 'NONE',  ( -52.00000000000002132, 77.00000000000001421, 0.000000000000000000 ) ) ;
#4978 = ORIENTED_EDGE ( 'NONE', *, *, #8015, .F. ) ;
#4979 = CARTESIAN_POINT ( 'NONE',  ( 27.45000000000000995, -9.500000000000000000, 2.000000000000000000 ) ) ;
#4980 = AXIS2_PLACEMENT_3D ( 'NONE', #7374, #4377, #8877 ) ;
#4981 = CIRCLE ( 'NONE', #805, 1.549999999999999378 ) ;
#4982 = FACE_BOUND ( 'NONE', #620, .T. ) ;
#4983 = DIRECTION ( 'NONE',  ( -1.000000000000000000, 0.000000000000000000, 0.000000000000000000 ) ) ;
#4984 = DIRECTION ( 'NONE',  ( -0.000000000000000000, -0.000000000000000000, 1.000000000000000000 ) ) ;
#4985 = EDGE_LOOP ( 'NONE', ( #5375, #2221 ) ) ;
#4986 = DIRECTION ( 'NONE',  ( 0.000000000000000000, 0.000000000000000000, 1.000000000000000000 ) ) ;
#4987 = EDGE_LOOP ( 'NONE', ( #1510, #9798, #7099, #2833 ) ) ;
#4988 = LINE ( 'NONE', #8134, #231 ) ;
#4989 = ORIENTED_EDGE ( 'NONE', *, *, #5840, .F. ) ;
#4990 = LINE ( 'NONE', #1273, #9229 ) ;
#4991 = EDGE_CURVE ( 'NONE', #6730, #9575, #4940, .T. ) ;
#4992 = EDGE_CURVE ( 'NONE', #6142, #8696, #8551, .T. ) ;
#4993 = CARTESIAN_POINT ( 'NONE',  ( 5.000000000000000000, 0.000000000000000000, 0.000000000000000000 ) ) ;
#4994 = ORIENTED_EDGE ( 'NONE', *, *, #7237, .F. ) ;
#4995 = CARTESIAN_POINT ( 'NONE',  ( 27.45000000000001705, -36.50000000000000000, 0.000000000000000000 ) ) ;
#4996 = EDGE_LOOP ( 'NONE', ( #1165, #1644 ) ) ;
#4997 = CYLINDRICAL_SURFACE ( 'NONE', #7521, 1.550000000000002709 ) ;
#4998 = CARTESIAN_POINT ( 'NONE',  ( 6.000000000000000000, 70.70000000000000284, 0.000000000000000000 ) ) ;
#4999 = CARTESIAN_POINT ( 'NONE',  ( -6.449999999999999289, 43.00000000000000000, 2.000000000000000000 ) ) ;
#5000 = ADVANCED_FACE ( 'NONE', ( #6581 ), #7232, .F. ) ;
#5001 = DIRECTION ( 'NONE',  ( 1.000000000000000000, 0.000000000000000000, 0.000000000000000000 ) ) ;
#5002 = CARTESIAN_POINT ( 'NONE',  ( -29.55000000000001847, 77.00000000000002842, 2.000000000000000000 ) ) ;
#5003 = PLANE ( 'NONE',  #7963 ) ;
#5004 = ORIENTED_EDGE ( 'NONE', *, *, #2428, .F. ) ;
#5005 = ORIENTED_EDGE ( 'NONE', *, *, #4779, .T. ) ;
#5006 = LINE ( 'NONE', #8053, #2693 ) ;
#5007 = ORIENTED_EDGE ( 'NONE', *, *, #2044, .F. ) ;
#5008 = DIRECTION ( 'NONE',  ( -0.000000000000000000, -0.000000000000000000, -1.000000000000000000 ) ) ;
#5009 = EDGE_CURVE ( 'NONE', #2204, #9889, #5831, .T. ) ;
#5010 = EDGE_LOOP ( 'NONE', ( #4948, #1269, #5637, #1874, #7660, #3062, #163, #1358 ) ) ;
#5011 = DIRECTION ( 'NONE',  ( -1.000000000000000000, 0.000000000000000000, 0.000000000000000000 ) ) ;
#5012 = DIRECTION ( 'NONE',  ( -0.000000000000000000, -0.000000000000000000, -1.000000000000000000 ) ) ;
#5013 = ORIENTED_EDGE ( 'NONE', *, *, #1924, .F. ) ;
#5014 = LINE ( 'NONE', #6417, #7465 ) ;
#5015 = EDGE_CURVE ( 'NONE', #7117, #142, #6627, .T. ) ;
#5016 = CARTESIAN_POINT ( 'NONE',  ( 20.05000000000003624, -83.00000000000000000, 2.000000000000000000 ) ) ;
#5017 = ORIENTED_EDGE ( 'NONE', *, *, #4799, .T. ) ;
#5018 = CARTESIAN_POINT ( 'NONE',  ( -8.449999999999990408, -9.999999999999973355, 0.000000000000000000 ) ) ;
#5019 = DIRECTION ( 'NONE',  ( -1.000000000000000000, 0.000000000000000000, 0.000000000000000000 ) ) ;
#5020 = CARTESIAN_POINT ( 'NONE',  ( 16.95000000000004547, -83.00000000000000000, 2.000000000000000000 ) ) ;
#5021 = EDGE_LOOP ( 'NONE', ( #97, #3416, #7535, #1703 ) ) ;
#5022 = VECTOR ( 'NONE', #2324, 1000.000000000000000 ) ;
#5023 = CARTESIAN_POINT ( 'NONE',  ( 56.00000000000008527, -90.99999999999998579, 0.000000000000000000 ) ) ;
#5024 = CIRCLE ( 'NONE', #9671, 1.549999999999995826 ) ;
#5025 = FACE_BOUND ( 'NONE', #3825, .T. ) ;
#5026 = CIRCLE ( 'NONE', #5664, 1.550000000000002709 ) ;
#5027 = DIRECTION ( 'NONE',  ( 1.000000000000000000, 0.000000000000000000, 0.000000000000000000 ) ) ;
#5028 = VECTOR ( 'NONE', #1205, 1000.000000000000000 ) ;
#5029 = DIRECTION ( 'NONE',  ( 0.000000000000000000, 0.000000000000000000, 1.000000000000000000 ) ) ;
#5030 = AXIS2_PLACEMENT_3D ( 'NONE', #5255, #8299, #6847 ) ;
#5031 = DIRECTION ( 'NONE',  ( 0.000000000000000000, 0.000000000000000000, 1.000000000000000000 ) ) ;
#5032 = ORIENTED_EDGE ( 'NONE', *, *, #6926, .F. ) ;
#5033 = DIRECTION ( 'NONE',  ( -0.000000000000000000, -0.000000000000000000, 1.000000000000000000 ) ) ;
#5034 = AXIS2_PLACEMENT_3D ( 'NONE', #3101, #5346, #3897 ) ;
#5035 = AXIS2_PLACEMENT_3D ( 'NONE', #3042, #3692, #8287 ) ;
#5036 = ORIENTED_EDGE ( 'NONE', *, *, #8462, .T. ) ;
#5037 = FACE_OUTER_BOUND ( 'NONE', #2508, .T. ) ;
#5038 = DIRECTION ( 'NONE',  ( -1.000000000000000000, 0.000000000000000000, 0.000000000000000000 ) ) ;
#5039 = ORIENTED_EDGE ( 'NONE', *, *, #3237, .T. ) ;
#5040 = ADVANCED_FACE ( 'NONE', ( #4286 ), #367, .F. ) ;
#5041 = DIRECTION ( 'NONE',  ( 0.000000000000000000, 0.000000000000000000, 1.000000000000000000 ) ) ;
#5042 = EDGE_LOOP ( 'NONE', ( #2764, #2129 ) ) ;
#5043 = CARTESIAN_POINT ( 'NONE',  ( 0.000000000000000000, 65.00000000000000000, 0.000000000000000000 ) ) ;
#5044 = DIRECTION ( 'NONE',  ( 1.000000000000000000, 0.000000000000000000, 0.000000000000000000 ) ) ;
#5045 = CIRCLE ( 'NONE', #9360, 1.549999999999999378 ) ;
#5046 = DIRECTION ( 'NONE',  ( -3.652049423109067827E-16, -1.000000000000000000, 0.000000000000000000 ) ) ;
#5047 = EDGE_CURVE ( 'NONE', #1847, #3550, #4278, .T. ) ;
#5048 = DIRECTION ( 'NONE',  ( 0.000000000000000000, 0.000000000000000000, 1.000000000000000000 ) ) ;
#5049 = EDGE_CURVE ( 'NONE', #7020, #9359, #9874, .T. ) ;
#5050 = CARTESIAN_POINT ( 'NONE',  ( -40.45000000000000284, -38.20000000000003126, 2.000000000000000000 ) ) ;
#5051 = EDGE_CURVE ( 'NONE', #8008, #8079, #1707, .T. ) ;
#5052 = CYLINDRICAL_SURFACE ( 'NONE', #6683, 1.550000000000002709 ) ;
#5053 = VERTEX_POINT ( 'NONE', #7930 ) ;
#5054 = ORIENTED_EDGE ( 'NONE', *, *, #3357, .F. ) ;
#5055 = CARTESIAN_POINT ( 'NONE',  ( 0.000000000000000000, 0.000000000000000000, 0.000000000000000000 ) ) ;
#5056 = ORIENTED_EDGE ( 'NONE', *, *, #2546, .T. ) ;
#5057 = CARTESIAN_POINT ( 'NONE',  ( -27.45000000000000639, -24.50000000000000000, 0.000000000000000000 ) ) ;
#5058 = ORIENTED_EDGE ( 'NONE', *, *, #5959, .F. ) ;
#5059 = DIRECTION ( 'NONE',  ( -1.000000000000000000, 0.000000000000000000, 0.000000000000000000 ) ) ;
#5060 = ADVANCED_FACE ( 'NONE', ( #1070 ), #4141, .F. ) ;
#5061 = CIRCLE ( 'NONE', #573, 1.549999999999995826 ) ;
#5062 = DIRECTION ( 'NONE',  ( -0.000000000000000000, -0.000000000000000000, -1.000000000000000000 ) ) ;
#5063 = ORIENTED_EDGE ( 'NONE', *, *, #516, .T. ) ;
#5064 = DIRECTION ( 'NONE',  ( 1.000000000000000000, 0.000000000000000000, 0.000000000000000000 ) ) ;
#5065 = AXIS2_PLACEMENT_3D ( 'NONE', #4036, #216, #3288 ) ;
#5066 = ORIENTED_EDGE ( 'NONE', *, *, #2006, .F. ) ;
#5067 = DIRECTION ( 'NONE',  ( -0.000000000000000000, -0.000000000000000000, 1.000000000000000000 ) ) ;
#5068 = DIRECTION ( 'NONE',  ( 1.000000000000000000, 0.000000000000000000, 0.000000000000000000 ) ) ;
#5069 = AXIS2_PLACEMENT_3D ( 'NONE', #6079, #1511, #6869 ) ;
#5070 = DIRECTION ( 'NONE',  ( -0.000000000000000000, -0.000000000000000000, 1.000000000000000000 ) ) ;
#5071 = ORIENTED_EDGE ( 'NONE', *, *, #3647, .T. ) ;
#5072 = CARTESIAN_POINT ( 'NONE',  ( -28.00000000000001776, 77.00000000000002842, 0.000000000000000000 ) ) ;
#5073 = AXIS2_PLACEMENT_3D ( 'NONE', #4380, #7423, #558 ) ;
#5074 = CARTESIAN_POINT ( 'NONE',  ( -40.45000000000002416, 54.00000000000000711, 2.000000000000000000 ) ) ;
#5075 = CARTESIAN_POINT ( 'NONE',  ( -54.00000000000001421, 99.00000000000000000, 2.000000000000000000 ) ) ;
#5076 = CARTESIAN_POINT ( 'NONE',  ( -27.45000000000001705, 9.500000000000000000, 2.000000000000000000 ) ) ;
#5077 = LINE ( 'NONE', #8675, #6929 ) ;
#5078 = VERTEX_POINT ( 'NONE', #5935 ) ;
#5079 = ADVANCED_FACE ( 'NONE', ( #1462 ), #3726, .F. ) ;
#5080 = AXIS2_PLACEMENT_3D ( 'NONE', #1161, #9638, #9537 ) ;
#5081 = CARTESIAN_POINT ( 'NONE',  ( 26.45000000000005258, -77.00000000000002842, 2.000000000000000000 ) ) ;
#5082 = AXIS2_PLACEMENT_3D ( 'NONE', #8277, #1419, #9898 ) ;
#5083 = CIRCLE ( 'NONE', #2523, 1.549999999999995826 ) ;
#5084 = ORIENTED_EDGE ( 'NONE', *, *, #4861, .T. ) ;
#5085 = DIRECTION ( 'NONE',  ( -0.000000000000000000, -0.000000000000000000, -1.000000000000000000 ) ) ;
#5086 = AXIS2_PLACEMENT_3D ( 'NONE', #5918, #8965, #3569 ) ;
#5087 = DIRECTION ( 'NONE',  ( -0.000000000000000000, -0.000000000000000000, 1.000000000000000000 ) ) ;
#5088 = ORIENTED_EDGE ( 'NONE', *, *, #4007, .T. ) ;
#5089 = AXIS2_PLACEMENT_3D ( 'NONE', #5461, #7698, #835 ) ;
#5090 = CARTESIAN_POINT ( 'NONE',  ( -27.45000000000000995, -9.500000000000000000, 0.000000000000000000 ) ) ;
#5091 = AXIS2_PLACEMENT_3D ( 'NONE', #5711, #540, #4319 ) ;
#5092 = VERTEX_POINT ( 'NONE', #9794 ) ;
#5093 = CARTESIAN_POINT ( 'NONE',  ( 64.00000000000007105, -90.99999999999998579, 2.000000000000000000 ) ) ;
#5094 = DIRECTION ( 'NONE',  ( 0.000000000000000000, 0.000000000000000000, 1.000000000000000000 ) ) ;
#5095 = DIRECTION ( 'NONE',  ( -0.000000000000000000, -0.000000000000000000, 1.000000000000000000 ) ) ;
#5096 = DIRECTION ( 'NONE',  ( 0.000000000000000000, 0.000000000000000000, 1.000000000000000000 ) ) ;
#5097 = AXIS2_PLACEMENT_3D ( 'NONE', #1537, #9922, #3060 ) ;
#5098 = CIRCLE ( 'NONE', #9585, 1.549999999999995826 ) ;
#5099 = AXIS2_PLACEMENT_3D ( 'NONE', #1635, #9402, #8495 ) ;
#5100 = DIRECTION ( 'NONE',  ( -1.000000000000000000, 0.000000000000000000, 0.000000000000000000 ) ) ;
#5101 = EDGE_CURVE ( 'NONE', #5906, #3075, #2675, .T. ) ;
#5102 = CARTESIAN_POINT ( 'NONE',  ( -43.55000000000000426, -38.20000000000003126, 2.000000000000000000 ) ) ;
#5103 = ORIENTED_EDGE ( 'NONE', *, *, #3030, .T. ) ;
#5104 = EDGE_LOOP ( 'NONE', ( #178, #789, #8097, #7069 ) ) ;
#5105 = CARTESIAN_POINT ( 'NONE',  ( -6.450000000000000178, 18.00000000000000000, 0.000000000000000000 ) ) ;
#5106 = ORIENTED_EDGE ( 'NONE', *, *, #625, .T. ) ;
#5107 = CARTESIAN_POINT ( 'NONE',  ( 46.00000000000008527, 89.45000000000001705, 0.000000000000000000 ) ) ;
#5108 = EDGE_LOOP ( 'NONE', ( #7710, #9074 ) ) ;
#5109 = DIRECTION ( 'NONE',  ( -0.000000000000000000, -0.000000000000000000, -1.000000000000000000 ) ) ;
#5110 = LINE ( 'NONE', #1295, #9895 ) ;
#5111 = VERTEX_POINT ( 'NONE', #6676 ) ;
#5112 = DIRECTION ( 'NONE',  ( -0.000000000000000000, -0.000000000000000000, 1.000000000000000000 ) ) ;
#5113 = ORIENTED_EDGE ( 'NONE', *, *, #2358, .F. ) ;
#5114 = DIRECTION ( 'NONE',  ( 1.000000000000000000, 0.000000000000000000, 0.000000000000000000 ) ) ;
#5115 = EDGE_CURVE ( 'NONE', #3075, #4911, #2166, .T. ) ;
#5116 = CARTESIAN_POINT ( 'NONE',  ( 30.55000000000000426, -9.500000000000000000, 0.000000000000000000 ) ) ;
#5117 = VERTEX_POINT ( 'NONE', #1417 ) ;
#5118 = EDGE_CURVE ( 'NONE', #5739, #3418, #6729, .T. ) ;
#5119 = CARTESIAN_POINT ( 'NONE',  ( -9.000000000000005329, 24.49999999999999289, 2.000000000000000000 ) ) ;
#5120 = LINE ( 'NONE', #9106, #5832 ) ;
#5121 = ORIENTED_EDGE ( 'NONE', *, *, #4604, .T. ) ;
#5122 = DIRECTION ( 'NONE',  ( 1.000000000000000000, 0.000000000000000000, 0.000000000000000000 ) ) ;
#5123 = EDGE_CURVE ( 'NONE', #6458, #9221, #8106, .T. ) ;
#5124 = EDGE_CURVE ( 'NONE', #9313, #5474, #7470, .T. ) ;
#5125 = AXIS2_PLACEMENT_3D ( 'NONE', #9599, #7417, #1972 ) ;
#5126 = CARTESIAN_POINT ( 'NONE',  ( 53.55000000000003979, -77.00000000000002842, 0.000000000000000000 ) ) ;
#5127 = CARTESIAN_POINT ( 'NONE',  ( -42.00000000000002842, 54.00000000000000711, 2.000000000000000000 ) ) ;
#5128 = PLANE ( 'NONE',  #9440 ) ;
#5129 = DIRECTION ( 'NONE',  ( -0.000000000000000000, -0.000000000000000000, -1.000000000000000000 ) ) ;
#5130 = ORIENTED_EDGE ( 'NONE', *, *, #2612, .T. ) ;
#5131 = AXIS2_PLACEMENT_3D ( 'NONE', #3849, #9109, #4511 ) ;
#5132 = EDGE_CURVE ( 'NONE', #23, #4260, #1870, .T. ) ;
#5133 = DIRECTION ( 'NONE',  ( 1.000000000000000000, 0.000000000000000000, 0.000000000000000000 ) ) ;
#5134 = ORIENTED_EDGE ( 'NONE', *, *, #5049, .T. ) ;
#5135 = CARTESIAN_POINT ( 'NONE',  ( -16.95000000000003482, -46.00000000000000711, 0.000000000000000000 ) ) ;
#5136 = PRODUCT_DEFINITION ( 'Î´Öª', '', #5911, #4949 ) ;
#5137 = CARTESIAN_POINT ( 'NONE',  ( 43.55000000000008242, 38.20000000000000284, 2.000000000000000000 ) ) ;
#5138 = AXIS2_PLACEMENT_3D ( 'NONE', #6782, #5943, #3641 ) ;
#5139 = ORIENTED_EDGE ( 'NONE', *, *, #9639, .T. ) ;
#5140 = DIRECTION ( 'NONE',  ( -0.000000000000000000, -0.000000000000000000, -1.000000000000000000 ) ) ;
#5141 = EDGE_LOOP ( 'NONE', ( #9825, #1406, #5424, #3343, #6323 ) ) ;
#5142 = CARTESIAN_POINT ( 'NONE',  ( -46.00000000000001421, -89.45000000000003126, 0.000000000000000000 ) ) ;
#5143 = CARTESIAN_POINT ( 'NONE',  ( -14.99999999999999645, 52.99999999999999289, 0.000000000000000000 ) ) ;
#5144 = DIRECTION ( 'NONE',  ( 1.000000000000000000, 0.000000000000000000, 0.000000000000000000 ) ) ;
#5145 = CARTESIAN_POINT ( 'NONE',  ( -20.05000000000003624, -83.00000000000000000, 0.000000000000000000 ) ) ;
#5146 =( LENGTH_UNIT ( ) NAMED_UNIT ( * ) SI_UNIT ( .MILLI., .METRE. ) );
#5147 = CARTESIAN_POINT ( 'NONE',  ( -5.999999999999940492, -91.00000000000000000, 0.000000000000000000 ) ) ;
#5148 = VERTEX_POINT ( 'NONE', #2123 ) ;
#5149 = ORIENTED_EDGE ( 'NONE', *, *, #2968, .F. ) ;
#5150 = DIRECTION ( 'NONE',  ( 1.000000000000000000, 0.000000000000000000, 0.000000000000000000 ) ) ;
#5151 = ORIENTED_EDGE ( 'NONE', *, *, #3237, .F. ) ;
#5152 = DIRECTION ( 'NONE',  ( -1.000000000000000000, 0.000000000000000000, 0.000000000000000000 ) ) ;
#5153 = ORIENTED_EDGE ( 'NONE', *, *, #1058, .F. ) ;
#5154 = DIRECTION ( 'NONE',  ( 0.000000000000000000, 0.000000000000000000, 1.000000000000000000 ) ) ;
#5155 = DIRECTION ( 'NONE',  ( -0.000000000000000000, -0.000000000000000000, -1.000000000000000000 ) ) ;
#5156 = ORIENTED_EDGE ( 'NONE', *, *, #7118, .F. ) ;
#5157 = LINE ( 'NONE', #8203, #8131 ) ;
#5158 = ORIENTED_EDGE ( 'NONE', *, *, #9321, .F. ) ;
#5159 = CARTESIAN_POINT ( 'NONE',  ( 46.00000000000008527, -89.45000000000001705, 0.000000000000000000 ) ) ;
#5160 = DIRECTION ( 'NONE',  ( -0.000000000000000000, -0.000000000000000000, 1.000000000000000000 ) ) ;
#5161 = EDGE_CURVE ( 'NONE', #1131, #3710, #6820, .T. ) ;
#5162 = ORIENTED_EDGE ( 'NONE', *, *, #8343, .F. ) ;
#5163 = DIRECTION ( 'NONE',  ( 0.000000000000000000, 0.000000000000000000, 1.000000000000000000 ) ) ;
#5164 = ADVANCED_FACE ( 'NONE', ( #1359 ), #2930, .F. ) ;
#5165 = VERTEX_POINT ( 'NONE', #6026 ) ;
#5166 = DIRECTION ( 'NONE',  ( 1.000000000000000000, 0.000000000000000000, 0.000000000000000000 ) ) ;
#5167 = EDGE_CURVE ( 'NONE', #419, #198, #5553, .T. ) ;
#5168 = CARTESIAN_POINT ( 'NONE',  ( 13.50000000000001599, -33.50000000000000000, 0.000000000000000000 ) ) ;
#5169 = DIRECTION ( 'NONE',  ( -0.000000000000000000, -0.000000000000000000, -1.000000000000000000 ) ) ;
#5170 = ADVANCED_FACE ( 'NONE', ( #5320 ), #8365, .F. ) ;
#5171 = DIRECTION ( 'NONE',  ( 0.000000000000000000, -0.000000000000000000, 1.000000000000000000 ) ) ;
#5172 = AXIS2_PLACEMENT_3D ( 'NONE', #365, #465, #1825 ) ;
#5173 = DIRECTION ( 'NONE',  ( 0.000000000000000000, 0.000000000000000000, 1.000000000000000000 ) ) ;
#5174 = EDGE_LOOP ( 'NONE', ( #3518, #8681, #4072, #3073, #1341 ) ) ;
#5175 = DIRECTION ( 'NONE',  ( -0.000000000000000000, -0.000000000000000000, -1.000000000000000000 ) ) ;
#5176 = AXIS2_PLACEMENT_3D ( 'NONE', #9691, #3387, #2824 ) ;
#5177 = VECTOR ( 'NONE', #456, 1000.000000000000000 ) ;
#5178 = VERTEX_POINT ( 'NONE', #662 ) ;
#5179 = FACE_OUTER_BOUND ( 'NONE', #708, .T. ) ;
#5180 = AXIS2_PLACEMENT_3D ( 'NONE', #143, #5565, #1806 ) ;
#5181 = DIRECTION ( 'NONE',  ( 1.000000000000000000, 0.000000000000000000, 0.000000000000000000 ) ) ;
#5182 = ORIENTED_EDGE ( 'NONE', *, *, #949, .T. ) ;
#5183 = DIRECTION ( 'NONE',  ( 1.000000000000000000, 0.000000000000000000, 0.000000000000000000 ) ) ;
#5184 = ORIENTED_EDGE ( 'NONE', *, *, #3443, .F. ) ;
#5185 = DIRECTION ( 'NONE',  ( -1.000000000000000000, 0.000000000000000000, 0.000000000000000000 ) ) ;
#5186 = VECTOR ( 'NONE', #9591, 1000.000000000000000 ) ;
#5187 = CYLINDRICAL_SURFACE ( 'NONE', #1998, 1.549999999999999378 ) ;
#5188 = LINE ( 'NONE', #8234, #1863 ) ;
#5189 = AXIS2_PLACEMENT_3D ( 'NONE', #7640, #8444, #4654 ) ;
#5190 = CARTESIAN_POINT ( 'NONE',  ( 26.45000000000005613, 46.99999999999999289, 0.000000000000000000 ) ) ;
#5191 = CYLINDRICAL_SURFACE ( 'NONE', #2686, 1.550000000000002709 ) ;
#5192 = DIRECTION ( 'NONE',  ( -0.000000000000000000, -0.000000000000000000, 1.000000000000000000 ) ) ;
#5193 = ORIENTED_EDGE ( 'NONE', *, *, #1942, .T. ) ;
#5194 = AXIS2_PLACEMENT_3D ( 'NONE', #1228, #4302, #7243 ) ;
#5195 = ORIENTED_EDGE ( 'NONE', *, *, #6707, .F. ) ;
#5196 = DIRECTION ( 'NONE',  ( 0.000000000000000000, 0.000000000000000000, 1.000000000000000000 ) ) ;
#5197 = EDGE_LOOP ( 'NONE', ( #870, #7652 ) ) ;
#5198 = DIRECTION ( 'NONE',  ( 1.000000000000000000, 0.000000000000000000, 0.000000000000000000 ) ) ;
#5199 = ORIENTED_EDGE ( 'NONE', *, *, #8222, .F. ) ;
#5200 = CYLINDRICAL_SURFACE ( 'NONE', #1503, 1.550000000000002709 ) ;
#5201 = EDGE_CURVE ( 'NONE', #5078, #7730, #5384, .T. ) ;
#5202 = DIRECTION ( 'NONE',  ( 0.000000000000000000, 0.000000000000000000, 1.000000000000000000 ) ) ;
#5203 = ORIENTED_EDGE ( 'NONE', *, *, #1485, .F. ) ;
#5204 = ADVANCED_FACE ( 'NONE', ( #3031 ), #756, .F. ) ;
#5205 = CARTESIAN_POINT ( 'NONE',  ( 3.125000000000001776, 65.00000000000000000, 0.000000000000000000 ) ) ;
#5206 = ORIENTED_EDGE ( 'NONE', *, *, #1738, .T. ) ;
#5207 = CARTESIAN_POINT ( 'NONE',  ( -41.99999999999999289, -46.00000000000003553, 2.000000000000000000 ) ) ;
#5208 = LINE ( 'NONE', #1449, #3265 ) ;
#5209 = EDGE_LOOP ( 'NONE', ( #1251, #5134, #270, #966 ) ) ;
#5210 = CARTESIAN_POINT ( 'NONE',  ( -27.45000000000001705, 9.500000000000000000, 2.000000000000000000 ) ) ;
#5211 = EDGE_LOOP ( 'NONE', ( #2780, #9030, #7282, #7018 ) ) ;
#5212 = CARTESIAN_POINT ( 'NONE',  ( -29.00000000000000355, -9.500000000000000000, 0.000000000000000000 ) ) ;
#5213 = AXIS2_PLACEMENT_3D ( 'NONE', #7293, #4898, #7949 ) ;
#5214 = VECTOR ( 'NONE', #9137, 1000.000000000000000 ) ;
#5215 = CARTESIAN_POINT ( 'NONE',  ( -40.45000000000000995, 46.00000000000000711, 2.000000000000000000 ) ) ;
#5216 = FACE_OUTER_BOUND ( 'NONE', #1459, .T. ) ;
#5217 = AXIS2_PLACEMENT_3D ( 'NONE', #9641, #5928, #2881 ) ;
#5218 = ORIENTED_EDGE ( 'NONE', *, *, #448, .T. ) ;
#5219 = EDGE_CURVE ( 'NONE', #8016, #8613, #6344, .T. ) ;
#5220 = EDGE_LOOP ( 'NONE', ( #3514, #8637, #3573, #5538 ) ) ;
#5221 = DIRECTION ( 'NONE',  ( 1.000000000000000000, 0.000000000000000000, 0.000000000000000000 ) ) ;
#5222 = ADVANCED_FACE ( 'NONE', ( #8180 ), #1315, .F. ) ;
#5223 = ORIENTED_EDGE ( 'NONE', *, *, #710, .T. ) ;
#5224 = CARTESIAN_POINT ( 'NONE',  ( -16.95000000000003482, -46.00000000000000711, 0.000000000000000000 ) ) ;
#5225 = AXIS2_PLACEMENT_3D ( 'NONE', #9078, #707, #3773 ) ;
#5226 = EDGE_CURVE ( 'NONE', #7711, #1369, #6917, .T. ) ;
#5227 = EDGE_LOOP ( 'NONE', ( #1997, #2855, #5654, #6916 ) ) ;
#5228 = CYLINDRICAL_SURFACE ( 'NONE', #5082, 1.550000000000002709 ) ;
#5229 = CARTESIAN_POINT ( 'NONE',  ( -56.00000000000001421, -54.00000000000003553, 0.000000000000000000 ) ) ;
#5230 = ORIENTED_EDGE ( 'NONE', *, *, #5380, .F. ) ;
#5231 = CIRCLE ( 'NONE', #2039, 1.550000000000002709 ) ;
#5232 = AXIS2_PLACEMENT_3D ( 'NONE', #3886, #6932, #8035 ) ;
#5233 = FACE_OUTER_BOUND ( 'NONE', #1125, .T. ) ;
#5234 = ADVANCED_FACE ( 'NONE', ( #958 ), #9378, .F. ) ;
#5235 = ORIENTED_EDGE ( 'NONE', *, *, #9321, .T. ) ;
#5236 = DIRECTION ( 'NONE',  ( 1.000000000000000000, 0.000000000000000000, 0.000000000000000000 ) ) ;
#5237 = EDGE_CURVE ( 'NONE', #7066, #4213, #1008, .T. ) ;
#5238 = DIRECTION ( 'NONE',  ( -0.000000000000000000, -0.000000000000000000, 1.000000000000000000 ) ) ;
#5239 = VECTOR ( 'NONE', #4947, 1000.000000000000000 ) ;
#5240 = CIRCLE ( 'NONE', #279, 1.550000000000002709 ) ;
#5241 = CIRCLE ( 'NONE', #8267, 1.550000000000000488 ) ;
#5242 = CIRCLE ( 'NONE', #9730, 1.550000000000002709 ) ;
#5243 = LINE ( 'NONE', #3738, #4265 ) ;
#5244 = AXIS2_PLACEMENT_3D ( 'NONE', #2717, #3614, #543 ) ;
#5245 = DIRECTION ( 'NONE',  ( 1.000000000000000000, 0.000000000000000000, 0.000000000000000000 ) ) ;
#5246 = AXIS2_PLACEMENT_3D ( 'NONE', #2379, #1765, #7866 ) ;
#5247 = AXIS2_PLACEMENT_3D ( 'NONE', #2714, #2807, #5861 ) ;
#5248 = DIRECTION ( 'NONE',  ( -0.000000000000000000, -0.000000000000000000, -1.000000000000000000 ) ) ;
#5249 = VERTEX_POINT ( 'NONE', #155 ) ;
#5250 = ORIENTED_EDGE ( 'NONE', *, *, #9657, .F. ) ;
#5251 = DIRECTION ( 'NONE',  ( -0.000000000000000000, -0.000000000000000000, 1.000000000000000000 ) ) ;
#5252 = VERTEX_POINT ( 'NONE', #7119 ) ;
#5253 = DIRECTION ( 'NONE',  ( 1.000000000000000000, 0.000000000000000000, 0.000000000000000000 ) ) ;
#5254 = VERTEX_POINT ( 'NONE', #4632 ) ;
#5255 = CARTESIAN_POINT ( 'NONE',  ( 6.000000000000015099, -91.00000000000000000, 0.000000000000000000 ) ) ;
#5256 = VECTOR ( 'NONE', #8000, 1000.000000000000000 ) ;
#5257 = EDGE_CURVE ( 'NONE', #7831, #1149, #1665, .T. ) ;
#5258 = AXIS2_PLACEMENT_3D ( 'NONE', #475, #7341, #9557 ) ;
#5259 = CIRCLE ( 'NONE', #7169, 1.550000000000000933 ) ;
#5260 = LINE ( 'NONE', #682, #2898 ) ;
#5261 = ORIENTED_EDGE ( 'NONE', *, *, #2711, .F. ) ;
#5262 = DIRECTION ( 'NONE',  ( 1.000000000000000000, 0.000000000000000000, 0.000000000000000000 ) ) ;
#5263 = VERTEX_POINT ( 'NONE', #4778 ) ;
#5264 = FACE_BOUND ( 'NONE', #2920, .T. ) ;
#5265 = DIRECTION ( 'NONE',  ( 1.000000000000000000, 0.000000000000000000, 0.000000000000000000 ) ) ;
#5266 = ORIENTED_EDGE ( 'NONE', *, *, #6709, .T. ) ;
#5267 = DIRECTION ( 'NONE',  ( 1.000000000000000000, 0.000000000000000000, 0.000000000000000000 ) ) ;
#5268 = ORIENTED_EDGE ( 'NONE', *, *, #3460, .F. ) ;
#5269 = CYLINDRICAL_SURFACE ( 'NONE', #8586, 4.999999999999984013 ) ;
#5270 = LINE ( 'NONE', #3023, #8271 ) ;
#5271 = CARTESIAN_POINT ( 'NONE',  ( -29.00000000000000711, 9.500000000000000000, 2.000000000000000000 ) ) ;
#5272 = DIRECTION ( 'NONE',  ( -1.000000000000000000, 0.000000000000000000, 0.000000000000000000 ) ) ;
#5273 = ORIENTED_EDGE ( 'NONE', *, *, #8390, .F. ) ;
#5274 = LINE ( 'NONE', #6077, #6616 ) ;
#5275 = ORIENTED_EDGE ( 'NONE', *, *, #8708, .F. ) ;
#5276 = DIRECTION ( 'NONE',  ( -0.7071067811865485719, -0.7071067811865465735, -0.000000000000000000 ) ) ;
#5277 = ORIENTED_EDGE ( 'NONE', *, *, #5864, .F. ) ;
#5278 = CARTESIAN_POINT ( 'NONE',  ( -52.00000000000002132, 47.00000000000000000, 2.000000000000000000 ) ) ;
#5279 = AXIS2_PLACEMENT_3D ( 'NONE', #778, #4405, #5954 ) ;
#5280 = AXIS2_PLACEMENT_3D ( 'NONE', #6069, #3111, #3906 ) ;
#5281 = DIRECTION ( 'NONE',  ( -1.000000000000000000, 0.000000000000000000, 0.000000000000000000 ) ) ;
#5282 = VERTEX_POINT ( 'NONE', #8472 ) ;
#5283 = DIRECTION ( 'NONE',  ( 0.000000000000000000, 0.000000000000000000, 1.000000000000000000 ) ) ;
#5284 = ORIENTED_EDGE ( 'NONE', *, *, #7717, .T. ) ;
#5285 = LINE ( 'NONE', #6091, #5214 ) ;
#5286 = EDGE_CURVE ( 'NONE', #6663, #8841, #8899, .T. ) ;
#5287 = CARTESIAN_POINT ( 'NONE',  ( -8.449999999999985079, 9.999999999999994671, 0.000000000000000000 ) ) ;
#5288 = AXIS2_PLACEMENT_3D ( 'NONE', #5856, #7255, #9624 ) ;
#5289 = EDGE_CURVE ( 'NONE', #3759, #1336, #2513, .T. ) ;
#5290 = CYLINDRICAL_SURFACE ( 'NONE', #3305, 1.549999999999995826 ) ;
#5291 = VECTOR ( 'NONE', #1086, 1000.000000000000000 ) ;
#5292 = DIRECTION ( 'NONE',  ( -0.000000000000000000, -0.000000000000000000, 1.000000000000000000 ) ) ;
#5293 = LINE ( 'NONE', #2901, #5721 ) ;
#5294 = ORIENTED_EDGE ( 'NONE', *, *, #9096, .F. ) ;
#5295 = ADVANCED_FACE ( 'NONE', ( #804 ), #4029, .F. ) ;
#5296 = ORIENTED_EDGE ( 'NONE', *, *, #4113, .T. ) ;
#5297 = DIRECTION ( 'NONE',  ( 0.000000000000000000, 0.000000000000000000, 1.000000000000000000 ) ) ;
#5298 = EDGE_LOOP ( 'NONE', ( #3727, #7584 ) ) ;
#5299 = DIRECTION ( 'NONE',  ( 0.000000000000000000, 0.000000000000000000, 1.000000000000000000 ) ) ;
#5300 = DIRECTION ( 'NONE',  ( 0.000000000000000000, 0.000000000000000000, 1.000000000000000000 ) ) ;
#5301 = CARTESIAN_POINT ( 'NONE',  ( 40.45000000000005258, 54.00000000000000711, 2.000000000000000000 ) ) ;
#5302 = DIRECTION ( 'NONE',  ( -0.000000000000000000, 1.000000000000000000, -0.000000000000000000 ) ) ;
#5303 = ORIENTED_EDGE ( 'NONE', *, *, #6135, .T. ) ;
#5304 = CARTESIAN_POINT ( 'NONE',  ( 27.45000000000003482, -85.49999999999998579, 0.000000000000000000 ) ) ;
#5305 = ADVANCED_FACE ( 'NONE', ( #9328 ), #9227, .T. ) ;
#5306 = ORIENTED_EDGE ( 'NONE', *, *, #9678, .F. ) ;
#5307 = FACE_BOUND ( 'NONE', #2487, .T. ) ;
#5308 = LINE ( 'NONE', #4562, #6094 ) ;
#5309 = ORIENTED_EDGE ( 'NONE', *, *, #995, .F. ) ;
#5310 = CARTESIAN_POINT ( 'NONE',  ( -18.50000000000000000, 43.00000000000000000, 0.000000000000000000 ) ) ;
#5311 = ORIENTED_EDGE ( 'NONE', *, *, #3805, .F. ) ;
#5312 = CARTESIAN_POINT ( 'NONE',  ( -40.45000000000001705, -54.00000000000003553, 0.000000000000000000 ) ) ;
#5313 = EDGE_CURVE ( 'NONE', #2867, #5923, #3788, .T. ) ;
#5314 = CARTESIAN_POINT ( 'NONE',  ( -43.55000000000001847, -70.00000000000002842, 2.000000000000000000 ) ) ;
#5315 = CARTESIAN_POINT ( 'NONE',  ( -1.550000000000002265, 41.99999999999999289, 2.000000000000000000 ) ) ;
#5316 = DIRECTION ( 'NONE',  ( 0.000000000000000000, 0.000000000000000000, 1.000000000000000000 ) ) ;
#5317 = ORIENTED_EDGE ( 'NONE', *, *, #7067, .F. ) ;
#5318 = CARTESIAN_POINT ( 'NONE',  ( -8.000000000000000000, 18.00000000000000000, 0.000000000000000000 ) ) ;
#5319 = VERTEX_POINT ( 'NONE', #7070 ) ;
#5320 = FACE_OUTER_BOUND ( 'NONE', #9822, .T. ) ;
#5321 = ORIENTED_EDGE ( 'NONE', *, *, #5489, .F. ) ;
#5322 = FACE_OUTER_BOUND ( 'NONE', #8610, .T. ) ;
#5323 = AXIS2_PLACEMENT_3D ( 'NONE', #8483, #1777, #7772 ) ;
#5324 = EDGE_CURVE ( 'NONE', #8209, #4775, #6029, .T. ) ;
#5325 = EDGE_CURVE ( 'NONE', #675, #6584, #9709, .T. ) ;
#5326 = CARTESIAN_POINT ( 'NONE',  ( -28.00000000000001776, -46.99999999999998579, 0.000000000000000000 ) ) ;
#5327 = ORIENTED_EDGE ( 'NONE', *, *, #6269, .F. ) ;
#5328 = CARTESIAN_POINT ( 'NONE',  ( 0.000000000000000000, 0.000000000000000000, 2.000000000000000000 ) ) ;
#5329 = ORIENTED_EDGE ( 'NONE', *, *, #4633, .T. ) ;
#5330 = DIRECTION ( 'NONE',  ( 1.000000000000000000, 0.000000000000000000, 0.000000000000000000 ) ) ;
#5331 = CARTESIAN_POINT ( 'NONE',  ( 57.55000000000004690, 91.00000000000001421, 2.000000000000000000 ) ) ;
#5332 = VECTOR ( 'NONE', #3868, 1000.000000000000000 ) ;
#5333 = AXIS2_PLACEMENT_3D ( 'NONE', #3425, #6471, #5720 ) ;
#5334 = VECTOR ( 'NONE', #5109, 1000.000000000000000 ) ;
#5335 = DIRECTION ( 'NONE',  ( -0.000000000000000000, -0.000000000000000000, 1.000000000000000000 ) ) ;
#5336 = EDGE_CURVE ( 'NONE', #3138, #2759, #7872, .T. ) ;
#5337 = DIRECTION ( 'NONE',  ( -0.000000000000000000, -0.000000000000000000, -1.000000000000000000 ) ) ;
#5338 = CIRCLE ( 'NONE', #6621, 1.549999999999995826 ) ;
#5339 = CARTESIAN_POINT ( 'NONE',  ( -18.50000000000003908, -83.00000000000000000, 0.000000000000000000 ) ) ;
#5340 = EDGE_LOOP ( 'NONE', ( #6276, #6316, #531, #720 ) ) ;
#5341 = ORIENTED_EDGE ( 'NONE', *, *, #3568, .F. ) ;
#5342 = DIRECTION ( 'NONE',  ( 0.000000000000000000, 0.000000000000000000, 1.000000000000000000 ) ) ;
#5343 = ORIENTED_EDGE ( 'NONE', *, *, #572, .T. ) ;
#5344 = CARTESIAN_POINT ( 'NONE',  ( -40.45000000000000284, -38.20000000000003126, 0.000000000000000000 ) ) ;
#5345 = EDGE_CURVE ( 'NONE', #6274, #9782, #8568, .T. ) ;
#5346 = DIRECTION ( 'NONE',  ( 0.000000000000000000, 0.000000000000000000, 1.000000000000000000 ) ) ;
#5347 = AXIS2_PLACEMENT_3D ( 'NONE', #3300, #3356, #1088 ) ;
#5348 = DIRECTION ( 'NONE',  ( -0.7071067811865486830, -0.7071067811865464625, 0.000000000000000000 ) ) ;
#5349 = EDGE_CURVE ( 'NONE', #644, #6416, #7666, .T. ) ;
#5350 = VECTOR ( 'NONE', #4001, 1000.000000000000000 ) ;
#5351 = EDGE_CURVE ( 'NONE', #9296, #104, #739, .T. ) ;
#5352 = CARTESIAN_POINT ( 'NONE',  ( -11.00000000000000000, -76.00000000000002842, 2.000000000000000000 ) ) ;
#5353 = ORIENTED_EDGE ( 'NONE', *, *, #3044, .F. ) ;
#5354 = AXIS2_PLACEMENT_3D ( 'NONE', #61, #5488, #4836 ) ;
#5355 = CARTESIAN_POINT ( 'NONE',  ( 58.00000000000000000, -11.99999999999999645, 0.000000000000000000 ) ) ;
#5356 = EDGE_LOOP ( 'NONE', ( #5855, #9476 ) ) ;
#5357 = FACE_OUTER_BOUND ( 'NONE', #1134, .T. ) ;
#5358 = DIRECTION ( 'NONE',  ( -0.000000000000000000, -0.000000000000000000, -1.000000000000000000 ) ) ;
#5359 = ORIENTED_EDGE ( 'NONE', *, *, #4144, .T. ) ;
#5360 = EDGE_CURVE ( 'NONE', #4720, #8505, #730, .T. ) ;
#5361 = DIRECTION ( 'NONE',  ( 1.000000000000000000, 0.000000000000000000, 0.000000000000000000 ) ) ;
#5362 = ORIENTED_EDGE ( 'NONE', *, *, #1175, .F. ) ;
#5363 = EDGE_CURVE ( 'NONE', #4217, #3307, #3316, .T. ) ;
#5364 = CARTESIAN_POINT ( 'NONE',  ( 11.00000000000000000, -51.00000000000000711, 2.000000000000000000 ) ) ;
#5365 = LINE ( 'NONE', #5314, #6203 ) ;
#5366 = DIRECTION ( 'NONE',  ( 1.000000000000000000, 0.000000000000000000, 0.000000000000000000 ) ) ;
#5367 = EDGE_LOOP ( 'NONE', ( #6660, #5857 ) ) ;
#5368 = VERTEX_POINT ( 'NONE', #3184 ) ;
#5369 = VERTEX_POINT ( 'NONE', #6528 ) ;
#5370 = ORIENTED_EDGE ( 'NONE', *, *, #9819, .T. ) ;
#5371 = CARTESIAN_POINT ( 'NONE',  ( 42.00000000000007816, -38.20000000000000284, 0.000000000000000000 ) ) ;
#5372 = ORIENTED_EDGE ( 'NONE', *, *, #9657, .T. ) ;
#5373 = DIRECTION ( 'NONE',  ( -1.000000000000000000, -3.469446951953611724E-16, -0.000000000000000000 ) ) ;
#5374 = AXIS2_PLACEMENT_3D ( 'NONE', #2771, #9790, #4376 ) ;
#5375 = ORIENTED_EDGE ( 'NONE', *, *, #4007, .F. ) ;
#5376 = CIRCLE ( 'NONE', #4578, 6.000000000000013323 ) ;
#5377 = FACE_BOUND ( 'NONE', #4117, .T. ) ;
#5378 = FACE_OUTER_BOUND ( 'NONE', #2516, .T. ) ;
#5379 = ORIENTED_EDGE ( 'NONE', *, *, #8034, .T. ) ;
#5380 = EDGE_CURVE ( 'NONE', #9161, #897, #255, .T. ) ;
#5381 = DIRECTION ( 'NONE',  ( 0.000000000000000000, 0.000000000000000000, 1.000000000000000000 ) ) ;
#5382 = ORIENTED_EDGE ( 'NONE', *, *, #8168, .T. ) ;
#5383 = CARTESIAN_POINT ( 'NONE',  ( -18.50000000000003908, -83.00000000000000000, 0.000000000000000000 ) ) ;
#5384 = CIRCLE ( 'NONE', #5225, 1.550000000000002709 ) ;
#5385 = CARTESIAN_POINT ( 'NONE',  ( -5.999999999999940492, -91.00000000000000000, 2.000000000000000000 ) ) ;
#5386 = CARTESIAN_POINT ( 'NONE',  ( -11.00000000000000000, -74.45000000000003126, 2.000000000000000000 ) ) ;
#5387 = AXIS2_PLACEMENT_3D ( 'NONE', #8826, #1969, #1262 ) ;
#5388 = LINE ( 'NONE', #9807, #4131 ) ;
#5389 = CIRCLE ( 'NONE', #1880, 1.550000000000002709 ) ;
#5390 = DIRECTION ( 'NONE',  ( 0.000000000000000000, -1.000000000000000000, 0.000000000000000000 ) ) ;
#5391 = VERTEX_POINT ( 'NONE', #8073 ) ;
#5392 = AXIS2_PLACEMENT_3D ( 'NONE', #5229, #9847, #4487 ) ;
#5393 = ORIENTED_EDGE ( 'NONE', *, *, #2116, .T. ) ;
#5394 = DIRECTION ( 'NONE',  ( -0.000000000000000000, -0.000000000000000000, 1.000000000000000000 ) ) ;
#5395 = EDGE_LOOP ( 'NONE', ( #2004, #2579, #6012, #8086 ) ) ;
#5396 = DIRECTION ( 'NONE',  ( 0.000000000000000000, 1.000000000000000000, -0.000000000000000000 ) ) ;
#5397 = DIRECTION ( 'NONE',  ( -0.000000000000000000, -0.000000000000000000, -1.000000000000000000 ) ) ;
#5398 = LINE ( 'NONE', #9003, #697 ) ;
#5399 = AXIS2_PLACEMENT_3D ( 'NONE', #656, #2017, #9744 ) ;
#5400 = AXIS2_PLACEMENT_3D ( 'NONE', #5621, #4174, #5518 ) ;
#5401 = AXIS2_PLACEMENT_3D ( 'NONE', #439, #1954, #5150 ) ;
#5402 = CIRCLE ( 'NONE', #1884, 1.550000000000009592 ) ;
#5403 = DIRECTION ( 'NONE',  ( -0.000000000000000000, -0.000000000000000000, 1.000000000000000000 ) ) ;
#5404 = EDGE_CURVE ( 'NONE', #7428, #1143, #1867, .T. ) ;
#5405 = VERTEX_POINT ( 'NONE', #3480 ) ;
#5406 = FACE_OUTER_BOUND ( 'NONE', #9848, .T. ) ;
#5407 = ORIENTED_EDGE ( 'NONE', *, *, #2851, .F. ) ;
#5408 = DIRECTION ( 'NONE',  ( 1.000000000000000000, 0.000000000000000000, 0.000000000000000000 ) ) ;
#5409 = DIRECTION ( 'NONE',  ( 0.000000000000000000, 0.000000000000000000, 1.000000000000000000 ) ) ;
#5410 = CIRCLE ( 'NONE', #9085, 1.549999999999995826 ) ;
#5411 = ORIENTED_EDGE ( 'NONE', *, *, #1700, .F. ) ;
#5412 = AXIS2_PLACEMENT_3D ( 'NONE', #3998, #3296, #5547 ) ;
#5413 = CARTESIAN_POINT ( 'NONE',  ( -52.00000000000002132, -77.00000000000001421, 0.000000000000000000 ) ) ;
#5414 = EDGE_LOOP ( 'NONE', ( #7477, #3703, #5789, #6952 ) ) ;
#5415 = CARTESIAN_POINT ( 'NONE',  ( -20.05000000000003979, -46.00000000000000711, 2.000000000000000000 ) ) ;
#5416 = AXIS2_PLACEMENT_3D ( 'NONE', #8806, #3512, #6553 ) ;
#5417 = AXIS2_PLACEMENT_3D ( 'NONE', #3361, #1749, #5605 ) ;
#5418 = CIRCLE ( 'NONE', #7973, 1.549999999999999378 ) ;
#5419 = LINE ( 'NONE', #8405, #3646 ) ;
#5420 = EDGE_CURVE ( 'NONE', #7550, #8337, #1923, .T. ) ;
#5421 = ADVANCED_FACE ( 'NONE', ( #1114 ), #7320, .F. ) ;
#5422 = CARTESIAN_POINT ( 'NONE',  ( 28.00000000000006040, 46.99999999999999289, 2.000000000000000000 ) ) ;
#5423 = ADVANCED_FACE ( 'NONE', ( #2621 ), #8778, .F. ) ;
#5424 = ORIENTED_EDGE ( 'NONE', *, *, #8226, .F. ) ;
#5425 = FACE_OUTER_BOUND ( 'NONE', #5701, .T. ) ;
#5426 = VERTEX_POINT ( 'NONE', #4979 ) ;
#5427 = EDGE_LOOP ( 'NONE', ( #1225, #7724 ) ) ;
#5428 = EDGE_CURVE ( 'NONE', #2442, #5744, #4285, .T. ) ;
#5429 = CARTESIAN_POINT ( 'NONE',  ( -8.903984489160830407, 11.09601551083915538, 0.000000000000000000 ) ) ;
#5430 = EDGE_LOOP ( 'NONE', ( #8160, #8639, #3987, #3353 ) ) ;
#5431 = DIRECTION ( 'NONE',  ( 1.000000000000000000, 0.000000000000000000, 0.000000000000000000 ) ) ;
#5432 = VECTOR ( 'NONE', #8166, 1000.000000000000000 ) ;
#5433 = VERTEX_POINT ( 'NONE', #5777 ) ;
#5434 = FACE_BOUND ( 'NONE', #4227, .T. ) ;
#5435 = DIRECTION ( 'NONE',  ( 0.000000000000000000, 0.000000000000000000, 1.000000000000000000 ) ) ;
#5436 = ORIENTED_EDGE ( 'NONE', *, *, #6461, .F. ) ;
#5437 = EDGE_CURVE ( 'NONE', #9061, #3215, #7309, .T. ) ;
#5438 = CARTESIAN_POINT ( 'NONE',  ( 0.000000000000000000, 57.49999999999999289, 0.000000000000000000 ) ) ;
#5439 = VERTEX_POINT ( 'NONE', #7224 ) ;
#5440 = LINE ( 'NONE', #4641, #8569 ) ;
#5441 = VERTEX_POINT ( 'NONE', #2016 ) ;
#5442 = CARTESIAN_POINT ( 'NONE',  ( -14.55000000000000249, 62.00000000000000000, 2.000000000000000000 ) ) ;
#5443 = ORIENTED_EDGE ( 'NONE', *, *, #9595, .T. ) ;
#5444 = CIRCLE ( 'NONE', #7834, 1.549999999999999378 ) ;
#5445 = DIRECTION ( 'NONE',  ( -0.000000000000000000, -0.000000000000000000, -1.000000000000000000 ) ) ;
#5446 = AXIS2_PLACEMENT_3D ( 'NONE', #5310, #4617, #9875 ) ;
#5447 = CARTESIAN_POINT ( 'NONE',  ( 1.387778780781445676E-14, 91.00000000000000000, 2.000000000000000000 ) ) ;
#5448 = CARTESIAN_POINT ( 'NONE',  ( 39.00000000000001421, 7.500000000000000000, 0.000000000000000000 ) ) ;
#5449 = EDGE_LOOP ( 'NONE', ( #6716, #1117 ) ) ;
#5450 = ORIENTED_EDGE ( 'NONE', *, *, #706, .F. ) ;
#5451 = FACE_OUTER_BOUND ( 'NONE', #1662, .T. ) ;
#5452 = EDGE_LOOP ( 'NONE', ( #9530, #5543, #6432, #9338, #9739 ) ) ;
#5453 = LINE ( 'NONE', #8497, #8816 ) ;
#5454 = DIRECTION ( 'NONE',  ( -1.000000000000000000, -0.000000000000000000, -0.000000000000000000 ) ) ;
#5455 = CARTESIAN_POINT ( 'NONE',  ( 29.00000000000008527, 85.49999999999998579, 2.000000000000000000 ) ) ;
#5456 = CIRCLE ( 'NONE', #6728, 1.550000000000002709 ) ;
#5457 = LINE ( 'NONE', #8848, #8261 ) ;
#5458 = ORIENTED_EDGE ( 'NONE', *, *, #8051, .T. ) ;
#5459 = LINE ( 'NONE', #7852, #7809 ) ;
#5460 = ORIENTED_EDGE ( 'NONE', *, *, #3950, .F. ) ;
#5461 = CARTESIAN_POINT ( 'NONE',  ( 56.00000000000005684, 70.00000000000000000, 2.000000000000000000 ) ) ;
#5462 = CARTESIAN_POINT ( 'NONE',  ( 40.45000000000007390, -46.00000000000000711, 2.000000000000000000 ) ) ;
#5463 = VERTEX_POINT ( 'NONE', #3530 ) ;
#5464 = DIRECTION ( 'NONE',  ( 1.000000000000000000, 0.000000000000000000, 0.000000000000000000 ) ) ;
#5465 = EDGE_LOOP ( 'NONE', ( #191, #2572, #7022, #5865 ) ) ;
#5466 = CYLINDRICAL_SURFACE ( 'NONE', #101, 1.550000000000002709 ) ;
#5467 = CARTESIAN_POINT ( 'NONE',  ( -43.54999999999999716, -46.00000000000003553, 0.000000000000000000 ) ) ;
#5468 = DIRECTION ( 'NONE',  ( -1.000000000000000000, 0.000000000000000000, 0.000000000000000000 ) ) ;
#5469 = EDGE_CURVE ( 'NONE', #3058, #8171, #2521, .T. ) ;
#5470 = EDGE_CURVE ( 'NONE', #7677, #7879, #1069, .T. ) ;
#5471 = VERTEX_POINT ( 'NONE', #6573 ) ;
#5472 = LINE ( 'NONE', #7915, #9570 ) ;
#5473 = ORIENTED_EDGE ( 'NONE', *, *, #4205, .T. ) ;
#5474 = VERTEX_POINT ( 'NONE', #1819 ) ;
#5475 = DIRECTION ( 'NONE',  ( 0.000000000000000000, 0.000000000000000000, 1.000000000000000000 ) ) ;
#5476 = ORIENTED_EDGE ( 'NONE', *, *, #2612, .F. ) ;
#5477 = DIRECTION ( 'NONE',  ( -1.000000000000000000, 0.000000000000000000, 0.000000000000000000 ) ) ;
#5478 = AXIS2_PLACEMENT_3D ( 'NONE', #9072, #6724, #6816 ) ;
#5479 = ADVANCED_FACE ( 'NONE', ( #7273 ), #7368, .F. ) ;
#5480 = VERTEX_POINT ( 'NONE', #6475 ) ;
#5481 = ADVANCED_FACE ( 'NONE', ( #2674 ), #2724, .F. ) ;
#5482 = FACE_BOUND ( 'NONE', #7787, .T. ) ;
#5483 = VERTEX_POINT ( 'NONE', #4276 ) ;
#5484 = CARTESIAN_POINT ( 'NONE',  ( 8.903984489160851723, 11.09601551083915716, 0.000000000000000000 ) ) ;
#5485 = ORIENTED_EDGE ( 'NONE', *, *, #950, .F. ) ;
#5486 = FACE_OUTER_BOUND ( 'NONE', #4295, .T. ) ;
#5487 = VERTEX_POINT ( 'NONE', #8873 ) ;
#5488 = DIRECTION ( 'NONE',  ( -0.000000000000000000, -0.000000000000000000, -1.000000000000000000 ) ) ;
#5489 = EDGE_CURVE ( 'NONE', #1918, #471, #1714, .T. ) ;
#5490 = ORIENTED_EDGE ( 'NONE', *, *, #7180, .T. ) ;
#5491 = DIRECTION ( 'NONE',  ( -0.000000000000000000, -0.000000000000000000, -1.000000000000000000 ) ) ;
#5492 = LINE ( 'NONE', #5448, #8747 ) ;
#5493 = EDGE_LOOP ( 'NONE', ( #6526, #1278 ) ) ;
#5494 = ORIENTED_EDGE ( 'NONE', *, *, #4738, .T. ) ;
#5495 = LINE ( 'NONE', #4747, #7643 ) ;
#5496 = ORIENTED_EDGE ( 'NONE', *, *, #9408, .T. ) ;
#5497 = CARTESIAN_POINT ( 'NONE',  ( -46.00000000000001421, -92.54999999999999716, 0.000000000000000000 ) ) ;
#5498 = VECTOR ( 'NONE', #6036, 1000.000000000000000 ) ;
#5499 = DIRECTION ( 'NONE',  ( 0.000000000000000000, 0.000000000000000000, 1.000000000000000000 ) ) ;
#5500 = CARTESIAN_POINT ( 'NONE',  ( -31.19999999999999929, 69.00000000000000000, 2.000000000000000000 ) ) ;
#5501 = VECTOR ( 'NONE', #4761, 1000.000000000000000 ) ;
#5502 = FACE_OUTER_BOUND ( 'NONE', #2294, .T. ) ;
#5503 = VECTOR ( 'NONE', #2469, 1000.000000000000000 ) ;
#5504 = EDGE_LOOP ( 'NONE', ( #6946, #3683, #6742, #8399 ) ) ;
#5505 = VECTOR ( 'NONE', #4225, 1000.000000000000000 ) ;
#5506 = DIRECTION ( 'NONE',  ( -0.000000000000000000, 1.000000000000000000, 0.000000000000000000 ) ) ;
#5507 = CIRCLE ( 'NONE', #7101, 1.549999999999982059 ) ;
#5508 = VERTEX_POINT ( 'NONE', #6374 ) ;
#5509 = FACE_BOUND ( 'NONE', #7570, .T. ) ;
#5510 = CARTESIAN_POINT ( 'NONE',  ( 11.00000000000000000, -74.45000000000003126, 0.000000000000000000 ) ) ;
#5511 = ADVANCED_FACE ( 'NONE', ( #9433 ), #5627, .F. ) ;
#5512 = ORIENTED_EDGE ( 'NONE', *, *, #1304, .T. ) ;
#5513 = FACE_OUTER_BOUND ( 'NONE', #4163, .T. ) ;
#5514 = ORIENTED_EDGE ( 'NONE', *, *, #5101, .T. ) ;
#5515 = AXIS2_PLACEMENT_3D ( 'NONE', #6895, #6056, #27 ) ;
#5516 = CIRCLE ( 'NONE', #6480, 1.550000000000002709 ) ;
#5517 = DIRECTION ( 'NONE',  ( 1.000000000000000000, 0.000000000000000000, 0.000000000000000000 ) ) ;
#5518 = DIRECTION ( 'NONE',  ( 1.000000000000000000, 0.000000000000000000, 0.000000000000000000 ) ) ;
#5519 = ORIENTED_EDGE ( 'NONE', *, *, #1608, .T. ) ;
#5520 = CARTESIAN_POINT ( 'NONE',  ( -5.999999999999986677, -89.45000000000000284, 2.000000000000000000 ) ) ;
#5521 = ORIENTED_EDGE ( 'NONE', *, *, #5903, .F. ) ;
#5522 = AXIS2_PLACEMENT_3D ( 'NONE', #5742, #9602, #1879 ) ;
#5523 = CARTESIAN_POINT ( 'NONE',  ( 56.00000000000004263, 91.00000000000001421, 2.000000000000000000 ) ) ;
#5524 = ORIENTED_EDGE ( 'NONE', *, *, #480, .F. ) ;
#5525 = DIRECTION ( 'NONE',  ( 1.000000000000000000, 0.000000000000000000, 0.000000000000000000 ) ) ;
#5526 = ORIENTED_EDGE ( 'NONE', *, *, #3279, .F. ) ;
#5527 = FACE_BOUND ( 'NONE', #7376, .T. ) ;
#5528 = ADVANCED_FACE ( 'NONE', ( #4124 ), #7459, .F. ) ;
#5529 = CARTESIAN_POINT ( 'NONE',  ( -54.00000000000001421, 99.00000000000000000, 0.000000000000000000 ) ) ;
#5530 = ORIENTED_EDGE ( 'NONE', *, *, #7084, .T. ) ;
#5531 = CARTESIAN_POINT ( 'NONE',  ( 57.55000000000004690, 91.00000000000001421, 0.000000000000000000 ) ) ;
#5532 = EDGE_LOOP ( 'NONE', ( #9623, #5887 ) ) ;
#5533 = CYLINDRICAL_SURFACE ( 'NONE', #8404, 1.549999999999999378 ) ;
#5534 = ORIENTED_EDGE ( 'NONE', *, *, #4381, .T. ) ;
#5535 = DIRECTION ( 'NONE',  ( -3.652049423109067827E-16, -1.000000000000000000, 0.000000000000000000 ) ) ;
#5536 = EDGE_CURVE ( 'NONE', #2188, #3688, #3636, .T. ) ;
#5537 = AXIS2_PLACEMENT_3D ( 'NONE', #1785, #1681, #7083 ) ;
#5538 = ORIENTED_EDGE ( 'NONE', *, *, #4816, .T. ) ;
#5539 = CARTESIAN_POINT ( 'NONE',  ( 5.000000000000000000, 0.000000000000000000, 2.000000000000000000 ) ) ;
#5540 = AXIS2_PLACEMENT_3D ( 'NONE', #59, #14, #3085 ) ;
#5541 = ADVANCED_FACE ( 'NONE', ( #9740 ), #8257, .F. ) ;
#5542 = DIRECTION ( 'NONE',  ( 1.000000000000000000, 0.000000000000000000, 0.000000000000000000 ) ) ;
#5543 = ORIENTED_EDGE ( 'NONE', *, *, #614, .T. ) ;
#5544 = EDGE_CURVE ( 'NONE', #7790, #2030, #9228, .T. ) ;
#5545 = AXIS2_PLACEMENT_3D ( 'NONE', #4352, #1325, #8950 ) ;
#5546 = ORIENTED_EDGE ( 'NONE', *, *, #2929, .F. ) ;
#5547 = DIRECTION ( 'NONE',  ( -1.000000000000000000, 0.000000000000000000, 0.000000000000000000 ) ) ;
#5548 = VERTEX_POINT ( 'NONE', #4373 ) ;
#5549 = FACE_OUTER_BOUND ( 'NONE', #4729, .T. ) ;
#5550 = DIRECTION ( 'NONE',  ( -1.000000000000000000, 0.000000000000000000, 0.000000000000000000 ) ) ;
#5551 = CYLINDRICAL_SURFACE ( 'NONE', #6776, 1.549999999999995604 ) ;
#5552 = EDGE_CURVE ( 'NONE', #4805, #2142, #6980, .T. ) ;
#5553 = CIRCLE ( 'NONE', #4428, 1.549999999999999378 ) ;
#5554 = DIRECTION ( 'NONE',  ( -0.000000000000000000, -0.000000000000000000, 1.000000000000000000 ) ) ;
#5555 = DIRECTION ( 'NONE',  ( -0.000000000000000000, -0.000000000000000000, 1.000000000000000000 ) ) ;
#5556 = ORIENTED_EDGE ( 'NONE', *, *, #2610, .F. ) ;
#5557 = CARTESIAN_POINT ( 'NONE',  ( -52.00000000000002132, 77.00000000000001421, 0.000000000000000000 ) ) ;
#5558 = ORIENTED_EDGE ( 'NONE', *, *, #4328, .F. ) ;
#5559 = VERTEX_POINT ( 'NONE', #3763 ) ;
#5560 = FACE_BOUND ( 'NONE', #3447, .T. ) ;
#5561 = CARTESIAN_POINT ( 'NONE',  ( -50.45000000000000995, 47.00000000000000000, 2.000000000000000000 ) ) ;
#5562 = EDGE_CURVE ( 'NONE', #8337, #9256, #3798, .T. ) ;
#5563 = ORIENTED_EDGE ( 'NONE', *, *, #2725, .F. ) ;
#5564 = AXIS2_PLACEMENT_3D ( 'NONE', #9215, #1603, #335 ) ;
#5565 = DIRECTION ( 'NONE',  ( 0.000000000000000000, 0.000000000000000000, 1.000000000000000000 ) ) ;
#5566 = CIRCLE ( 'NONE', #7460, 1.549999999999995826 ) ;
#5567 = ORIENTED_EDGE ( 'NONE', *, *, #4018, .F. ) ;
#5568 = AXIS2_PLACEMENT_3D ( 'NONE', #9300, #976, #8436 ) ;
#5569 = AXIS2_PLACEMENT_3D ( 'NONE', #8423, #3378, #6421 ) ;
#5570 = CIRCLE ( 'NONE', #9738, 1.550000000000002709 ) ;
#5571 = FACE_OUTER_BOUND ( 'NONE', #8966, .T. ) ;
#5572 = AXIS2_PLACEMENT_3D ( 'NONE', #9370, #7017, #244 ) ;
#5573 = DIRECTION ( 'NONE',  ( -0.000000000000000000, -0.000000000000000000, 1.000000000000000000 ) ) ;
#5574 = CIRCLE ( 'NONE', #3015, 1.550000000000002709 ) ;
#5575 = ORIENTED_EDGE ( 'NONE', *, *, #8173, .F. ) ;
#5576 = AXIS2_PLACEMENT_3D ( 'NONE', #9042, #2185, #6933 ) ;
#5577 = FACE_OUTER_BOUND ( 'NONE', #3804, .T. ) ;
#5578 = ORIENTED_EDGE ( 'NONE', *, *, #5226, .F. ) ;
#5579 = CARTESIAN_POINT ( 'NONE',  ( -43.55000000000001137, 46.00000000000000711, 0.000000000000000000 ) ) ;
#5580 = ORIENTED_EDGE ( 'NONE', *, *, #7418, .F. ) ;
#5581 = DIRECTION ( 'NONE',  ( 0.000000000000000000, 0.000000000000000000, 1.000000000000000000 ) ) ;
#5582 = VECTOR ( 'NONE', #2854, 1000.000000000000000 ) ;
#5583 = CIRCLE ( 'NONE', #4780, 4.999999999999984013 ) ;
#5584 = FACE_BOUND ( 'NONE', #3586, .T. ) ;
#5585 = CARTESIAN_POINT ( 'NONE',  ( -42.00000000000000711, 38.20000000000000284, 2.000000000000000000 ) ) ;
#5586 = EDGE_LOOP ( 'NONE', ( #9194, #4095 ) ) ;
#5587 = CARTESIAN_POINT ( 'NONE',  ( -50.45000000000000995, 47.00000000000000000, 2.000000000000000000 ) ) ;
#5588 = VERTEX_POINT ( 'NONE', #502 ) ;
#5589 = CYLINDRICAL_SURFACE ( 'NONE', #3375, 1.550000000000002709 ) ;
#5590 = ORIENTED_EDGE ( 'NONE', *, *, #8886, .T. ) ;
#5591 = CYLINDRICAL_SURFACE ( 'NONE', #5999, 1.550000000000009592 ) ;
#5592 = ORIENTED_EDGE ( 'NONE', *, *, #319, .T. ) ;
#5593 = CARTESIAN_POINT ( 'NONE',  ( -54.45000000000002416, 54.00000000000000711, 2.000000000000000000 ) ) ;
#5594 = DIRECTION ( 'NONE',  ( -1.000000000000000000, 0.000000000000000000, 0.000000000000000000 ) ) ;
#5595 = EDGE_LOOP ( 'NONE', ( #1569, #9753 ) ) ;
#5596 = ADVANCED_FACE ( 'NONE', ( #5924 ), #6071, .F. ) ;
#5597 = EDGE_CURVE ( 'NONE', #1244, #9466, #9118, .T. ) ;
#5598 = DIRECTION ( 'NONE',  ( -0.000000000000000000, -0.000000000000000000, 1.000000000000000000 ) ) ;
#5599 = ORIENTED_EDGE ( 'NONE', *, *, #8341, .T. ) ;
#5600 = DIRECTION ( 'NONE',  ( 0.000000000000000000, 0.000000000000000000, 1.000000000000000000 ) ) ;
#5601 = DIRECTION ( 'NONE',  ( 3.469446951953612217E-16, -1.000000000000000000, 0.000000000000000000 ) ) ;
#5602 = DIRECTION ( 'NONE',  ( 0.000000000000000000, 0.000000000000000000, 1.000000000000000000 ) ) ;
#5603 = EDGE_CURVE ( 'NONE', #9842, #5480, #8974, .T. ) ;
#5604 = DIRECTION ( 'NONE',  ( -1.000000000000000000, 0.000000000000000000, 0.000000000000000000 ) ) ;
#5605 = DIRECTION ( 'NONE',  ( -1.000000000000000000, 0.000000000000000000, 0.000000000000000000 ) ) ;
#5606 = EDGE_LOOP ( 'NONE', ( #9485, #4837 ) ) ;
#5607 = EDGE_CURVE ( 'NONE', #492, #2030, #9065, .T. ) ;
#5608 = CARTESIAN_POINT ( 'NONE',  ( 11.09601551083916249, -8.903984489160839289, 2.000000000000000000 ) ) ;
#5609 = ORIENTED_EDGE ( 'NONE', *, *, #1873, .T. ) ;
#5610 = ORIENTED_EDGE ( 'NONE', *, *, #798, .F. ) ;
#5611 = FACE_BOUND ( 'NONE', #4595, .T. ) ;
#5612 = CIRCLE ( 'NONE', #2575, 1.550000000000002709 ) ;
#5613 = DIRECTION ( 'NONE',  ( 0.000000000000000000, 0.000000000000000000, 1.000000000000000000 ) ) ;
#5614 = ORIENTED_EDGE ( 'NONE', *, *, #8662, .T. ) ;
#5615 = DIRECTION ( 'NONE',  ( -0.000000000000000000, -0.000000000000000000, 1.000000000000000000 ) ) ;
#5616 = VERTEX_POINT ( 'NONE', #4417 ) ;
#5617 = AXIS2_PLACEMENT_3D ( 'NONE', #1698, #3159, #1599 ) ;
#5618 = EDGE_CURVE ( 'NONE', #6229, #3503, #2259, .T. ) ;
#5619 = CARTESIAN_POINT ( 'NONE',  ( -28.99999999999998579, -36.50000000000000711, 2.000000000000000000 ) ) ;
#5620 = AXIS2_PLACEMENT_3D ( 'NONE', #3098, #3147, #6200 ) ;
#5621 = CARTESIAN_POINT ( 'NONE',  ( -31.19999999999999929, 69.00000000000000000, 0.000000000000000000 ) ) ;
#5622 = EDGE_LOOP ( 'NONE', ( #9549, #1812 ) ) ;
#5623 = FACE_OUTER_BOUND ( 'NONE', #4609, .T. ) ;
#5624 = CYLINDRICAL_SURFACE ( 'NONE', #7467, 3.125000000000001776 ) ;
#5625 = CARTESIAN_POINT ( 'NONE',  ( 56.44999999999999574, 36.99999999999999289, 2.000000000000000000 ) ) ;
#5626 = EDGE_LOOP ( 'NONE', ( #1737, #7188, #3441, #5223 ) ) ;
#5627 = CYLINDRICAL_SURFACE ( 'NONE', #2351, 1.549999999999995826 ) ;
#5628 = EDGE_CURVE ( 'NONE', #4015, #4731, #3002, .T. ) ;
#5629 = FACE_BOUND ( 'NONE', #4321, .T. ) ;
#5630 = CARTESIAN_POINT ( 'NONE',  ( -8.903984489160844618, -11.09601551083913407, 0.000000000000000000 ) ) ;
#5631 = ORIENTED_EDGE ( 'NONE', *, *, #2171, .F. ) ;
#5632 = CARTESIAN_POINT ( 'NONE',  ( 0.000000000000000000, 57.49999999999999289, 0.000000000000000000 ) ) ;
#5633 = ORIENTED_EDGE ( 'NONE', *, *, #3026, .T. ) ;
#5634 = CARTESIAN_POINT ( 'NONE',  ( -22.00000000000000000, 60.19999999999999574, 0.000000000000000000 ) ) ;
#5635 = ORIENTED_EDGE ( 'NONE', *, *, #2427, .T. ) ;
#5636 = CARTESIAN_POINT ( 'NONE',  ( -1.549999999999981837, 91.00000000000000000, 2.000000000000000000 ) ) ;
#5637 = ORIENTED_EDGE ( 'NONE', *, *, #4385, .F. ) ;
#5638 = CARTESIAN_POINT ( 'NONE',  ( 42.00000000000007816, 38.20000000000000284, 2.000000000000000000 ) ) ;
#5639 = ADVANCED_FACE ( 'NONE', ( #9788 ), #5269, .F. ) ;
#5640 = DIRECTION ( 'NONE',  ( 0.000000000000000000, 0.000000000000000000, 1.000000000000000000 ) ) ;
#5641 = ORIENTED_EDGE ( 'NONE', *, *, #6926, .T. ) ;
#5642 = DIRECTION ( 'NONE',  ( -0.000000000000000000, -0.000000000000000000, 1.000000000000000000 ) ) ;
#5643 = ORIENTED_EDGE ( 'NONE', *, *, #7667, .F. ) ;
#5644 = LINE ( 'NONE', #7941, #336 ) ;
#5645 = DIRECTION ( 'NONE',  ( 1.000000000000000000, 0.000000000000000000, 0.000000000000000000 ) ) ;
#5646 = LINE ( 'NONE', #4751, #387 ) ;
#5647 = DIRECTION ( 'NONE',  ( 0.000000000000000000, 0.000000000000000000, 1.000000000000000000 ) ) ;
#5648 = EDGE_CURVE ( 'NONE', #9256, #9912, #6760, .T. ) ;
#5649 = LINE ( 'NONE', #7095, #7948 ) ;
#5650 = VERTEX_POINT ( 'NONE', #4521 ) ;
#5651 = EDGE_CURVE ( 'NONE', #2371, #8345, #745, .T. ) ;
#5652 = VECTOR ( 'NONE', #3037, 1000.000000000000000 ) ;
#5653 = FACE_OUTER_BOUND ( 'NONE', #8478, .T. ) ;
#5654 = ORIENTED_EDGE ( 'NONE', *, *, #1609, .T. ) ;
#5655 = ORIENTED_EDGE ( 'NONE', *, *, #1301, .F. ) ;
#5656 = FACE_BOUND ( 'NONE', #5452, .T. ) ;
#5657 = EDGE_CURVE ( 'NONE', #4908, #6458, #8172, .T. ) ;
#5658 = VERTEX_POINT ( 'NONE', #5312 ) ;
#5659 = CARTESIAN_POINT ( 'NONE',  ( 22.09601551083917670, -19.90398448916085883, 0.000000000000000000 ) ) ;
#5660 = VERTEX_POINT ( 'NONE', #8355 ) ;
#5661 = CARTESIAN_POINT ( 'NONE',  ( 56.00000000000003553, -70.00000000000002842, 2.000000000000000000 ) ) ;
#5662 = VERTEX_POINT ( 'NONE', #1502 ) ;
#5663 = ADVANCED_FACE ( 'NONE', ( #4566 ), #3909, .F. ) ;
#5664 = AXIS2_PLACEMENT_3D ( 'NONE', #1, #2220, #3028 ) ;
#5665 = AXIS2_PLACEMENT_3D ( 'NONE', #1759, #8657, #9317 ) ;
#5666 = DIRECTION ( 'NONE',  ( -0.000000000000000000, -0.000000000000000000, -1.000000000000000000 ) ) ;
#5667 = CYLINDRICAL_SURFACE ( 'NONE', #6046, 1.549999999999999378 ) ;
#5668 = EDGE_CURVE ( 'NONE', #3715, #5894, #1842, .T. ) ;
#5669 = EDGE_LOOP ( 'NONE', ( #9388, #6368 ) ) ;
#5670 = DIRECTION ( 'NONE',  ( 0.000000000000000000, 0.000000000000000000, 1.000000000000000000 ) ) ;
#5671 = CARTESIAN_POINT ( 'NONE',  ( 30.55000000000000782, 9.500000000000000000, 2.000000000000000000 ) ) ;
#5672 = AXIS2_PLACEMENT_3D ( 'NONE', #1159, #8668, #250 ) ;
#5673 = ADVANCED_FACE ( 'NONE', ( #1547 ), #5466, .F. ) ;
#5674 = CARTESIAN_POINT ( 'NONE',  ( 9.549999999999998934, 43.00000000000000000, 0.000000000000000000 ) ) ;
#5675 = ORIENTED_EDGE ( 'NONE', *, *, #3582, .F. ) ;
#5676 = DIRECTION ( 'NONE',  ( 1.000000000000000000, 0.000000000000000000, 0.000000000000000000 ) ) ;
#5677 = CIRCLE ( 'NONE', #6943, 1.550000000000009592 ) ;
#5678 = FACE_BOUND ( 'NONE', #4369, .T. ) ;
#5679 = CARTESIAN_POINT ( 'NONE',  ( -7.499999999999996447, -27.49999999999998934, 0.000000000000000000 ) ) ;
#5680 = CIRCLE ( 'NONE', #6631, 1.550000000000002709 ) ;
#5681 = ORIENTED_EDGE ( 'NONE', *, *, #9292, .F. ) ;
#5682 = CYLINDRICAL_SURFACE ( 'NONE', #5820, 1.550000000000002709 ) ;
#5683 = ORIENTED_EDGE ( 'NONE', *, *, #937, .F. ) ;
#5684 = FACE_OUTER_BOUND ( 'NONE', #9377, .T. ) ;
#5685 = ORIENTED_EDGE ( 'NONE', *, *, #1747, .T. ) ;
#5686 = CARTESIAN_POINT ( 'NONE',  ( 6.000000000000015099, 91.00000000000000000, 0.000000000000000000 ) ) ;
#5687 = ORIENTED_EDGE ( 'NONE', *, *, #9276, .T. ) ;
#5688 = FACE_OUTER_BOUND ( 'NONE', #812, .T. ) ;
#5689 = EDGE_CURVE ( 'NONE', #8248, #7790, #4435, .T. ) ;
#5690 = DIRECTION ( 'NONE',  ( 1.000000000000000000, 0.000000000000000000, 0.000000000000000000 ) ) ;
#5691 = VERTEX_POINT ( 'NONE', #8691 ) ;
#5692 = FACE_OUTER_BOUND ( 'NONE', #2320, .T. ) ;
#5693 = VERTEX_POINT ( 'NONE', #1089 ) ;
#5694 = LINE ( 'NONE', #4892, #5291 ) ;
#5695 = CARTESIAN_POINT ( 'NONE',  ( 54.00000000000007105, -98.99999999999998579, 2.000000000000000000 ) ) ;
#5696 = CYLINDRICAL_SURFACE ( 'NONE', #8545, 1.549999999999999378 ) ;
#5697 = VECTOR ( 'NONE', #6351, 1000.000000000000000 ) ;
#5698 = CYLINDRICAL_SURFACE ( 'NONE', #3327, 1.550000000000000933 ) ;
#5699 = AXIS2_PLACEMENT_3D ( 'NONE', #3881, #4788, #970 ) ;
#5700 = CARTESIAN_POINT ( 'NONE',  ( -48.99999999999998579, -7.500000000000000000, 0.000000000000000000 ) ) ;
#5701 = EDGE_LOOP ( 'NONE', ( #1664, #760, #3468, #5580 ) ) ;
#5702 = CARTESIAN_POINT ( 'NONE',  ( 9.549999999999998934, 43.00000000000000000, 2.000000000000000000 ) ) ;
#5703 = ORIENTED_EDGE ( 'NONE', *, *, #2169, .T. ) ;
#5704 = VERTEX_POINT ( 'NONE', #5415 ) ;
#5705 = FACE_BOUND ( 'NONE', #6424, .T. ) ;
#5706 = EDGE_LOOP ( 'NONE', ( #3952, #1361, #6261, #4152 ) ) ;
#5707 = DIRECTION ( 'NONE',  ( 1.000000000000000000, 0.000000000000000000, 0.000000000000000000 ) ) ;
#5708 = VERTEX_POINT ( 'NONE', #2412 ) ;
#5709 = CARTESIAN_POINT ( 'NONE',  ( 6.000000000000015099, 92.54999999999999716, 0.000000000000000000 ) ) ;
#5710 = ORIENTED_EDGE ( 'NONE', *, *, #1999, .T. ) ;
#5711 = CARTESIAN_POINT ( 'NONE',  ( -29.00000000000000000, -24.50000000000000000, 0.000000000000000000 ) ) ;
#5712 = ORIENTED_EDGE ( 'NONE', *, *, #5257, .F. ) ;
#5713 = CARTESIAN_POINT ( 'NONE',  ( 8.903984489160851723, -11.09601551083915005, 2.000000000000000000 ) ) ;
#5714 = DIRECTION ( 'NONE',  ( 1.000000000000000000, 0.000000000000000000, 0.000000000000000000 ) ) ;
#5715 = AXIS2_PLACEMENT_3D ( 'NONE', #5364, #5647, #8402 ) ;
#5716 = VECTOR ( 'NONE', #6682, 1000.000000000000000 ) ;
#5717 = ORIENTED_EDGE ( 'NONE', *, *, #4992, .T. ) ;
#5718 = LINE ( 'NONE', #8773, #1082 ) ;
#5719 = VECTOR ( 'NONE', #938, 1000.000000000000000 ) ;
#5720 = DIRECTION ( 'NONE',  ( -1.000000000000000000, 0.000000000000000000, 0.000000000000000000 ) ) ;
#5721 = VECTOR ( 'NONE', #1475, 1000.000000000000000 ) ;
#5722 = VECTOR ( 'NONE', #2228, 1000.000000000000000 ) ;
#5723 = CYLINDRICAL_SURFACE ( 'NONE', #5672, 1.549999999999999378 ) ;
#5724 = AXIS2_PLACEMENT_3D ( 'NONE', #41, #842, #4623 ) ;
#5725 = VERTEX_POINT ( 'NONE', #4619 ) ;
#5726 = DIRECTION ( 'NONE',  ( 1.000000000000000000, 0.000000000000000000, 0.000000000000000000 ) ) ;
#5727 = VECTOR ( 'NONE', #698, 1000.000000000000000 ) ;
#5728 = EDGE_CURVE ( 'NONE', #8482, #3408, #8909, .T. ) ;
#5729 = EDGE_CURVE ( 'NONE', #8794, #5739, #7944, .T. ) ;
#5730 = AXIS2_PLACEMENT_3D ( 'NONE', #1202, #6565, #2869 ) ;
#5731 = EDGE_CURVE ( 'NONE', #7254, #3458, #9878, .T. ) ;
#5732 = AXIS2_PLACEMENT_3D ( 'NONE', #9924, #2253, #5408 ) ;
#5733 = DIRECTION ( 'NONE',  ( -0.000000000000000000, -0.000000000000000000, -1.000000000000000000 ) ) ;
#5734 = CARTESIAN_POINT ( 'NONE',  ( -39.00000000000001421, 7.500000000000000000, 2.000000000000000000 ) ) ;
#5735 = EDGE_CURVE ( 'NONE', #5894, #2258, #5231, .T. ) ;
#5736 = FACE_OUTER_BOUND ( 'NONE', #7553, .T. ) ;
#5737 = EDGE_LOOP ( 'NONE', ( #4009, #2514, #5393, #953 ) ) ;
#5738 = CYLINDRICAL_SURFACE ( 'NONE', #5172, 1.550000000000002709 ) ;
#5739 = VERTEX_POINT ( 'NONE', #145 ) ;
#5740 = AXIS2_PLACEMENT_3D ( 'NONE', #2958, #9820, #4514 ) ;
#5741 = AXIS2_PLACEMENT_3D ( 'NONE', #7289, #8843, #2036 ) ;
#5742 = CARTESIAN_POINT ( 'NONE',  ( -4.574681805324714957E-15, 37.00000000000000000, 0.000000000000000000 ) ) ;
#5743 = AXIS2_PLACEMENT_3D ( 'NONE', #1527, #4598, #1586 ) ;
#5744 = VERTEX_POINT ( 'NONE', #4667 ) ;
#5745 = DIRECTION ( 'NONE',  ( 0.000000000000000000, 0.000000000000000000, 1.000000000000000000 ) ) ;
#5746 = EDGE_CURVE ( 'NONE', #2027, #7970, #6515, .T. ) ;
#5747 = DIRECTION ( 'NONE',  ( 1.000000000000000000, 3.469446951953612217E-16, -0.000000000000000000 ) ) ;
#5748 = ORIENTED_EDGE ( 'NONE', *, *, #4928, .F. ) ;
#5749 = CARTESIAN_POINT ( 'NONE',  ( 22.09601551083917670, 19.90398448916085883, 0.000000000000000000 ) ) ;
#5750 = ORIENTED_EDGE ( 'NONE', *, *, #2972, .F. ) ;
#5751 = DIRECTION ( 'NONE',  ( 1.000000000000000000, 0.000000000000000000, 0.000000000000000000 ) ) ;
#5752 = CARTESIAN_POINT ( 'NONE',  ( -6.000000000000000000, 70.70000000000000284, 0.000000000000000000 ) ) ;
#5753 = CARTESIAN_POINT ( 'NONE',  ( 8.000000000000000000, 43.00000000000000000, 0.000000000000000000 ) ) ;
#5754 = DIRECTION ( 'NONE',  ( 0.000000000000000000, 0.000000000000000000, 1.000000000000000000 ) ) ;
#5755 = CIRCLE ( 'NONE', #9755, 1.549999999999995826 ) ;
#5756 = EDGE_CURVE ( 'NONE', #4384, #9782, #7655, .T. ) ;
#5757 = DIRECTION ( 'NONE',  ( 0.000000000000000000, 0.000000000000000000, 1.000000000000000000 ) ) ;
#5758 = LINE ( 'NONE', #6598, #5256 ) ;
#5759 = ORIENTED_EDGE ( 'NONE', *, *, #9524, .T. ) ;
#5760 = ORIENTED_EDGE ( 'NONE', *, *, #6150, .T. ) ;
#5761 = CARTESIAN_POINT ( 'NONE',  ( 40.45000000000003837, -54.00000000000003553, 0.000000000000000000 ) ) ;
#5762 = ORIENTED_EDGE ( 'NONE', *, *, #9021, .T. ) ;
#5763 = DIRECTION ( 'NONE',  ( -1.000000000000000000, 0.000000000000000000, 0.000000000000000000 ) ) ;
#5764 = ORIENTED_EDGE ( 'NONE', *, *, #6777, .F. ) ;
#5765 = DIRECTION ( 'NONE',  ( -1.000000000000000000, 0.000000000000000000, 0.000000000000000000 ) ) ;
#5766 = CARTESIAN_POINT ( 'NONE',  ( 0.000000000000000000, 0.000000000000000000, 0.000000000000000000 ) ) ;
#5767 = EDGE_LOOP ( 'NONE', ( #7350, #1194 ) ) ;
#5768 = CYLINDRICAL_SURFACE ( 'NONE', #4290, 1.550000000000002709 ) ;
#5769 = CIRCLE ( 'NONE', #316, 1.550000000000002709 ) ;
#5770 = CARTESIAN_POINT ( 'NONE',  ( -29.00000000000000000, -24.50000000000000000, 2.000000000000000000 ) ) ;
#5771 = ORIENTED_EDGE ( 'NONE', *, *, #4194, .T. ) ;
#5772 = DIRECTION ( 'NONE',  ( -1.000000000000000000, 0.000000000000000000, 0.000000000000000000 ) ) ;
#5773 = CARTESIAN_POINT ( 'NONE',  ( 15.00000000000000711, 53.00000000000000000, 2.000000000000000000 ) ) ;
#5774 = DIRECTION ( 'NONE',  ( 1.000000000000000000, 0.000000000000000000, 0.000000000000000000 ) ) ;
#5775 = ORIENTED_EDGE ( 'NONE', *, *, #2497, .T. ) ;
#5776 = VECTOR ( 'NONE', #7396, 1000.000000000000114 ) ;
#5777 = CARTESIAN_POINT ( 'NONE',  ( -29.55000000000002203, 46.99999999999998579, 0.000000000000000000 ) ) ;
#5778 = VECTOR ( 'NONE', #4247, 1000.000000000000000 ) ;
#5779 = EDGE_CURVE ( 'NONE', #5804, #7064, #3859, .T. ) ;
#5780 = FACE_BOUND ( 'NONE', #7128, .T. ) ;
#5781 = FACE_OUTER_BOUND ( 'NONE', #9652, .T. ) ;
#5782 = DIRECTION ( 'NONE',  ( -0.000000000000000000, -0.000000000000000000, 1.000000000000000000 ) ) ;
#5783 = ADVANCED_FACE ( 'NONE', ( #840 ), #6445, .F. ) ;
#5784 = CARTESIAN_POINT ( 'NONE',  ( -52.00000000000002132, -47.00000000000000000, 2.000000000000000000 ) ) ;
#5785 = ADVANCED_FACE ( 'NONE', ( #1652 ), #5698, .F. ) ;
#5786 = EDGE_LOOP ( 'NONE', ( #9555, #8540 ) ) ;
#5787 = DIRECTION ( 'NONE',  ( -0.000000000000000000, -0.000000000000000000, 1.000000000000000000 ) ) ;
#5788 = EDGE_CURVE ( 'NONE', #8171, #3058, #1549, .T. ) ;
#5789 = ORIENTED_EDGE ( 'NONE', *, *, #5668, .T. ) ;
#5790 = PLANE ( 'NONE',  #7146 ) ;
#5791 = LINE ( 'NONE', #4888, #5239 ) ;
#5792 = VERTEX_POINT ( 'NONE', #742 ) ;
#5793 = EDGE_CURVE ( 'NONE', #9046, #7813, #6117, .T. ) ;
#5794 = CARTESIAN_POINT ( 'NONE',  ( 52.00000000000004263, 77.00000000000002842, 0.000000000000000000 ) ) ;
#5795 = ORIENTED_EDGE ( 'NONE', *, *, #4683, .T. ) ;
#5796 = DIRECTION ( 'NONE',  ( 0.000000000000000000, 0.000000000000000000, 1.000000000000000000 ) ) ;
#5797 = PLANE ( 'NONE',  #5258 ) ;
#5798 = FACE_OUTER_BOUND ( 'NONE', #1334, .T. ) ;
#5799 = LINE ( 'NONE', #524, #4125 ) ;
#5800 = DIRECTION ( 'NONE',  ( 0.000000000000000000, 0.000000000000000000, 1.000000000000000000 ) ) ;
#5801 = APPLICATION_PROTOCOL_DEFINITION ( 'draft international standard', 'automotive_design', 1998, #7560 ) ;
#5802 = CARTESIAN_POINT ( 'NONE',  ( 20.44999999999999574, 60.19999999999999574, 0.000000000000000000 ) ) ;
#5803 = VERTEX_POINT ( 'NONE', #9929 ) ;
#5804 = VERTEX_POINT ( 'NONE', #3069 ) ;
#5805 = FACE_BOUND ( 'NONE', #6143, .T. ) ;
#5806 = VERTEX_POINT ( 'NONE', #9164 ) ;
#5807 = CARTESIAN_POINT ( 'NONE',  ( -54.00000000000001421, 99.00000000000000000, 0.000000000000000000 ) ) ;
#5808 = ORIENTED_EDGE ( 'NONE', *, *, #7658, .T. ) ;
#5809 = CARTESIAN_POINT ( 'NONE',  ( 1.387778780781445676E-14, 91.00000000000000000, 0.000000000000000000 ) ) ;
#5810 = CARTESIAN_POINT ( 'NONE',  ( 54.00000000000007105, -98.99999999999998579, 0.000000000000000000 ) ) ;
#5811 = CIRCLE ( 'NONE', #39, 1.550000000000009592 ) ;
#5812 = ORIENTED_EDGE ( 'NONE', *, *, #3166, .T. ) ;
#5813 = CYLINDRICAL_SURFACE ( 'NONE', #4293, 1.549999999999995826 ) ;
#5814 = EDGE_CURVE ( 'NONE', #796, #5053, #2307, .T. ) ;
#5815 = EDGE_LOOP ( 'NONE', ( #6104, #1443 ) ) ;
#5816 = CARTESIAN_POINT ( 'NONE',  ( 29.55000000000006111, -46.99999999999999289, 2.000000000000000000 ) ) ;
#5817 = CARTESIAN_POINT ( 'NONE',  ( 42.00000000000007816, 38.20000000000000284, 0.000000000000000000 ) ) ;
#5818 = DIRECTION ( 'NONE',  ( -0.000000000000000000, -0.000000000000000000, -1.000000000000000000 ) ) ;
#5819 = ORIENTED_EDGE ( 'NONE', *, *, #149, .F. ) ;
#5820 = AXIS2_PLACEMENT_3D ( 'NONE', #1973, #9600, #7229 ) ;
#5821 = DIRECTION ( 'NONE',  ( -1.000000000000000000, 0.000000000000000000, 0.000000000000000000 ) ) ;
#5822 = AXIS2_PLACEMENT_3D ( 'NONE', #5773, #1495, #9925 ) ;
#5823 = AXIS2_PLACEMENT_3D ( 'NONE', #5809, #2005, #489 ) ;
#5824 = DIRECTION ( 'NONE',  ( -1.000000000000000000, 0.000000000000000000, 0.000000000000000000 ) ) ;
#5825 = CIRCLE ( 'NONE', #2779, 1.550000000000002709 ) ;
#5826 = CARTESIAN_POINT ( 'NONE',  ( 54.45000000000003837, -70.00000000000002842, 0.000000000000000000 ) ) ;
#5827 = DIRECTION ( 'NONE',  ( 1.000000000000000000, 0.000000000000000000, 0.000000000000000000 ) ) ;
#5828 = CIRCLE ( 'NONE', #3114, 3.125000000000001776 ) ;
#5829 = DIRECTION ( 'NONE',  ( 1.000000000000000000, 0.000000000000000000, 0.000000000000000000 ) ) ;
#5830 = ORIENTED_EDGE ( 'NONE', *, *, #8659, .T. ) ;
#5831 = LINE ( 'NONE', #320, #4249 ) ;
#5832 = VECTOR ( 'NONE', #2244, 1000.000000000000000 ) ;
#5833 = ADVANCED_FACE ( 'NONE', ( #477 ), #1990, .F. ) ;
#5834 = CIRCLE ( 'NONE', #4080, 1.549999999999995826 ) ;
#5835 = ORIENTED_EDGE ( 'NONE', *, *, #2010, .T. ) ;
#5836 = DIRECTION ( 'NONE',  ( 0.7071067811865479058, -0.7071067811865472397, 0.000000000000000000 ) ) ;
#5837 = ADVANCED_FACE ( 'NONE', ( #9613 ), #4251, .F. ) ;
#5838 = LINE ( 'NONE', #2029, #588 ) ;
#5839 = ORIENTED_EDGE ( 'NONE', *, *, #4263, .T. ) ;
#5840 = EDGE_CURVE ( 'NONE', #9262, #6964, #5799, .T. ) ;
#5841 = CARTESIAN_POINT ( 'NONE',  ( -22.09601551083916249, -19.90398448916083041, 0.000000000000000000 ) ) ;
#5842 = EDGE_LOOP ( 'NONE', ( #7285, #6278, #2811, #7654 ) ) ;
#5843 = CARTESIAN_POINT ( 'NONE',  ( -29.00000000000000711, 9.500000000000000000, 0.000000000000000000 ) ) ;
#5844 = CARTESIAN_POINT ( 'NONE',  ( 20.04999999999996518, -45.99999999999998579, 0.000000000000000000 ) ) ;
#5845 = FACE_OUTER_BOUND ( 'NONE', #5104, .T. ) ;
#5846 = DIRECTION ( 'NONE',  ( -1.000000000000000000, 0.000000000000000000, 0.000000000000000000 ) ) ;
#5847 = EDGE_CURVE ( 'NONE', #4705, #2745, #4744, .T. ) ;
#5848 = CARTESIAN_POINT ( 'NONE',  ( 26.45000000000005613, -46.99999999999999289, 0.000000000000000000 ) ) ;
#5849 = ADVANCED_FACE ( 'NONE', ( #574 ), #3601, .F. ) ;
#5850 = CARTESIAN_POINT ( 'NONE',  ( -46.00000000000001421, 91.00000000000000000, 2.000000000000000000 ) ) ;
#5851 = ORIENTED_EDGE ( 'NONE', *, *, #9462, .T. ) ;
#5852 = ADVANCED_FACE ( 'NONE', ( #8847 ), #9762, .F. ) ;
#5853 = ORIENTED_EDGE ( 'NONE', *, *, #5651, .T. ) ;
#5854 = FACE_OUTER_BOUND ( 'NONE', #9472, .T. ) ;
#5855 = ORIENTED_EDGE ( 'NONE', *, *, #749, .T. ) ;
#5856 = CARTESIAN_POINT ( 'NONE',  ( -46.00000000000001421, 91.00000000000000000, 2.000000000000000000 ) ) ;
#5857 = ORIENTED_EDGE ( 'NONE', *, *, #2520, .T. ) ;
#5858 = CARTESIAN_POINT ( 'NONE',  ( -31.19999999999999929, 69.00000000000000000, 0.000000000000000000 ) ) ;
#5859 = ADVANCED_FACE ( 'NONE', ( #8895 ), #8091, .F. ) ;
#5860 = AXIS2_PLACEMENT_3D ( 'NONE', #1948, #5048, #5001 ) ;
#5861 = DIRECTION ( 'NONE',  ( -1.000000000000000000, 0.000000000000000000, 0.000000000000000000 ) ) ;
#5862 = ORIENTED_EDGE ( 'NONE', *, *, #5047, .T. ) ;
#5863 = DIRECTION ( 'NONE',  ( -1.000000000000000000, 0.000000000000000000, 0.000000000000000000 ) ) ;
#5864 = EDGE_CURVE ( 'NONE', #5391, #4618, #7132, .T. ) ;
#5865 = ORIENTED_EDGE ( 'NONE', *, *, #8671, .F. ) ;
#5866 = CARTESIAN_POINT ( 'NONE',  ( -40.45000000000002416, 70.00000000000000000, 0.000000000000000000 ) ) ;
#5867 = LINE ( 'NONE', #8921, #5432 ) ;
#5868 = ORIENTED_EDGE ( 'NONE', *, *, #1555, .T. ) ;
#5869 = AXIS2_PLACEMENT_3D ( 'NONE', #7822, #1770, #6326 ) ;
#5870 = DIRECTION ( 'NONE',  ( -0.000000000000000000, -0.000000000000000000, 1.000000000000000000 ) ) ;
#5871 = CARTESIAN_POINT ( 'NONE',  ( 28.00000000000005329, -77.00000000000002842, 2.000000000000000000 ) ) ;
#5872 = ORIENTED_EDGE ( 'NONE', *, *, #6327, .T. ) ;
#5873 = DIRECTION ( 'NONE',  ( 0.000000000000000000, 0.000000000000000000, 1.000000000000000000 ) ) ;
#5874 = VECTOR ( 'NONE', #6907, 1000.000000000000000 ) ;
#5875 = AXIS2_PLACEMENT_3D ( 'NONE', #1171, #1938, #6586 ) ;
#5876 = CARTESIAN_POINT ( 'NONE',  ( 35.32000000000000028, 20.36000000000000298, 0.000000000000000000 ) ) ;
#5877 = AXIS2_PLACEMENT_3D ( 'NONE', #4839, #1683, #6247 ) ;
#5878 = DIRECTION ( 'NONE',  ( -0.000000000000000000, -0.000000000000000000, -1.000000000000000000 ) ) ;
#5879 = AXIS2_PLACEMENT_3D ( 'NONE', #6732, #4388, #5181 ) ;
#5880 = CARTESIAN_POINT ( 'NONE',  ( -9.550000000000000711, 18.00000000000000000, 0.000000000000000000 ) ) ;
#5881 = CARTESIAN_POINT ( 'NONE',  ( 18.49999999999996092, -45.99999999999998579, 2.000000000000000000 ) ) ;
#5882 = EDGE_LOOP ( 'NONE', ( #579, #9351 ) ) ;
#5883 = DIRECTION ( 'NONE',  ( 0.000000000000000000, 0.000000000000000000, 1.000000000000000000 ) ) ;
#5884 = VECTOR ( 'NONE', #3764, 1000.000000000000000 ) ;
#5885 = AXIS2_PLACEMENT_3D ( 'NONE', #8770, #6656, #8110 ) ;
#5886 = ADVANCED_FACE ( 'NONE', ( #1183 ), #2038, .F. ) ;
#5887 = ORIENTED_EDGE ( 'NONE', *, *, #256, .T. ) ;
#5888 = CARTESIAN_POINT ( 'NONE',  ( 21.00000000000000000, -21.00000000000000355, 0.000000000000000000 ) ) ;
#5889 = CIRCLE ( 'NONE', #8769, 6.000000000000013323 ) ;
#5890 = DIRECTION ( 'NONE',  ( 1.000000000000000000, 0.000000000000000000, 0.000000000000000000 ) ) ;
#5891 = ORIENTED_EDGE ( 'NONE', *, *, #2922, .F. ) ;
#5892 = VECTOR ( 'NONE', #3744, 1000.000000000000000 ) ;
#5893 = DIRECTION ( 'NONE',  ( 0.000000000000000000, 0.000000000000000000, 1.000000000000000000 ) ) ;
#5894 = VERTEX_POINT ( 'NONE', #2844 ) ;
#5895 = CARTESIAN_POINT ( 'NONE',  ( -43.55000000000001137, 38.20000000000000284, 0.000000000000000000 ) ) ;
#5896 = CARTESIAN_POINT ( 'NONE',  ( -46.00000000000001421, -92.54999999999999716, 2.000000000000000000 ) ) ;
#5897 = DIRECTION ( 'NONE',  ( 1.000000000000000000, 0.000000000000000000, 0.000000000000000000 ) ) ;
#5898 = CIRCLE ( 'NONE', #9749, 1.549999999999988942 ) ;
#5899 = CIRCLE ( 'NONE', #5741, 1.550000000000000933 ) ;
#5900 = AXIS2_PLACEMENT_3D ( 'NONE', #4695, #4841, #3249 ) ;
#5901 = DIRECTION ( 'NONE',  ( -0.000000000000000000, -0.000000000000000000, -1.000000000000000000 ) ) ;
#5902 = EDGE_CURVE ( 'NONE', #5439, #7155, #3477, .T. ) ;
#5903 = EDGE_CURVE ( 'NONE', #8772, #6779, #6595, .T. ) ;
#5904 = DIRECTION ( 'NONE',  ( 0.000000000000000000, 0.000000000000000000, 1.000000000000000000 ) ) ;
#5905 = ORIENTED_EDGE ( 'NONE', *, *, #7658, .F. ) ;
#5906 = VERTEX_POINT ( 'NONE', #1139 ) ;
#5907 = CARTESIAN_POINT ( 'NONE',  ( 7.499999999999996447, -39.50000000000001421, 0.000000000000000000 ) ) ;
#5908 = EDGE_LOOP ( 'NONE', ( #8970, #171 ) ) ;
#5909 = CARTESIAN_POINT ( 'NONE',  ( 56.00000000000004263, 91.00000000000001421, 0.000000000000000000 ) ) ;
#5910 = ORIENTED_EDGE ( 'NONE', *, *, #6386, .T. ) ;
#5911 = PRODUCT_DEFINITION_FORMATION_WITH_SPECIFIED_SOURCE ( 'ÈÎºÎ', '', #794, .NOT_KNOWN. ) ;
#5912 = LINE ( 'NONE', #3662, #51 ) ;
#5913 = EDGE_CURVE ( 'NONE', #5092, #854, #2988, .T. ) ;
#5914 = ADVANCED_FACE ( 'NONE', ( #4204 ), #7244, .F. ) ;
#5915 = FACE_OUTER_BOUND ( 'NONE', #5919, .T. ) ;
#5916 = ORIENTED_EDGE ( 'NONE', *, *, #706, .T. ) ;
#5917 = EDGE_CURVE ( 'NONE', #3275, #6791, #9380, .T. ) ;
#5918 = CARTESIAN_POINT ( 'NONE',  ( -56.00000000000001421, -91.00000000000000000, 0.000000000000000000 ) ) ;
#5919 = EDGE_LOOP ( 'NONE', ( #7319, #6745, #8652, #4889 ) ) ;
#5920 = DIRECTION ( 'NONE',  ( -0.000000000000000000, -0.000000000000000000, 1.000000000000000000 ) ) ;
#5921 = DIRECTION ( 'NONE',  ( 0.000000000000000000, 0.000000000000000000, 1.000000000000000000 ) ) ;
#5922 = CARTESIAN_POINT ( 'NONE',  ( -21.54999999999999005, -29.60000000000000142, 0.000000000000000000 ) ) ;
#5923 = VERTEX_POINT ( 'NONE', #2088 ) ;
#5924 = FACE_OUTER_BOUND ( 'NONE', #7582, .T. ) ;
#5925 = AXIS2_PLACEMENT_3D ( 'NONE', #9861, #8338, #636 ) ;
#5926 = AXIS2_PLACEMENT_3D ( 'NONE', #3581, #464, #6672 ) ;
#5927 = DIRECTION ( 'NONE',  ( 0.000000000000000000, 0.000000000000000000, 1.000000000000000000 ) ) ;
#5928 = DIRECTION ( 'NONE',  ( 0.000000000000000000, 0.000000000000000000, 1.000000000000000000 ) ) ;
#5929 = DIRECTION ( 'NONE',  ( 1.000000000000000000, 0.000000000000000000, 0.000000000000000000 ) ) ;
#5930 = AXIS2_PLACEMENT_3D ( 'NONE', #3214, #5613, #2455 ) ;
#5931 = LINE ( 'NONE', #1313, #1329 ) ;
#5932 = VERTEX_POINT ( 'NONE', #3452 ) ;
#5933 = AXIS2_PLACEMENT_3D ( 'NONE', #7466, #611, #2678 ) ;
#5934 = EDGE_CURVE ( 'NONE', #8084, #783, #9374, .T. ) ;
#5935 = CARTESIAN_POINT ( 'NONE',  ( 43.55000000000008242, -46.00000000000000711, 0.000000000000000000 ) ) ;
#5936 = ORIENTED_EDGE ( 'NONE', *, *, #4192, .F. ) ;
#5937 = DIRECTION ( 'NONE',  ( 0.000000000000000000, 0.000000000000000000, 1.000000000000000000 ) ) ;
#5938 = CARTESIAN_POINT ( 'NONE',  ( -28.00000000000001776, 46.99999999999998579, 0.000000000000000000 ) ) ;
#5939 = VERTEX_POINT ( 'NONE', #3693 ) ;
#5940 = EDGE_CURVE ( 'NONE', #9428, #8957, #6738, .T. ) ;
#5941 = CARTESIAN_POINT ( 'NONE',  ( -52.00000000000002132, 47.00000000000000000, 0.000000000000000000 ) ) ;
#5942 = ORIENTED_EDGE ( 'NONE', *, *, #7501, .T. ) ;
#5943 = DIRECTION ( 'NONE',  ( 0.000000000000000000, 0.000000000000000000, 1.000000000000000000 ) ) ;
#5944 = CARTESIAN_POINT ( 'NONE',  ( 29.00000000000004619, 36.50000000000000000, 0.000000000000000000 ) ) ;
#5945 = DIRECTION ( 'NONE',  ( 1.000000000000000000, 0.000000000000000000, 0.000000000000000000 ) ) ;
#5946 = EDGE_CURVE ( 'NONE', #8606, #3313, #2133, .T. ) ;
#5947 = CARTESIAN_POINT ( 'NONE',  ( 21.00000000000000000, -21.00000000000000355, 0.000000000000000000 ) ) ;
#5948 = CARTESIAN_POINT ( 'NONE',  ( 40.45000000000007390, 38.20000000000000284, 2.000000000000000000 ) ) ;
#5949 = DIRECTION ( 'NONE',  ( 1.000000000000000000, 0.000000000000000000, 0.000000000000000000 ) ) ;
#5950 = VERTEX_POINT ( 'NONE', #9804 ) ;
#5951 = EDGE_LOOP ( 'NONE', ( #668, #5759, #8349, #9340 ) ) ;
#5952 = DIRECTION ( 'NONE',  ( 1.000000000000000000, 0.000000000000000000, 0.000000000000000000 ) ) ;
#5953 = ORIENTED_EDGE ( 'NONE', *, *, #7796, .T. ) ;
#5954 = DIRECTION ( 'NONE',  ( 1.000000000000000000, 0.000000000000000000, 0.000000000000000000 ) ) ;
#5955 = ORIENTED_EDGE ( 'NONE', *, *, #9342, .T. ) ;
#5956 = VECTOR ( 'NONE', #2926, 1000.000000000000000 ) ;
#5957 = DIRECTION ( 'NONE',  ( -0.000000000000000000, -0.000000000000000000, 1.000000000000000000 ) ) ;
#5958 = DIRECTION ( 'NONE',  ( -1.000000000000000000, 0.000000000000000000, 0.000000000000000000 ) ) ;
#5959 = EDGE_CURVE ( 'NONE', #6940, #4857, #5188, .T. ) ;
#5960 = ORIENTED_EDGE ( 'NONE', *, *, #8475, .T. ) ;
#5961 = EDGE_CURVE ( 'NONE', #2808, #9500, #9548, .T. ) ;
#5962 = DIRECTION ( 'NONE',  ( 0.9486832980505137680, 0.3162277660168381632, 0.000000000000000000 ) ) ;
#5963 = ORIENTED_EDGE ( 'NONE', *, *, #4802, .F. ) ;
#5964 = CARTESIAN_POINT ( 'NONE',  ( -57.55000000000003268, 70.00000000000000000, 2.000000000000000000 ) ) ;
#5965 = CYLINDRICAL_SURFACE ( 'NONE', #209, 1.550000000000002709 ) ;
#5966 = EDGE_LOOP ( 'NONE', ( #6330, #6158 ) ) ;
#5967 = ADVANCED_FACE ( 'NONE', ( #3534 ), #3678, .F. ) ;
#5968 = CARTESIAN_POINT ( 'NONE',  ( 27.45000000000003482, -85.49999999999998579, 0.000000000000000000 ) ) ;
#5969 = ORIENTED_EDGE ( 'NONE', *, *, #5201, .T. ) ;
#5970 = CARTESIAN_POINT ( 'NONE',  ( -44.00000000000000711, -7.500000000000000888, 0.000000000000000000 ) ) ;
#5971 = DIRECTION ( 'NONE',  ( -1.000000000000000000, 0.000000000000000000, 0.000000000000000000 ) ) ;
#5972 = EDGE_CURVE ( 'NONE', #9466, #5405, #1309, .T. ) ;
#5973 = DIRECTION ( 'NONE',  ( -0.000000000000000000, -0.000000000000000000, 1.000000000000000000 ) ) ;
#5974 = ADVANCED_FACE ( 'NONE', ( #4334 ), #1210, .F. ) ;
#5975 = ORIENTED_EDGE ( 'NONE', *, *, #1185, .T. ) ;
#5976 = VERTEX_POINT ( 'NONE', #8127 ) ;
#5977 = DIRECTION ( 'NONE',  ( -0.000000000000000000, -0.000000000000000000, -1.000000000000000000 ) ) ;
#5978 = ORIENTED_EDGE ( 'NONE', *, *, #5544, .T. ) ;
#5979 = DIRECTION ( 'NONE',  ( -0.000000000000000000, -0.000000000000000000, -1.000000000000000000 ) ) ;
#5980 = VECTOR ( 'NONE', #5957, 1000.000000000000000 ) ;
#5981 = AXIS2_PLACEMENT_3D ( 'NONE', #5371, #5475, #6324 ) ;
#5982 = CIRCLE ( 'NONE', #3197, 1.549999999999999378 ) ;
#5983 = ORIENTED_EDGE ( 'NONE', *, *, #132, .T. ) ;
#5984 = CARTESIAN_POINT ( 'NONE',  ( 57.55000000000003268, -70.00000000000002842, 0.000000000000000000 ) ) ;
#5985 = CIRCLE ( 'NONE', #5994, 1.549999999999982059 ) ;
#5986 = CARTESIAN_POINT ( 'NONE',  ( -19.90398448916085528, 22.09601551083915183, 0.000000000000000000 ) ) ;
#5987 = ORIENTED_EDGE ( 'NONE', *, *, #9391, .T. ) ;
#5988 = EDGE_CURVE ( 'NONE', #854, #5092, #7447, .T. ) ;
#5989 = DIRECTION ( 'NONE',  ( 0.7071067811865466846, 0.7071067811865483499, 0.000000000000000000 ) ) ;
#5990 = ORIENTED_EDGE ( 'NONE', *, *, #5607, .T. ) ;
#5991 = CARTESIAN_POINT ( 'NONE',  ( -42.00000000000002842, 54.00000000000000711, 2.000000000000000000 ) ) ;
#5992 = CARTESIAN_POINT ( 'NONE',  ( 19.90398448916085528, -22.09601551083915183, 2.000000000000000000 ) ) ;
#5993 = DIRECTION ( 'NONE',  ( 1.000000000000000000, 0.000000000000000000, 0.000000000000000000 ) ) ;
#5994 = AXIS2_PLACEMENT_3D ( 'NONE', #9612, #2748, #3600 ) ;
#5995 = DIRECTION ( 'NONE',  ( -0.000000000000000000, -0.000000000000000000, -1.000000000000000000 ) ) ;
#5996 = PLANE ( 'NONE',  #5576 ) ;
#5997 = DIRECTION ( 'NONE',  ( 0.000000000000000000, 0.000000000000000000, 1.000000000000000000 ) ) ;
#5998 = ORIENTED_EDGE ( 'NONE', *, *, #3222, .T. ) ;
#5999 = AXIS2_PLACEMENT_3D ( 'NONE', #3992, #919, #4687 ) ;
#6000 = VERTEX_POINT ( 'NONE', #9024 ) ;
#6001 = LINE ( 'NONE', #2189, #6850 ) ;
#6002 = ORIENTED_EDGE ( 'NONE', *, *, #6270, .T. ) ;
#6003 = CARTESIAN_POINT ( 'NONE',  ( -6.449999999999999289, 43.00000000000000000, 0.000000000000000000 ) ) ;
#6004 = EDGE_LOOP ( 'NONE', ( #5193, #7756, #8413, #3742 ) ) ;
#6005 = DIRECTION ( 'NONE',  ( -0.000000000000000000, -0.000000000000000000, 1.000000000000000000 ) ) ;
#6006 = DIRECTION ( 'NONE',  ( -1.000000000000000000, 0.000000000000000000, 0.000000000000000000 ) ) ;
#6007 = ORIENTED_EDGE ( 'NONE', *, *, #8912, .T. ) ;
#6008 = DIRECTION ( 'NONE',  ( -3.469446951953612217E-16, 1.000000000000000000, 0.000000000000000000 ) ) ;
#6009 = ORIENTED_EDGE ( 'NONE', *, *, #3335, .T. ) ;
#6010 = FACE_BOUND ( 'NONE', #2033, .T. ) ;
#6011 = CARTESIAN_POINT ( 'NONE',  ( -1.550000000000007372, 37.00000000000000000, 0.000000000000000000 ) ) ;
#6012 = ORIENTED_EDGE ( 'NONE', *, *, #8442, .T. ) ;
#6013 = FACE_OUTER_BOUND ( 'NONE', #6180, .T. ) ;
#6014 = ORIENTED_EDGE ( 'NONE', *, *, #7935, .T. ) ;
#6015 = CARTESIAN_POINT ( 'NONE',  ( 64.00000000000004263, 91.00000000000001421, 2.000000000000000000 ) ) ;
#6016 = CIRCLE ( 'NONE', #7147, 1.550000000000002709 ) ;
#6017 = AXIS2_PLACEMENT_3D ( 'NONE', #8726, #4834, #7127 ) ;
#6018 = CARTESIAN_POINT ( 'NONE',  ( 7.632783294297951215E-14, 85.50000000000001421, 0.000000000000000000 ) ) ;
#6019 = CARTESIAN_POINT ( 'NONE',  ( 56.45000000000000284, -11.99999999999999645, 0.000000000000000000 ) ) ;
#6020 = EDGE_CURVE ( 'NONE', #7518, #1629, #3785, .T. ) ;
#6021 = VECTOR ( 'NONE', #554, 1000.000000000000000 ) ;
#6022 = FACE_OUTER_BOUND ( 'NONE', #3828, .T. ) ;
#6023 = VERTEX_POINT ( 'NONE', #5826 ) ;
#6024 = CYLINDRICAL_SURFACE ( 'NONE', #8059, 1.550000000000002709 ) ;
#6025 = ORIENTED_EDGE ( 'NONE', *, *, #3465, .T. ) ;
#6026 = CARTESIAN_POINT ( 'NONE',  ( 29.64999999999999858, 69.00000000000000000, 0.000000000000000000 ) ) ;
#6027 = EDGE_CURVE ( 'NONE', #2271, #2709, #2118, .T. ) ;
#6028 = ADVANCED_FACE ( 'NONE', ( #5781 ), #8876, .F. ) ;
#6029 = CIRCLE ( 'NONE', #576, 1.550000000000002709 ) ;
#6030 = VERTEX_POINT ( 'NONE', #8215 ) ;
#6031 = EDGE_CURVE ( 'NONE', #2096, #4599, #8729, .T. ) ;
#6032 = FACE_OUTER_BOUND ( 'NONE', #9536, .T. ) ;
#6033 = DIRECTION ( 'NONE',  ( 0.000000000000000000, 0.000000000000000000, 1.000000000000000000 ) ) ;
#6034 = VERTEX_POINT ( 'NONE', #7372 ) ;
#6035 = CIRCLE ( 'NONE', #7947, 1.550000000000002709 ) ;
#6036 = DIRECTION ( 'NONE',  ( -0.7071067811865485719, -0.7071067811865465735, -0.000000000000000000 ) ) ;
#6037 = VERTEX_POINT ( 'NONE', #463 ) ;
#6038 = LINE ( 'NONE', #6830, #1215 ) ;
#6039 = CIRCLE ( 'NONE', #3004, 1.550000000000002709 ) ;
#6040 = CARTESIAN_POINT ( 'NONE',  ( 18.50000000000000000, 43.00000000000000000, 2.000000000000000000 ) ) ;
#6041 = AXIS2_PLACEMENT_3D ( 'NONE', #3546, #5640, #6588 ) ;
#6042 = AXIS2_PLACEMENT_3D ( 'NONE', #8560, #3818, #1705 ) ;
#6043 = VECTOR ( 'NONE', #4721, 1000.000000000000000 ) ;
#6044 = EDGE_CURVE ( 'NONE', #6806, #791, #411, .T. ) ;
#6045 = CARTESIAN_POINT ( 'NONE',  ( -42.00000000000002842, 54.00000000000000711, 2.000000000000000000 ) ) ;
#6046 = AXIS2_PLACEMENT_3D ( 'NONE', #3422, #6468, #5468 ) ;
#6047 = CARTESIAN_POINT ( 'NONE',  ( 8.903984489160851723, -11.09601551083915005, 0.000000000000000000 ) ) ;
#6048 = CIRCLE ( 'NONE', #1556, 1.549999999999982059 ) ;
#6049 = AXIS2_PLACEMENT_3D ( 'NONE', #1199, #7399, #9725 ) ;
#6050 = DIRECTION ( 'NONE',  ( 0.000000000000000000, 0.000000000000000000, 1.000000000000000000 ) ) ;
#6051 = ORIENTED_EDGE ( 'NONE', *, *, #8707, .F. ) ;
#6052 = ORIENTED_EDGE ( 'NONE', *, *, #4738, .F. ) ;
#6053 = CARTESIAN_POINT ( 'NONE',  ( 56.00000000000008527, 1.371604415045036973E-14, 2.000000000000000000 ) ) ;
#6054 = ORIENTED_EDGE ( 'NONE', *, *, #7061, .T. ) ;
#6055 = CARTESIAN_POINT ( 'NONE',  ( -27.44999999999995310, 36.50000000000003553, 0.000000000000000000 ) ) ;
#6056 = DIRECTION ( 'NONE',  ( -0.000000000000000000, -0.000000000000000000, 1.000000000000000000 ) ) ;
#6057 = FACE_OUTER_BOUND ( 'NONE', #7697, .T. ) ;
#6058 = CIRCLE ( 'NONE', #3815, 1.550000000000002709 ) ;
#6059 = EDGE_CURVE ( 'NONE', #5508, #9036, #6670, .T. ) ;
#6060 = AXIS2_PLACEMENT_3D ( 'NONE', #378, #3449, #4934 ) ;
#6061 = VECTOR ( 'NONE', #5598, 1000.000000000000000 ) ;
#6062 = CARTESIAN_POINT ( 'NONE',  ( 15.00000000000000711, 53.00000000000000000, 0.000000000000000000 ) ) ;
#6063 = ORIENTED_EDGE ( 'NONE', *, *, #9094, .F. ) ;
#6064 = DIRECTION ( 'NONE',  ( 1.000000000000000000, 0.000000000000000000, 0.000000000000000000 ) ) ;
#6065 = PRESENTATION_LAYER_ASSIGNMENT (  '', '', ( #6854 ) ) ;
#6066 = VERTEX_POINT ( 'NONE', #3580 ) ;
#6067 = FACE_BOUND ( 'NONE', #1964, .T. ) ;
#6068 = CARTESIAN_POINT ( 'NONE',  ( -50.45000000000002416, 77.00000000000001421, 2.000000000000000000 ) ) ;
#6069 = CARTESIAN_POINT ( 'NONE',  ( -56.00000000000004263, 54.00000000000000711, 2.000000000000000000 ) ) ;
#6070 = EDGE_LOOP ( 'NONE', ( #372, #6503 ) ) ;
#6071 = CYLINDRICAL_SURFACE ( 'NONE', #1878, 1.550000000000002709 ) ;
#6072 = EDGE_CURVE ( 'NONE', #1587, #9301, #9689, .T. ) ;
#6073 = DIRECTION ( 'NONE',  ( -0.000000000000000000, -0.000000000000000000, 1.000000000000000000 ) ) ;
#6074 = DIRECTION ( 'NONE',  ( 0.000000000000000000, 0.000000000000000000, 1.000000000000000000 ) ) ;
#6075 = CARTESIAN_POINT ( 'NONE',  ( 58.00000000000000000, -11.99999999999999645, 0.000000000000000000 ) ) ;
#6076 = VERTEX_POINT ( 'NONE', #2820 ) ;
#6077 = CARTESIAN_POINT ( 'NONE',  ( 12.54999999999998117, -76.00000000000002842, 0.000000000000000000 ) ) ;
#6078 = ORIENTED_EDGE ( 'NONE', *, *, #5618, .T. ) ;
#6079 = CARTESIAN_POINT ( 'NONE',  ( 58.00000000000000000, -11.99999999999999645, 0.000000000000000000 ) ) ;
#6080 = ADVANCED_FACE ( 'NONE', ( #3624 ), #8932, .F. ) ;
#6081 = VERTEX_POINT ( 'NONE', #8025 ) ;
#6082 = DIRECTION ( 'NONE',  ( -0.000000000000000000, -0.000000000000000000, 1.000000000000000000 ) ) ;
#6083 = ADVANCED_FACE ( 'NONE', ( #1353 ), #7463, .F. ) ;
#6084 = AXIS2_PLACEMENT_3D ( 'NONE', #487, #3562, #5763 ) ;
#6085 = ADVANCED_FACE ( 'NONE', ( #3483 ), #9597, .F. ) ;
#6086 = CIRCLE ( 'NONE', #5926, 1.549999999999999378 ) ;
#6087 = DIRECTION ( 'NONE',  ( -0.000000000000000000, -0.000000000000000000, 1.000000000000000000 ) ) ;
#6088 = ORIENTED_EDGE ( 'NONE', *, *, #1465, .T. ) ;
#6089 = DIRECTION ( 'NONE',  ( -0.7071067811865483499, 0.7071067811865466846, 0.000000000000000000 ) ) ;
#6090 = VERTEX_POINT ( 'NONE', #8313 ) ;
#6091 = CARTESIAN_POINT ( 'NONE',  ( -27.45000000000000639, 24.50000000000000000, 0.000000000000000000 ) ) ;
#6092 = CARTESIAN_POINT ( 'NONE',  ( -11.09601551083914117, 8.903984489160842841, 2.000000000000000000 ) ) ;
#6093 = EDGE_CURVE ( 'NONE', #4260, #23, #89, .T. ) ;
#6094 = VECTOR ( 'NONE', #7595, 1000.000000000000000 ) ;
#6095 = CARTESIAN_POINT ( 'NONE',  ( -16.54999999999999005, 77.00000000000000000, 0.000000000000000000 ) ) ;
#6096 = AXIS2_PLACEMENT_3D ( 'NONE', #9656, #8087, #2746 ) ;
#6097 = DIRECTION ( 'NONE',  ( -0.000000000000000000, -0.000000000000000000, -1.000000000000000000 ) ) ;
#6098 = EDGE_CURVE ( 'NONE', #5391, #4664, #9070, .T. ) ;
#6099 = CYLINDRICAL_SURFACE ( 'NONE', #6193, 1.550000000000002709 ) ;
#6100 = ORIENTED_EDGE ( 'NONE', *, *, #5988, .F. ) ;
#6101 = ADVANCED_FACE ( 'NONE', ( #5216 ), #3175, .F. ) ;
#6102 = VERTEX_POINT ( 'NONE', #5315 ) ;
#6103 = FACE_OUTER_BOUND ( 'NONE', #4951, .T. ) ;
#6104 = ORIENTED_EDGE ( 'NONE', *, *, #8865, .F. ) ;
#6105 = DIRECTION ( 'NONE',  ( -0.000000000000000000, -0.000000000000000000, -1.000000000000000000 ) ) ;
#6106 = CYLINDRICAL_SURFACE ( 'NONE', #5515, 1.550000000000002709 ) ;
#6107 = DIRECTION ( 'NONE',  ( 1.000000000000000000, 0.000000000000000000, 0.000000000000000000 ) ) ;
#6108 = DIRECTION ( 'NONE',  ( -0.000000000000000000, -0.000000000000000000, -1.000000000000000000 ) ) ;
#6109 = ORIENTED_EDGE ( 'NONE', *, *, #8390, .T. ) ;
#6110 = DIRECTION ( 'NONE',  ( -1.000000000000000000, 0.000000000000000000, 0.000000000000000000 ) ) ;
#6111 = ORIENTED_EDGE ( 'NONE', *, *, #2342, .T. ) ;
#6112 = CYLINDRICAL_SURFACE ( 'NONE', #5089, 1.550000000000002709 ) ;
#6113 = DIRECTION ( 'NONE',  ( 1.000000000000000000, 0.000000000000000000, 0.000000000000000000 ) ) ;
#6114 = ORIENTED_EDGE ( 'NONE', *, *, #3656, .T. ) ;
#6115 = DIRECTION ( 'NONE',  ( 0.000000000000000000, 0.000000000000000000, 1.000000000000000000 ) ) ;
#6116 = ORIENTED_EDGE ( 'NONE', *, *, #6044, .T. ) ;
#6117 = LINE ( 'NONE', #3814, #8917 ) ;
#6118 = EDGE_CURVE ( 'NONE', #1952, #2163, #3304, .T. ) ;
#6119 = CARTESIAN_POINT ( 'NONE',  ( 43.55000000000008242, -46.00000000000000711, 2.000000000000000000 ) ) ;
#6120 = DIRECTION ( 'NONE',  ( -0.000000000000000000, -0.000000000000000000, -1.000000000000000000 ) ) ;
#6121 = CARTESIAN_POINT ( 'NONE',  ( -46.00000000000001421, 91.00000000000000000, 0.000000000000000000 ) ) ;
#6122 = EDGE_LOOP ( 'NONE', ( #617, #1636, #7620, #7160 ) ) ;
#6123 = ORIENTED_EDGE ( 'NONE', *, *, #5219, .T. ) ;
#6124 = LINE ( 'NONE', #7712, #2136 ) ;
#6125 = ORIENTED_EDGE ( 'NONE', *, *, #4318, .T. ) ;
#6126 = DIRECTION ( 'NONE',  ( -0.000000000000000000, -0.000000000000000000, 1.000000000000000000 ) ) ;
#6127 = VERTEX_POINT ( 'NONE', #3024 ) ;
#6128 = FACE_BOUND ( 'NONE', #7838, .T. ) ;
#6129 = DIRECTION ( 'NONE',  ( 1.000000000000000000, 0.000000000000000000, 0.000000000000000000 ) ) ;
#6130 = ORIENTED_EDGE ( 'NONE', *, *, #7823, .T. ) ;
#6131 = CARTESIAN_POINT ( 'NONE',  ( -22.09601551083916249, -19.90398448916083041, 0.000000000000000000 ) ) ;
#6132 = ORIENTED_EDGE ( 'NONE', *, *, #1593, .T. ) ;
#6133 = CARTESIAN_POINT ( 'NONE',  ( 27.45000000000000639, -24.50000000000000000, 2.000000000000000000 ) ) ;
#6134 = FACE_OUTER_BOUND ( 'NONE', #4859, .T. ) ;
#6135 = EDGE_CURVE ( 'NONE', #1592, #3570, #4576, .T. ) ;
#6136 = VECTOR ( 'NONE', #2975, 1000.000000000000000 ) ;
#6137 = AXIS2_PLACEMENT_3D ( 'NONE', #298, #9367, #4016 ) ;
#6138 = DIRECTION ( 'NONE',  ( -0.000000000000000000, -0.000000000000000000, 1.000000000000000000 ) ) ;
#6139 = CARTESIAN_POINT ( 'NONE',  ( -46.00000000000001421, -92.54999999999999716, 2.000000000000000000 ) ) ;
#6140 = AXIS2_PLACEMENT_3D ( 'NONE', #5871, #5300, #1530 ) ;
#6141 = DIRECTION ( 'NONE',  ( 1.000000000000000000, 0.000000000000000000, 0.000000000000000000 ) ) ;
#6142 = VERTEX_POINT ( 'NONE', #3913 ) ;
#6143 = EDGE_LOOP ( 'NONE', ( #5490, #5868, #7527, #7596, #9870 ) ) ;
#6144 = CARTESIAN_POINT ( 'NONE',  ( 21.00000000000000000, 21.00000000000000355, 2.000000000000000000 ) ) ;
#6145 = EDGE_LOOP ( 'NONE', ( #5910, #8767, #8054, #692 ) ) ;
#6146 = DIRECTION ( 'NONE',  ( 1.000000000000000000, 0.000000000000000000, 0.000000000000000000 ) ) ;
#6147 = CARTESIAN_POINT ( 'NONE',  ( -43.55000000000001847, -70.00000000000002842, 2.000000000000000000 ) ) ;
#6148 = AXIS2_PLACEMENT_3D ( 'NONE', #9407, #4002, #3206 ) ;
#6149 = CARTESIAN_POINT ( 'NONE',  ( 15.00000000000000355, 77.00000000000000000, 0.000000000000000000 ) ) ;
#6150 = EDGE_CURVE ( 'NONE', #7297, #9243, #891, .T. ) ;
#6151 = ADVANCED_FACE ( 'NONE', ( #6225 ), #9275, .F. ) ;
#6152 = CARTESIAN_POINT ( 'NONE',  ( -42.00000000000000000, -38.20000000000003126, 2.000000000000000000 ) ) ;
#6153 = ORIENTED_EDGE ( 'NONE', *, *, #1355, .F. ) ;
#6154 = AXIS2_PLACEMENT_3D ( 'NONE', #624, #3836, #6832 ) ;
#6155 = EDGE_CURVE ( 'NONE', #7428, #8704, #7606, .T. ) ;
#6156 = CARTESIAN_POINT ( 'NONE',  ( -40.45000000000001705, -54.00000000000003553, 2.000000000000000000 ) ) ;
#6157 = ADVANCED_FACE ( 'NONE', ( #1457 ), #2971, .F. ) ;
#6158 = ORIENTED_EDGE ( 'NONE', *, *, #2026, .F. ) ;
#6159 = CYLINDRICAL_SURFACE ( 'NONE', #9410, 1.549999999999995604 ) ;
#6160 = CARTESIAN_POINT ( 'NONE',  ( 11.00000000000000000, -51.00000000000000711, 0.000000000000000000 ) ) ;
#6161 = ORIENTED_EDGE ( 'NONE', *, *, #2056, .F. ) ;
#6162 = DIRECTION ( 'NONE',  ( -0.000000000000000000, -0.000000000000000000, 1.000000000000000000 ) ) ;
#6163 = ORIENTED_EDGE ( 'NONE', *, *, #592, .T. ) ;
#6164 = DIRECTION ( 'NONE',  ( 1.000000000000000000, 1.284980352575411959E-16, 0.000000000000000000 ) ) ;
#6165 = EDGE_CURVE ( 'NONE', #349, #9310, #6863, .T. ) ;
#6166 = CARTESIAN_POINT ( 'NONE',  ( -50.45000000000002416, -77.00000000000001421, 2.000000000000000000 ) ) ;
#6167 = CARTESIAN_POINT ( 'NONE',  ( 29.55000000000005045, 77.00000000000002842, 2.000000000000000000 ) ) ;
#6168 = ORIENTED_EDGE ( 'NONE', *, *, #6402, .F. ) ;
#6169 = DIRECTION ( 'NONE',  ( -0.000000000000000000, -0.000000000000000000, -1.000000000000000000 ) ) ;
#6170 = EDGE_LOOP ( 'NONE', ( #9298, #5063 ) ) ;
#6171 = ORIENTED_EDGE ( 'NONE', *, *, #8159, .T. ) ;
#6172 = AXIS2_PLACEMENT_3D ( 'NONE', #6403, #9308, #3301 ) ;
#6173 = DIRECTION ( 'NONE',  ( -0.000000000000000000, -0.000000000000000000, 1.000000000000000000 ) ) ;
#6174 = ORIENTED_EDGE ( 'NONE', *, *, #4184, .F. ) ;
#6175 = DIRECTION ( 'NONE',  ( -0.000000000000000000, -0.000000000000000000, -1.000000000000000000 ) ) ;
#6176 = VECTOR ( 'NONE', #7483, 1000.000000000000000 ) ;
#6177 = EDGE_LOOP ( 'NONE', ( #6161, #3939, #3984, #8905 ) ) ;
#6178 = FACE_BOUND ( 'NONE', #3412, .T. ) ;
#6179 = PLANE ( 'NONE',  #2045 ) ;
#6180 = EDGE_LOOP ( 'NONE', ( #6490, #1622, #7263, #9253 ) ) ;
#6181 = LINE ( 'NONE', #7030, #4850 ) ;
#6182 = VERTEX_POINT ( 'NONE', #9168 ) ;
#6183 = DIRECTION ( 'NONE',  ( 0.000000000000000000, -0.000000000000000000, -1.000000000000000000 ) ) ;
#6184 = VERTEX_POINT ( 'NONE', #795 ) ;
#6185 = AXIS2_PLACEMENT_3D ( 'NONE', #2372, #6279, #5525 ) ;
#6186 = CARTESIAN_POINT ( 'NONE',  ( 20.05000000000000071, 43.00000000000000000, 0.000000000000000000 ) ) ;
#6187 = ORIENTED_EDGE ( 'NONE', *, *, #2539, .F. ) ;
#6188 = DIRECTION ( 'NONE',  ( 1.000000000000000000, 0.000000000000000000, 0.000000000000000000 ) ) ;
#6189 = VECTOR ( 'NONE', #3719, 1000.000000000000000 ) ;
#6190 = DIRECTION ( 'NONE',  ( 0.000000000000000000, 0.000000000000000000, 1.000000000000000000 ) ) ;
#6191 = CIRCLE ( 'NONE', #5875, 1.549999999999988942 ) ;
#6192 = VECTOR ( 'NONE', #2848, 1000.000000000000000 ) ;
#6193 = AXIS2_PLACEMENT_3D ( 'NONE', #719, #7633, #8333 ) ;
#6194 = CARTESIAN_POINT ( 'NONE',  ( 30.54999999999999716, -24.50000000000000000, 0.000000000000000000 ) ) ;
#6195 = ORIENTED_EDGE ( 'NONE', *, *, #4144, .F. ) ;
#6196 = ORIENTED_EDGE ( 'NONE', *, *, #3476, .T. ) ;
#6197 = CARTESIAN_POINT ( 'NONE',  ( -3.081487911019577365E-30, 75.70000000000000284, 2.000000000000000000 ) ) ;
#6198 = CIRCLE ( 'NONE', #2199, 1.550000000000002709 ) ;
#6199 = ORIENTED_EDGE ( 'NONE', *, *, #3074, .T. ) ;
#6200 = DIRECTION ( 'NONE',  ( -1.000000000000000000, 0.000000000000000000, 0.000000000000000000 ) ) ;
#6201 = DIRECTION ( 'NONE',  ( 1.000000000000000000, 0.000000000000000000, 0.000000000000000000 ) ) ;
#6202 = DIRECTION ( 'NONE',  ( 0.7808688094430297211, -0.6246950475544250647, 0.000000000000000000 ) ) ;
#6203 = VECTOR ( 'NONE', #8512, 1000.000000000000000 ) ;
#6204 = VECTOR ( 'NONE', #7513, 1000.000000000000000 ) ;
#6205 = ADVANCED_FACE ( 'NONE', ( #7657 ), #42, .F. ) ;
#6206 = VECTOR ( 'NONE', #6702, 1000.000000000000000 ) ;
#6207 = EDGE_CURVE ( 'NONE', #4573, #9044, #6530, .T. ) ;
#6208 = AXIS2_PLACEMENT_3D ( 'NONE', #2992, #2280, #2236 ) ;
#6209 = DIRECTION ( 'NONE',  ( -0.7071067811865483499, 0.7071067811865466846, -0.000000000000000000 ) ) ;
#6210 = ORIENTED_EDGE ( 'NONE', *, *, #2804, .T. ) ;
#6211 = DIRECTION ( 'NONE',  ( 1.000000000000000000, 0.000000000000000000, 0.000000000000000000 ) ) ;
#6212 = ORIENTED_EDGE ( 'NONE', *, *, #4184, .T. ) ;
#6213 = DIRECTION ( 'NONE',  ( -1.000000000000000000, 0.000000000000000000, 0.000000000000000000 ) ) ;
#6214 = EDGE_CURVE ( 'NONE', #2258, #5894, #8429, .T. ) ;
#6215 = CARTESIAN_POINT ( 'NONE',  ( 46.00000000000004263, 92.55000000000001137, 2.000000000000000000 ) ) ;
#6216 = VERTEX_POINT ( 'NONE', #6167 ) ;
#6217 = AXIS2_PLACEMENT_3D ( 'NONE', #7922, #8573, #8721 ) ;
#6218 = AXIS2_PLACEMENT_3D ( 'NONE', #2084, #3549, #1943 ) ;
#6219 = CARTESIAN_POINT ( 'NONE',  ( -44.00000000000000711, -7.500000000000000888, 2.000000000000000000 ) ) ;
#6220 = ORIENTED_EDGE ( 'NONE', *, *, #3474, .T. ) ;
#6221 = DIRECTION ( 'NONE',  ( 0.000000000000000000, 0.000000000000000000, 1.000000000000000000 ) ) ;
#6222 = EDGE_CURVE ( 'NONE', #9692, #7739, #4127, .T. ) ;
#6223 = VECTOR ( 'NONE', #6492, 1000.000000000000000 ) ;
#6224 = CARTESIAN_POINT ( 'NONE',  ( 11.00000000000000000, -51.00000000000000711, 0.000000000000000000 ) ) ;
#6225 = FACE_OUTER_BOUND ( 'NONE', #4140, .T. ) ;
#6226 = EDGE_LOOP ( 'NONE', ( #1319, #1436, #7522, #4682 ) ) ;
#6227 = DIRECTION ( 'NONE',  ( -0.000000000000000000, -0.000000000000000000, -1.000000000000000000 ) ) ;
#6228 = ORIENTED_EDGE ( 'NONE', *, *, #254, .F. ) ;
#6229 = VERTEX_POINT ( 'NONE', #2363 ) ;
#6230 = DIRECTION ( 'NONE',  ( -0.000000000000000000, -0.000000000000000000, 1.000000000000000000 ) ) ;
#6231 = EDGE_LOOP ( 'NONE', ( #2365, #5683 ) ) ;
#6232 = CARTESIAN_POINT ( 'NONE',  ( -46.00000000000001421, -89.45000000000003126, 0.000000000000000000 ) ) ;
#6233 = CIRCLE ( 'NONE', #4474, 1.550000000000002709 ) ;
#6234 = ORIENTED_EDGE ( 'NONE', *, *, #6031, .F. ) ;
#6235 = FACE_BOUND ( 'NONE', #5141, .T. ) ;
#6236 = EDGE_LOOP ( 'NONE', ( #4434, #1051, #4906, #4082 ) ) ;
#6237 = DIRECTION ( 'NONE',  ( 0.000000000000000000, 0.000000000000000000, 1.000000000000000000 ) ) ;
#6238 = EDGE_LOOP ( 'NONE', ( #5341, #2076, #1203, #473 ) ) ;
#6239 = LINE ( 'NONE', #6974, #885 ) ;
#6240 = ORIENTED_EDGE ( 'NONE', *, *, #8397, .F. ) ;
#6241 = DIRECTION ( 'NONE',  ( -0.000000000000000000, 1.000000000000000000, -0.000000000000000000 ) ) ;
#6242 = ORIENTED_EDGE ( 'NONE', *, *, #3312, .F. ) ;
#6243 = VECTOR ( 'NONE', #6146, 1000.000000000000000 ) ;
#6244 = DIRECTION ( 'NONE',  ( 0.000000000000000000, 0.000000000000000000, 1.000000000000000000 ) ) ;
#6245 = AXIS2_PLACEMENT_3D ( 'NONE', #4665, #740, #5267 ) ;
#6246 = EDGE_CURVE ( 'NONE', #2976, #8564, #3329, .T. ) ;
#6247 = DIRECTION ( 'NONE',  ( -1.000000000000000000, 0.000000000000000000, 0.000000000000000000 ) ) ;
#6248 = ORIENTED_EDGE ( 'NONE', *, *, #4318, .F. ) ;
#6249 = EDGE_LOOP ( 'NONE', ( #3905, #9809, #3589, #344 ) ) ;
#6250 = DIRECTION ( 'NONE',  ( 0.000000000000000000, 0.000000000000000000, 1.000000000000000000 ) ) ;
#6251 = VERTEX_POINT ( 'NONE', #6019 ) ;
#6252 = CARTESIAN_POINT ( 'NONE',  ( -48.99999999999998579, 7.500000000000000888, 0.000000000000000000 ) ) ;
#6253 = VECTOR ( 'NONE', #1646, 1000.000000000000000 ) ;
#6254 = DIRECTION ( 'NONE',  ( 0.000000000000000000, 0.000000000000000000, 1.000000000000000000 ) ) ;
#6255 = DIRECTION ( 'NONE',  ( 1.000000000000000000, 0.000000000000000000, 0.000000000000000000 ) ) ;
#6256 = AXIS2_PLACEMENT_3D ( 'NONE', #6062, #9204, #2955 ) ;
#6257 = EDGE_CURVE ( 'NONE', #360, #6841, #6272, .T. ) ;
#6258 = VECTOR ( 'NONE', #8142, 1000.000000000000000 ) ;
#6259 = CARTESIAN_POINT ( 'NONE',  ( 54.00000000000004263, 99.00000000000001421, 2.000000000000000000 ) ) ;
#6260 = CARTESIAN_POINT ( 'NONE',  ( 1.550000000000002265, 41.99999999999999289, 2.000000000000000000 ) ) ;
#6261 = ORIENTED_EDGE ( 'NONE', *, *, #6897, .T. ) ;
#6262 = DIRECTION ( 'NONE',  ( -0.000000000000000000, -0.000000000000000000, 1.000000000000000000 ) ) ;
#6263 = ORIENTED_EDGE ( 'NONE', *, *, #9605, .T. ) ;
#6264 = FACE_OUTER_BOUND ( 'NONE', #5010, .T. ) ;
#6265 = DIRECTION ( 'NONE',  ( -0.000000000000000000, -0.000000000000000000, -1.000000000000000000 ) ) ;
#6266 = EDGE_LOOP ( 'NONE', ( #9655, #4733, #5610, #6240, #436 ) ) ;
#6267 = CARTESIAN_POINT ( 'NONE',  ( -54.45000000000000995, -54.00000000000003553, 2.000000000000000000 ) ) ;
#6268 = VERTEX_POINT ( 'NONE', #8513 ) ;
#6269 = EDGE_CURVE ( 'NONE', #1799, #138, #4450, .T. ) ;
#6270 = EDGE_CURVE ( 'NONE', #8706, #3725, #2531, .T. ) ;
#6271 = CARTESIAN_POINT ( 'NONE',  ( 46.00000000000004263, 91.00000000000001421, 2.000000000000000000 ) ) ;
#6272 = LINE ( 'NONE', #7111, #3810 ) ;
#6273 = ADVANCED_FACE ( 'NONE', ( #6366 ), #7218, .F. ) ;
#6274 = VERTEX_POINT ( 'NONE', #2512 ) ;
#6275 = DIRECTION ( 'NONE',  ( -0.000000000000000000, -0.000000000000000000, -1.000000000000000000 ) ) ;
#6276 = ORIENTED_EDGE ( 'NONE', *, *, #8645, .T. ) ;
#6277 = LINE ( 'NONE', #9325, #5503 ) ;
#6278 = ORIENTED_EDGE ( 'NONE', *, *, #268, .T. ) ;
#6279 = DIRECTION ( 'NONE',  ( 0.000000000000000000, 0.000000000000000000, 1.000000000000000000 ) ) ;
#6280 = ADVANCED_FACE ( 'NONE', ( #2567 ), #9320, .F. ) ;
#6281 = ADVANCED_FACE ( 'NONE', ( #7964 ), #1706, .F. ) ;
#6282 = EDGE_LOOP ( 'NONE', ( #4402, #3066, #388, #9146 ) ) ;
#6283 = FACE_BOUND ( 'NONE', #3445, .T. ) ;
#6284 = DIRECTION ( 'NONE',  ( 1.000000000000000000, 0.000000000000000000, 0.000000000000000000 ) ) ;
#6285 = ADVANCED_FACE ( 'NONE', ( #7863 ), #4916, .F. ) ;
#6286 = ORIENTED_EDGE ( 'NONE', *, *, #4633, .F. ) ;
#6287 = DIRECTION ( 'NONE',  ( -3.469446951953612217E-16, 1.000000000000000000, 0.000000000000000000 ) ) ;
#6288 = VERTEX_POINT ( 'NONE', #3318 ) ;
#6289 = CARTESIAN_POINT ( 'NONE',  ( 42.00000000000007816, 46.00000000000000711, 2.000000000000000000 ) ) ;
#6290 = VERTEX_POINT ( 'NONE', #2463 ) ;
#6291 = CARTESIAN_POINT ( 'NONE',  ( 30.54999999999999716, -24.50000000000000000, 2.000000000000000000 ) ) ;
#6292 = ORIENTED_EDGE ( 'NONE', *, *, #749, .F. ) ;
#6293 = FACE_OUTER_BOUND ( 'NONE', #2912, .T. ) ;
#6294 = ADVANCED_FACE ( 'NONE', ( #7063 ), #999, .F. ) ;
#6295 = DIRECTION ( 'NONE',  ( -1.000000000000000000, 0.000000000000000000, 0.000000000000000000 ) ) ;
#6296 = VERTEX_POINT ( 'NONE', #9427 ) ;
#6297 = ORIENTED_EDGE ( 'NONE', *, *, #8107, .T. ) ;
#6298 = FACE_OUTER_BOUND ( 'NONE', #8578, .T. ) ;
#6299 = ORIENTED_EDGE ( 'NONE', *, *, #319, .F. ) ;
#6300 = CARTESIAN_POINT ( 'NONE',  ( 28.00000000000005329, 77.00000000000002842, 0.000000000000000000 ) ) ;
#6301 = CIRCLE ( 'NONE', #1007, 1.550000000000009592 ) ;
#6302 = FACE_OUTER_BOUND ( 'NONE', #9868, .T. ) ;
#6303 = CYLINDRICAL_SURFACE ( 'NONE', #7742, 1.549999999999999378 ) ;
#6304 = VECTOR ( 'NONE', #5615, 1000.000000000000000 ) ;
#6305 = LINE ( 'NONE', #7002, #4920 ) ;
#6306 = CYLINDRICAL_SURFACE ( 'NONE', #7979, 1.549999999999995826 ) ;
#6307 = VECTOR ( 'NONE', #6818, 1000.000000000000000 ) ;
#6308 = ORIENTED_EDGE ( 'NONE', *, *, #203, .F. ) ;
#6309 = DIRECTION ( 'NONE',  ( -1.000000000000000000, 0.000000000000000000, 0.000000000000000000 ) ) ;
#6310 = AXIS2_PLACEMENT_3D ( 'NONE', #2551, #1691, #3942 ) ;
#6311 = ORIENTED_EDGE ( 'NONE', *, *, #6257, .F. ) ;
#6312 = FACE_BOUND ( 'NONE', #1190, .T. ) ;
#6313 = DIRECTION ( 'NONE',  ( 0.000000000000000000, -1.000000000000000000, 0.000000000000000000 ) ) ;
#6314 = ORIENTED_EDGE ( 'NONE', *, *, #3094, .F. ) ;
#6315 = DIRECTION ( 'NONE',  ( -1.000000000000000000, 0.000000000000000000, 0.000000000000000000 ) ) ;
#6316 = ORIENTED_EDGE ( 'NONE', *, *, #2553, .T. ) ;
#6317 = AXIS2_PLACEMENT_3D ( 'NONE', #4602, #3149, #6201 ) ;
#6318 = AXIS2_PLACEMENT_3D ( 'NONE', #2181, #4492, #4588 ) ;
#6319 = DIRECTION ( 'NONE',  ( 0.000000000000000000, 0.000000000000000000, 1.000000000000000000 ) ) ;
#6320 = DIRECTION ( 'NONE',  ( -1.000000000000000000, 0.000000000000000000, 0.000000000000000000 ) ) ;
#6321 = ORIENTED_EDGE ( 'NONE', *, *, #1245, .T. ) ;
#6322 = DIRECTION ( 'NONE',  ( -1.000000000000000000, 0.000000000000000000, 0.000000000000000000 ) ) ;
#6323 = ORIENTED_EDGE ( 'NONE', *, *, #2194, .F. ) ;
#6324 = DIRECTION ( 'NONE',  ( 1.000000000000000000, 0.000000000000000000, 0.000000000000000000 ) ) ;
#6325 = EDGE_LOOP ( 'NONE', ( #5005, #9521, #705, #4467 ) ) ;
#6326 = DIRECTION ( 'NONE',  ( 1.000000000000000000, 0.000000000000000000, 0.000000000000000000 ) ) ;
#6327 = EDGE_CURVE ( 'NONE', #1394, #1886, #7798, .T. ) ;
#6328 = FACE_BOUND ( 'NONE', #9609, .T. ) ;
#6329 = DIRECTION ( 'NONE',  ( 0.000000000000000000, 0.000000000000000000, 1.000000000000000000 ) ) ;
#6330 = ORIENTED_EDGE ( 'NONE', *, *, #3888, .F. ) ;
#6331 = DIRECTION ( 'NONE',  ( -0.000000000000000000, -0.000000000000000000, -1.000000000000000000 ) ) ;
#6332 = EDGE_CURVE ( 'NONE', #323, #5658, #3499, .T. ) ;
#6333 = ORIENTED_EDGE ( 'NONE', *, *, #6822, .F. ) ;
#6334 = LINE ( 'NONE', #8375, #2023 ) ;
#6335 = ORIENTED_EDGE ( 'NONE', *, *, #1465, .F. ) ;
#6336 = LINE ( 'NONE', #3242, #4723 ) ;
#6337 = AXIS2_PLACEMENT_3D ( 'NONE', #8978, #4421, #2073 ) ;
#6338 = EDGE_CURVE ( 'NONE', #7771, #9421, #3650, .T. ) ;
#6339 = ORIENTED_EDGE ( 'NONE', *, *, #9, .T. ) ;
#6340 = DIRECTION ( 'NONE',  ( -1.000000000000000000, 0.000000000000000000, 0.000000000000000000 ) ) ;
#6341 = AXIS2_PLACEMENT_3D ( 'NONE', #3135, #5163, #8629 ) ;
#6342 = CYLINDRICAL_SURFACE ( 'NONE', #2356, 1.549999999999995826 ) ;
#6343 = ORIENTED_EDGE ( 'NONE', *, *, #7347, .F. ) ;
#6344 = CIRCLE ( 'NONE', #7776, 1.550000000000002709 ) ;
#6345 = LINE ( 'NONE', #6197, #4307 ) ;
#6346 = ORIENTED_EDGE ( 'NONE', *, *, #3667, .T. ) ;
#6347 = CARTESIAN_POINT ( 'NONE',  ( -27.44999999999998153, -36.50000000000000711, 0.000000000000000000 ) ) ;
#6348 = LINE ( 'NONE', #9406, #5350 ) ;
#6349 = CARTESIAN_POINT ( 'NONE',  ( -23.09999999999998366, -29.60000000000000142, 2.000000000000000000 ) ) ;
#6350 = EDGE_CURVE ( 'NONE', #1974, #677, #9242, .T. ) ;
#6351 = DIRECTION ( 'NONE',  ( -0.000000000000000000, -0.000000000000000000, -1.000000000000000000 ) ) ;
#6352 = SURFACE_SIDE_STYLE ('',( #3407 ) ) ;
#6353 = VERTEX_POINT ( 'NONE', #4770 ) ;
#6354 = CARTESIAN_POINT ( 'NONE',  ( -29.55000000000002203, -46.99999999999998579, 0.000000000000000000 ) ) ;
#6355 = ORIENTED_EDGE ( 'NONE', *, *, #4208, .T. ) ;
#6356 = VERTEX_POINT ( 'NONE', #4115 ) ;
#6357 = FACE_BOUND ( 'NONE', #9254, .T. ) ;
#6358 = CARTESIAN_POINT ( 'NONE',  ( -48.99999999999998579, 7.500000000000000888, 2.000000000000000000 ) ) ;
#6359 = ORIENTED_EDGE ( 'NONE', *, *, #564, .F. ) ;
#6360 = VECTOR ( 'NONE', #2114, 1000.000000000000000 ) ;
#6361 = LINE ( 'NONE', #4713, #6304 ) ;
#6362 = AXIS2_PLACEMENT_3D ( 'NONE', #9754, #2888, #6731 ) ;
#6363 = VERTEX_POINT ( 'NONE', #7168 ) ;
#6364 = AXIS2_PLACEMENT_3D ( 'NONE', #7911, #4268, #4172 ) ;
#6365 = CARTESIAN_POINT ( 'NONE',  ( 39.00000000000001421, 7.500000000000000000, 0.000000000000000000 ) ) ;
#6366 = FACE_OUTER_BOUND ( 'NONE', #8574, .T. ) ;
#6367 = AXIS2_PLACEMENT_3D ( 'NONE', #8810, #6556, #7442 ) ;
#6368 = ORIENTED_EDGE ( 'NONE', *, *, #1888, .F. ) ;
#6369 = DIRECTION ( 'NONE',  ( 1.000000000000000000, 0.000000000000000000, 0.000000000000000000 ) ) ;
#6370 = CARTESIAN_POINT ( 'NONE',  ( -27.44999999999993534, 85.50000000000002842, 2.000000000000000000 ) ) ;
#6371 = CARTESIAN_POINT ( 'NONE',  ( -46.00000000000001421, -92.54999999999999716, 2.000000000000000000 ) ) ;
#6372 = ORIENTED_EDGE ( 'NONE', *, *, #5628, .F. ) ;
#6373 = ADVANCED_FACE ( 'NONE', ( #9475 ), #5667, .F. ) ;
#6374 = CARTESIAN_POINT ( 'NONE',  ( -11.00000000000000000, -77.54999999999999716, 2.000000000000000000 ) ) ;
#6375 = VECTOR ( 'NONE', #1798, 1000.000000000000000 ) ;
#6376 = EDGE_CURVE ( 'NONE', #8606, #6356, #444, .T. ) ;
#6377 =( GEOMETRIC_REPRESENTATION_CONTEXT ( 3 ) GLOBAL_UNCERTAINTY_ASSIGNED_CONTEXT ( ( #1756 ) ) GLOBAL_UNIT_ASSIGNED_CONTEXT ( ( #7050, #3255, #8549 ) ) REPRESENTATION_CONTEXT ( 'NONE', 'WORKASPACE' ) );
#6378 = AXIS2_PLACEMENT_3D ( 'NONE', #9499, #5893, #9608 ) ;
#6379 = CARTESIAN_POINT ( 'NONE',  ( 6.450000000000000178, 43.00000000000000000, 0.000000000000000000 ) ) ;
#6380 = CYLINDRICAL_SURFACE ( 'NONE', #7010, 1.549999999999999378 ) ;
#6381 = ORIENTED_EDGE ( 'NONE', *, *, #3030, .F. ) ;
#6382 = DIRECTION ( 'NONE',  ( 0.000000000000000000, 0.000000000000000000, 1.000000000000000000 ) ) ;
#6383 = ORIENTED_EDGE ( 'NONE', *, *, #1574, .F. ) ;
#6384 = CARTESIAN_POINT ( 'NONE',  ( -13.44999999999999929, 77.00000000000000000, 0.000000000000000000 ) ) ;
#6385 = EDGE_LOOP ( 'NONE', ( #6007, #5512, #3472, #5853 ) ) ;
#6386 = EDGE_CURVE ( 'NONE', #6393, #8248, #3971, .T. ) ;
#6387 = DIRECTION ( 'NONE',  ( -1.000000000000000000, 0.000000000000000000, 0.000000000000000000 ) ) ;
#6388 = EDGE_CURVE ( 'NONE', #8079, #845, #9529, .T. ) ;
#6389 = ORIENTED_EDGE ( 'NONE', *, *, #7539, .F. ) ;
#6390 = ADVANCED_FACE ( 'NONE', ( #1253 ), #4269, .F. ) ;
#6391 = DIRECTION ( 'NONE',  ( -0.000000000000000000, -0.000000000000000000, -1.000000000000000000 ) ) ;
#6392 = CARTESIAN_POINT ( 'NONE',  ( 31.19999999999999929, 69.00000000000000000, 0.000000000000000000 ) ) ;
#6393 = VERTEX_POINT ( 'NONE', #7266 ) ;
#6394 = EDGE_CURVE ( 'NONE', #6936, #1006, #1726, .T. ) ;
#6395 = DIRECTION ( 'NONE',  ( -0.000000000000000000, -0.000000000000000000, 1.000000000000000000 ) ) ;
#6396 = ORIENTED_EDGE ( 'NONE', *, *, #8034, .F. ) ;
#6397 = CARTESIAN_POINT ( 'NONE',  ( 52.00000000000004263, -77.00000000000002842, 2.000000000000000000 ) ) ;
#6398 = DIRECTION ( 'NONE',  ( 0.000000000000000000, 0.000000000000000000, 1.000000000000000000 ) ) ;
#6399 = CARTESIAN_POINT ( 'NONE',  ( 19.90398448916085528, -22.09601551083915183, 0.000000000000000000 ) ) ;
#6400 = CARTESIAN_POINT ( 'NONE',  ( 56.00000000000005684, 54.00000000000000711, 2.000000000000000000 ) ) ;
#6401 = VECTOR ( 'NONE', #601, 1000.000000000000000 ) ;
#6402 = EDGE_CURVE ( 'NONE', #4165, #494, #113, .T. ) ;
#6403 = CARTESIAN_POINT ( 'NONE',  ( 6.044257964301539101E-15, -11.99999999999999645, 0.000000000000000000 ) ) ;
#6404 = DIRECTION ( 'NONE',  ( 0.000000000000000000, 0.000000000000000000, 1.000000000000000000 ) ) ;
#6405 = ORIENTED_EDGE ( 'NONE', *, *, #7856, .T. ) ;
#6406 = EDGE_CURVE ( 'NONE', #3386, #7355, #8123, .T. ) ;
#6407 = CARTESIAN_POINT ( 'NONE',  ( 40.45000000000007390, 46.00000000000000711, 2.000000000000000000 ) ) ;
#6408 = ORIENTED_EDGE ( 'NONE', *, *, #5903, .T. ) ;
#6409 = ORIENTED_EDGE ( 'NONE', *, *, #5009, .T. ) ;
#6410 = FACE_BOUND ( 'NONE', #3196, .T. ) ;
#6411 = CIRCLE ( 'NONE', #7673, 1.550000000000002709 ) ;
#6412 = EDGE_LOOP ( 'NONE', ( #5760, #3454 ) ) ;
#6413 = DIRECTION ( 'NONE',  ( 0.7071067811865482389, 0.7071067811865469066, -0.000000000000000000 ) ) ;
#6414 = ORIENTED_EDGE ( 'NONE', *, *, #4634, .F. ) ;
#6415 = CARTESIAN_POINT ( 'NONE',  ( -28.99999999999993250, 85.50000000000002842, 2.000000000000000000 ) ) ;
#6416 = VERTEX_POINT ( 'NONE', #4410 ) ;
#6417 = CARTESIAN_POINT ( 'NONE',  ( 64.00000000000007105, -90.99999999999998579, 2.000000000000000000 ) ) ;
#6418 = CIRCLE ( 'NONE', #3547, 1.549999999999995826 ) ;
#6419 = DIRECTION ( 'NONE',  ( -0.000000000000000000, -0.000000000000000000, -1.000000000000000000 ) ) ;
#6420 = VERTEX_POINT ( 'NONE', #3523 ) ;
#6421 = DIRECTION ( 'NONE',  ( -1.000000000000000000, 0.000000000000000000, 0.000000000000000000 ) ) ;
#6422 = LINE ( 'NONE', #9478, #2467 ) ;
#6423 = DIRECTION ( 'NONE',  ( -0.000000000000000000, -0.000000000000000000, -1.000000000000000000 ) ) ;
#6424 = EDGE_LOOP ( 'NONE', ( #4666, #1953 ) ) ;
#6425 = DIRECTION ( 'NONE',  ( 0.000000000000000000, 0.000000000000000000, 1.000000000000000000 ) ) ;
#6426 = EDGE_CURVE ( 'NONE', #3723, #6779, #7404, .T. ) ;
#6427 = FACE_BOUND ( 'NONE', #99, .T. ) ;
#6428 = FACE_OUTER_BOUND ( 'NONE', #4585, .T. ) ;
#6429 = ORIENTED_EDGE ( 'NONE', *, *, #3594, .T. ) ;
#6430 = AXIS2_PLACEMENT_3D ( 'NONE', #3072, #9222, #6911 ) ;
#6431 = CARTESIAN_POINT ( 'NONE',  ( -6.450000000000000178, 18.00000000000000000, 0.000000000000000000 ) ) ;
#6432 = ORIENTED_EDGE ( 'NONE', *, *, #1039, .T. ) ;
#6433 = CARTESIAN_POINT ( 'NONE',  ( -5.999999999999985789, 91.00000000000000000, 0.000000000000000000 ) ) ;
#6434 = EDGE_LOOP ( 'NONE', ( #1776, #4207, #2464, #1479 ) ) ;
#6435 = CARTESIAN_POINT ( 'NONE',  ( -29.55000000000001847, 77.00000000000002842, 2.000000000000000000 ) ) ;
#6436 = ORIENTED_EDGE ( 'NONE', *, *, #9331, .F. ) ;
#6437 = DIRECTION ( 'NONE',  ( -0.000000000000000000, -0.000000000000000000, 1.000000000000000000 ) ) ;
#6438 = CARTESIAN_POINT ( 'NONE',  ( 10.00000000000001066, -9.999999999999989342, 0.000000000000000000 ) ) ;
#6439 = ORIENTED_EDGE ( 'NONE', *, *, #3588, .T. ) ;
#6440 = CARTESIAN_POINT ( 'NONE',  ( -26.45000000000001705, 77.00000000000002842, 2.000000000000000000 ) ) ;
#6441 = ORIENTED_EDGE ( 'NONE', *, *, #8328, .T. ) ;
#6442 = DIRECTION ( 'NONE',  ( 0.000000000000000000, 0.000000000000000000, 1.000000000000000000 ) ) ;
#6443 = PLANE ( 'NONE',  #7177 ) ;
#6444 = CARTESIAN_POINT ( 'NONE',  ( 27.45000000000001705, 9.500000000000000000, 0.000000000000000000 ) ) ;
#6445 = PLANE ( 'NONE',  #2846 ) ;
#6446 = CARTESIAN_POINT ( 'NONE',  ( -42.00000000000000711, 38.20000000000000284, 0.000000000000000000 ) ) ;
#6447 = FACE_OUTER_BOUND ( 'NONE', #1615, .T. ) ;
#6448 = EDGE_LOOP ( 'NONE', ( #3659, #2917 ) ) ;
#6449 = AXIS2_PLACEMENT_3D ( 'NONE', #5941, #9090, #2128 ) ;
#6450 = CARTESIAN_POINT ( 'NONE',  ( -28.99999999999993250, 85.50000000000002842, 0.000000000000000000 ) ) ;
#6451 = ORIENTED_EDGE ( 'NONE', *, *, #7075, .T. ) ;
#6452 = ORIENTED_EDGE ( 'NONE', *, *, #933, .F. ) ;
#6453 = FACE_BOUND ( 'NONE', #4996, .T. ) ;
#6454 = ORIENTED_EDGE ( 'NONE', *, *, #4192, .T. ) ;
#6455 = PLANE ( 'NONE',  #6563 ) ;
#6456 = ORIENTED_EDGE ( 'NONE', *, *, #7752, .F. ) ;
#6457 = CARTESIAN_POINT ( 'NONE',  ( -29.55000000000002203, -46.99999999999998579, 2.000000000000000000 ) ) ;
#6458 = VERTEX_POINT ( 'NONE', #5016 ) ;
#6459 = EDGE_CURVE ( 'NONE', #583, #7230, #274, .T. ) ;
#6460 = EDGE_CURVE ( 'NONE', #9092, #4137, #1401, .T. ) ;
#6461 = EDGE_CURVE ( 'NONE', #5616, #1141, #7358, .T. ) ;
#6462 = CIRCLE ( 'NONE', #2624, 1.550000000000002709 ) ;
#6463 = EDGE_CURVE ( 'NONE', #9178, #4805, #9632, .T. ) ;
#6464 = CARTESIAN_POINT ( 'NONE',  ( -56.00000000000004263, 54.00000000000000711, 2.000000000000000000 ) ) ;
#6465 = ORIENTED_EDGE ( 'NONE', *, *, #3698, .T. ) ;
#6466 = AXIS2_PLACEMENT_3D ( 'NONE', #2908, #1912, #4216 ) ;
#6467 = CARTESIAN_POINT ( 'NONE',  ( 30.55000000000005045, 36.50000000000000000, 0.000000000000000000 ) ) ;
#6468 = DIRECTION ( 'NONE',  ( -0.000000000000000000, -0.000000000000000000, -1.000000000000000000 ) ) ;
#6469 = ORIENTED_EDGE ( 'NONE', *, *, #641, .T. ) ;
#6470 = DIRECTION ( 'NONE',  ( 1.000000000000000000, 0.000000000000000000, 0.000000000000000000 ) ) ;
#6471 = DIRECTION ( 'NONE',  ( -0.000000000000000000, -0.000000000000000000, -1.000000000000000000 ) ) ;
#6472 = AXIS2_PLACEMENT_3D ( 'NONE', #1483, #72, #727 ) ;
#6473 = LINE ( 'NONE', #1056, #9834 ) ;
#6474 = ORIENTED_EDGE ( 'NONE', *, *, #6350, .T. ) ;
#6475 = CARTESIAN_POINT ( 'NONE',  ( 16.94999999999995666, -45.99999999999998579, 2.000000000000000000 ) ) ;
#6476 = VECTOR ( 'NONE', #6995, 1000.000000000000000 ) ;
#6477 = EDGE_CURVE ( 'NONE', #1239, #3236, #3970, .T. ) ;
#6478 = FACE_BOUND ( 'NONE', #741, .T. ) ;
#6479 = LINE ( 'NONE', #8782, #1734 ) ;
#6480 = AXIS2_PLACEMENT_3D ( 'NONE', #9244, #3195, #6387 ) ;
#6481 = VERTEX_POINT ( 'NONE', #9727 ) ;
#6482 = CYLINDRICAL_SURFACE ( 'NONE', #3430, 1.549999999999995826 ) ;
#6483 = ORIENTED_EDGE ( 'NONE', *, *, #6338, .F. ) ;
#6484 = DIRECTION ( 'NONE',  ( -0.000000000000000000, -0.000000000000000000, 1.000000000000000000 ) ) ;
#6485 = ORIENTED_EDGE ( 'NONE', *, *, #4081, .T. ) ;
#6486 = CARTESIAN_POINT ( 'NONE',  ( 29.55000000000005045, -77.00000000000002842, 0.000000000000000000 ) ) ;
#6487 = LINE ( 'NONE', #4294, #103 ) ;
#6488 = EDGE_LOOP ( 'NONE', ( #4457, #8867, #4615, #6541 ) ) ;
#6489 = DIRECTION ( 'NONE',  ( -0.000000000000000000, -0.000000000000000000, -1.000000000000000000 ) ) ;
#6490 = ORIENTED_EDGE ( 'NONE', *, *, #1617, .F. ) ;
#6491 = CARTESIAN_POINT ( 'NONE',  ( -56.00000000000001421, 91.00000000000000000, 2.000000000000000000 ) ) ;
#6492 = DIRECTION ( 'NONE',  ( -0.000000000000000000, -0.000000000000000000, 1.000000000000000000 ) ) ;
#6493 = FACE_OUTER_BOUND ( 'NONE', #3436, .T. ) ;
#6494 = VECTOR ( 'NONE', #9041, 1000.000000000000000 ) ;
#6495 = CARTESIAN_POINT ( 'NONE',  ( 64.00000000000004263, 91.00000000000001421, 2.000000000000000000 ) ) ;
#6496 = CIRCLE ( 'NONE', #6341, 1.550000000000002709 ) ;
#6497 = CARTESIAN_POINT ( 'NONE',  ( 0.000000000000000000, 41.99999999999999289, 0.000000000000000000 ) ) ;
#6498 = ORIENTED_EDGE ( 'NONE', *, *, #4634, .T. ) ;
#6499 = DIRECTION ( 'NONE',  ( 0.000000000000000000, 0.000000000000000000, 1.000000000000000000 ) ) ;
#6500 = ORIENTED_EDGE ( 'NONE', *, *, #3555, .F. ) ;
#6501 = ORIENTED_EDGE ( 'NONE', *, *, #6165, .T. ) ;
#6502 = DIRECTION ( 'NONE',  ( 1.000000000000000000, 0.000000000000000000, 0.000000000000000000 ) ) ;
#6503 = ORIENTED_EDGE ( 'NONE', *, *, #7159, .F. ) ;
#6504 = CARTESIAN_POINT ( 'NONE',  ( -11.00000000000000000, -52.55000000000001847, 0.000000000000000000 ) ) ;
#6505 = ORIENTED_EDGE ( 'NONE', *, *, #3656, .F. ) ;
#6506 = DIRECTION ( 'NONE',  ( 1.000000000000000000, 0.000000000000000000, 0.000000000000000000 ) ) ;
#6507 = ADVANCED_FACE ( 'NONE', ( #8916 ), #5813, .F. ) ;
#6508 = VECTOR ( 'NONE', #5276, 1000.000000000000000 ) ;
#6509 = EDGE_CURVE ( 'NONE', #8139, #58, #9893, .T. ) ;
#6510 = DIRECTION ( 'NONE',  ( -0.000000000000000000, -0.000000000000000000, -1.000000000000000000 ) ) ;
#6511 = ORIENTED_EDGE ( 'NONE', *, *, #2427, .F. ) ;
#6512 = CARTESIAN_POINT ( 'NONE',  ( -42.00000000000002842, 54.00000000000000711, 2.000000000000000000 ) ) ;
#6513 = ADVANCED_FACE ( 'NONE', ( #9677 ), #2810, .F. ) ;
#6514 = CARTESIAN_POINT ( 'NONE',  ( 18.50000000000000000, 43.00000000000000000, 2.000000000000000000 ) ) ;
#6515 = CIRCLE ( 'NONE', #5564, 1.550000000000000266 ) ;
#6516 = CIRCLE ( 'NONE', #2195, 1.550000000000002709 ) ;
#6517 = ORIENTED_EDGE ( 'NONE', *, *, #3351, .T. ) ;
#6518 = CARTESIAN_POINT ( 'NONE',  ( 56.00000000000008527, 1.371604415045036973E-14, 2.000000000000000000 ) ) ;
#6519 = AXIS2_PLACEMENT_3D ( 'NONE', #4099, #182, #984 ) ;
#6520 = CARTESIAN_POINT ( 'NONE',  ( -9.000000000000005329, 24.49999999999999289, 0.000000000000000000 ) ) ;
#6521 = AXIS2_PLACEMENT_3D ( 'NONE', #4692, #4742, #4647 ) ;
#6522 = EDGE_CURVE ( 'NONE', #56, #4805, #5157, .T. ) ;
#6523 = AXIS2_PLACEMENT_3D ( 'NONE', #2270, #2933, #8322 ) ;
#6524 = FACE_OUTER_BOUND ( 'NONE', #1255, .T. ) ;
#6525 = VECTOR ( 'NONE', #5292, 1000.000000000000000 ) ;
#6526 = ORIENTED_EDGE ( 'NONE', *, *, #7059, .T. ) ;
#6527 = VECTOR ( 'NONE', #6227, 1000.000000000000000 ) ;
#6528 = CARTESIAN_POINT ( 'NONE',  ( -53.55000000000001137, 77.00000000000001421, 0.000000000000000000 ) ) ;
#6529 = AXIS2_PLACEMENT_3D ( 'NONE', #2770, #7873, #3331 ) ;
#6530 = CIRCLE ( 'NONE', #6678, 1.550000000000000933 ) ;
#6531 = EDGE_CURVE ( 'NONE', #9163, #6081, #7450, .T. ) ;
#6532 = VECTOR ( 'NONE', #4612, 1000.000000000000000 ) ;
#6533 = AXIS2_PLACEMENT_3D ( 'NONE', #6561, #2060, #2761 ) ;
#6534 = DIRECTION ( 'NONE',  ( 0.000000000000000000, 0.000000000000000000, 1.000000000000000000 ) ) ;
#6535 = CARTESIAN_POINT ( 'NONE',  ( -11.00000000000000000, -77.54999999999999716, 2.000000000000000000 ) ) ;
#6536 = DIRECTION ( 'NONE',  ( -1.000000000000000000, 0.000000000000000000, 0.000000000000000000 ) ) ;
#6537 = DIRECTION ( 'NONE',  ( -0.000000000000000000, -0.000000000000000000, 1.000000000000000000 ) ) ;
#6538 = ORIENTED_EDGE ( 'NONE', *, *, #6803, .F. ) ;
#6539 = DIRECTION ( 'NONE',  ( -0.000000000000000000, -0.000000000000000000, -1.000000000000000000 ) ) ;
#6540 = AXIS2_PLACEMENT_3D ( 'NONE', #6144, #5297, #3050 ) ;
#6541 = ORIENTED_EDGE ( 'NONE', *, *, #3351, .F. ) ;
#6542 = DIRECTION ( 'NONE',  ( 0.000000000000000000, 0.000000000000000000, 1.000000000000000000 ) ) ;
#6543 = DIRECTION ( 'NONE',  ( -0.000000000000000000, -0.000000000000000000, 1.000000000000000000 ) ) ;
#6544 = VERTEX_POINT ( 'NONE', #1962 ) ;
#6545 = CARTESIAN_POINT ( 'NONE',  ( -39.00000000000001421, 7.500000000000000000, 0.000000000000000000 ) ) ;
#6546 = ORIENTED_EDGE ( 'NONE', *, *, #1014, .T. ) ;
#6547 = LINE ( 'NONE', #1226, #3065 ) ;
#6548 = LINE ( 'NONE', #4998, #4946 ) ;
#6549 = CARTESIAN_POINT ( 'NONE',  ( 57.55000000000003268, -70.00000000000002842, 2.000000000000000000 ) ) ;
#6550 = CARTESIAN_POINT ( 'NONE',  ( 29.00000000000000711, 9.500000000000000000, 0.000000000000000000 ) ) ;
#6551 = ADVANCED_FACE ( 'NONE', ( #4973 ), #8014, .F. ) ;
#6552 = DIRECTION ( 'NONE',  ( 1.000000000000000000, 0.000000000000000000, 0.000000000000000000 ) ) ;
#6553 = DIRECTION ( 'NONE',  ( 1.000000000000000000, 3.469446951953612217E-16, 0.000000000000000000 ) ) ;
#6554 = ORIENTED_EDGE ( 'NONE', *, *, #9892, .T. ) ;
#6555 = ORIENTED_EDGE ( 'NONE', *, *, #2486, .T. ) ;
#6556 = DIRECTION ( 'NONE',  ( -0.000000000000000000, -0.000000000000000000, -1.000000000000000000 ) ) ;
#6557 = ORIENTED_EDGE ( 'NONE', *, *, #6386, .F. ) ;
#6558 = DIRECTION ( 'NONE',  ( 1.000000000000000000, 0.000000000000000000, 0.000000000000000000 ) ) ;
#6559 = ORIENTED_EDGE ( 'NONE', *, *, #7118, .T. ) ;
#6560 = LINE ( 'NONE', #1246, #5334 ) ;
#6561 = CARTESIAN_POINT ( 'NONE',  ( 42.00000000000007816, -46.00000000000000711, 2.000000000000000000 ) ) ;
#6562 = VERTEX_POINT ( 'NONE', #5304 ) ;
#6563 = AXIS2_PLACEMENT_3D ( 'NONE', #1909, #2605, #8813 ) ;
#6564 = CARTESIAN_POINT ( 'NONE',  ( 40.45000000000007390, -38.20000000000000284, 2.000000000000000000 ) ) ;
#6565 = DIRECTION ( 'NONE',  ( 0.000000000000000000, 0.000000000000000000, 1.000000000000000000 ) ) ;
#6566 = EDGE_LOOP ( 'NONE', ( #3231, #2443 ) ) ;
#6567 = LINE ( 'NONE', #1346, #2535 ) ;
#6568 = CARTESIAN_POINT ( 'NONE',  ( 16.55000000000000782, 53.00000000000000000, 0.000000000000000000 ) ) ;
#6569 = CARTESIAN_POINT ( 'NONE',  ( -9.550000000000000711, 43.00000000000000000, 0.000000000000000000 ) ) ;
#6570 = ORIENTED_EDGE ( 'NONE', *, *, #4871, .T. ) ;
#6571 = EDGE_CURVE ( 'NONE', #2745, #4705, #8609, .T. ) ;
#6572 = CIRCLE ( 'NONE', #9289, 1.549999999999995604 ) ;
#6573 = CARTESIAN_POINT ( 'NONE',  ( 30.55000000000005045, 36.50000000000000000, 0.000000000000000000 ) ) ;
#6574 = AXIS2_PLACEMENT_3D ( 'NONE', #6491, #5796, #1135 ) ;
#6575 = EDGE_CURVE ( 'NONE', #7020, #4891, #9206, .T. ) ;
#6576 = DIRECTION ( 'NONE',  ( 1.000000000000000000, 0.000000000000000000, 0.000000000000000000 ) ) ;
#6577 = CARTESIAN_POINT ( 'NONE',  ( -11.00000000000000000, -74.45000000000003126, 0.000000000000000000 ) ) ;
#6578 = CARTESIAN_POINT ( 'NONE',  ( 56.00000000000008527, 1.371604415045036973E-14, 0.000000000000000000 ) ) ;
#6579 = DIRECTION ( 'NONE',  ( 0.000000000000000000, 0.000000000000000000, 1.000000000000000000 ) ) ;
#6580 = ORIENTED_EDGE ( 'NONE', *, *, #1647, .T. ) ;
#6581 = FACE_OUTER_BOUND ( 'NONE', #6971, .T. ) ;
#6582 = EDGE_CURVE ( 'NONE', #6090, #9104, #8347, .T. ) ;
#6583 = ADVANCED_FACE ( 'NONE', ( #7500 ), #1396, .T. ) ;
#6584 = VERTEX_POINT ( 'NONE', #7546 ) ;
#6585 = EDGE_CURVE ( 'NONE', #8243, #5426, #7647, .T. ) ;
#6586 = DIRECTION ( 'NONE',  ( -1.000000000000000000, 0.000000000000000000, 0.000000000000000000 ) ) ;
#6587 = ADVANCED_FACE ( 'NONE', ( #5406 ), #8249, .F. ) ;
#6588 = DIRECTION ( 'NONE',  ( -1.000000000000000000, 0.000000000000000000, 0.000000000000000000 ) ) ;
#6589 = VERTEX_POINT ( 'NONE', #6900 ) ;
#6590 = CARTESIAN_POINT ( 'NONE',  ( 30.55000000000002203, -36.50000000000000000, 0.000000000000000000 ) ) ;
#6591 = ORIENTED_EDGE ( 'NONE', *, *, #3443, .T. ) ;
#6592 = LINE ( 'NONE', #3401, #6258 ) ;
#6593 = DIRECTION ( 'NONE',  ( 1.000000000000000000, 0.000000000000000000, 0.000000000000000000 ) ) ;
#6594 = DIRECTION ( 'NONE',  ( 0.000000000000000000, 1.000000000000000000, 0.000000000000000000 ) ) ;
#6595 = LINE ( 'NONE', #9661, #4901 ) ;
#6596 = EDGE_CURVE ( 'NONE', #3973, #2759, #5889, .T. ) ;
#6597 = CARTESIAN_POINT ( 'NONE',  ( 4.450000000000025935, -91.00000000000000000, 0.000000000000000000 ) ) ;
#6598 = CARTESIAN_POINT ( 'NONE',  ( -54.45000000000000995, 91.00000000000000000, 2.000000000000000000 ) ) ;
#6599 = ORIENTED_EDGE ( 'NONE', *, *, #9524, .F. ) ;
#6600 = ORIENTED_EDGE ( 'NONE', *, *, #6970, .F. ) ;
#6601 = DIRECTION ( 'NONE',  ( 1.000000000000000000, 0.000000000000000000, 0.000000000000000000 ) ) ;
#6602 = ORIENTED_EDGE ( 'NONE', *, *, #1446, .T. ) ;
#6603 = FACE_OUTER_BOUND ( 'NONE', #8698, .T. ) ;
#6604 = ORIENTED_EDGE ( 'NONE', *, *, #7884, .T. ) ;
#6605 = CARTESIAN_POINT ( 'NONE',  ( 40.45000000000003837, -70.00000000000002842, 2.000000000000000000 ) ) ;
#6606 = DIRECTION ( 'NONE',  ( -0.000000000000000000, -0.000000000000000000, 1.000000000000000000 ) ) ;
#6607 = EDGE_LOOP ( 'NONE', ( #3364, #6381, #5567, #7829 ) ) ;
#6608 = DIRECTION ( 'NONE',  ( -1.000000000000000000, 0.000000000000000000, 0.000000000000000000 ) ) ;
#6609 = ORIENTED_EDGE ( 'NONE', *, *, #398, .F. ) ;
#6610 = DIRECTION ( 'NONE',  ( 0.000000000000000000, 0.000000000000000000, 1.000000000000000000 ) ) ;
#6611 = DIRECTION ( 'NONE',  ( 1.000000000000000000, 0.000000000000000000, 0.000000000000000000 ) ) ;
#6612 = EDGE_LOOP ( 'NONE', ( #5851, #4807, #7507, #8229, #2402 ) ) ;
#6613 = CARTESIAN_POINT ( 'NONE',  ( -64.00000000000001421, 91.00000000000000000, 2.000000000000000000 ) ) ;
#6614 = CARTESIAN_POINT ( 'NONE',  ( 64.00000000000004263, 91.00000000000001421, 2.000000000000000000 ) ) ;
#6615 = ORIENTED_EDGE ( 'NONE', *, *, #1182, .F. ) ;
#6616 = VECTOR ( 'NONE', #8178, 1000.000000000000000 ) ;
#6617 = DIRECTION ( 'NONE',  ( 0.000000000000000000, 0.000000000000000000, 1.000000000000000000 ) ) ;
#6618 = CIRCLE ( 'NONE', #2460, 1.550000000000002709 ) ;
#6619 = CIRCLE ( 'NONE', #3591, 1.549999999999995826 ) ;
#6620 = CARTESIAN_POINT ( 'NONE',  ( -50.45000000000000995, -47.00000000000000000, 0.000000000000000000 ) ) ;
#6621 = AXIS2_PLACEMENT_3D ( 'NONE', #7793, #8689, #5645 ) ;
#6622 = CARTESIAN_POINT ( 'NONE',  ( 29.00000000000001776, -36.50000000000000000, 0.000000000000000000 ) ) ;
#6623 = DIRECTION ( 'NONE',  ( -0.000000000000000000, -0.000000000000000000, -1.000000000000000000 ) ) ;
#6624 = AXIS2_PLACEMENT_3D ( 'NONE', #5455, #8499, #1639 ) ;
#6625 = DIRECTION ( 'NONE',  ( -0.000000000000000000, -0.000000000000000000, -1.000000000000000000 ) ) ;
#6626 = EDGE_LOOP ( 'NONE', ( #3068, #8181, #6297, #234 ) ) ;
#6627 = LINE ( 'NONE', #417, #9844 ) ;
#6628 = AXIS2_PLACEMENT_3D ( 'NONE', #1087, #7891, #4845 ) ;
#6629 = EDGE_CURVE ( 'NONE', #7443, #7455, #1733, .T. ) ;
#6630 = ADVANCED_FACE ( 'NONE', ( #3806 ), #784, .F. ) ;
#6631 = AXIS2_PLACEMENT_3D ( 'NONE', #7680, #9297, #7080 ) ;
#6632 = ORIENTED_EDGE ( 'NONE', *, *, #324, .F. ) ;
#6633 = CARTESIAN_POINT ( 'NONE',  ( -40.44999999999999574, -46.00000000000003553, 2.000000000000000000 ) ) ;
#6634 = EDGE_CURVE ( 'NONE', #6420, #1499, #8302, .T. ) ;
#6635 = DIRECTION ( 'NONE',  ( 1.000000000000000000, 0.000000000000000000, 0.000000000000000000 ) ) ;
#6636 = VERTEX_POINT ( 'NONE', #6156 ) ;
#6637 = DIRECTION ( 'NONE',  ( 1.000000000000000000, 0.000000000000000000, 0.000000000000000000 ) ) ;
#6638 = ORIENTED_EDGE ( 'NONE', *, *, #559, .F. ) ;
#6639 = CARTESIAN_POINT ( 'NONE',  ( 0.000000000000000000, 65.00000000000000000, 2.000000000000000000 ) ) ;
#6640 = FACE_OUTER_BOUND ( 'NONE', #547, .T. ) ;
#6641 = EDGE_CURVE ( 'NONE', #1905, #5950, #2345, .T. ) ;
#6642 = DIRECTION ( 'NONE',  ( 1.000000000000000000, 0.000000000000000000, 0.000000000000000000 ) ) ;
#6643 = LINE ( 'NONE', #4354, #6192 ) ;
#6644 = LINE ( 'NONE', #2753, #3185 ) ;
#6645 = ORIENTED_EDGE ( 'NONE', *, *, #4604, .F. ) ;
#6646 = ORIENTED_EDGE ( 'NONE', *, *, #2348, .T. ) ;
#6647 = FACE_BOUND ( 'NONE', #4642, .T. ) ;
#6648 = ORIENTED_EDGE ( 'NONE', *, *, #1794, .F. ) ;
#6649 = DIRECTION ( 'NONE',  ( 0.7071067811865471286, 0.7071067811865479058, 0.000000000000000000 ) ) ;
#6650 = ORIENTED_EDGE ( 'NONE', *, *, #4136, .F. ) ;
#6651 = DIRECTION ( 'NONE',  ( -0.000000000000000000, -0.000000000000000000, 1.000000000000000000 ) ) ;
#6652 = VECTOR ( 'NONE', #5335, 1000.000000000000000 ) ;
#6653 = DIRECTION ( 'NONE',  ( -1.000000000000000000, 0.000000000000000000, 0.000000000000000000 ) ) ;
#6654 = EDGE_LOOP ( 'NONE', ( #111, #1724 ) ) ;
#6655 = ADVANCED_FACE ( 'NONE', ( #4466 ), #9057, .F. ) ;
#6656 = DIRECTION ( 'NONE',  ( 0.000000000000000000, 0.000000000000000000, 1.000000000000000000 ) ) ;
#6657 = EDGE_LOOP ( 'NONE', ( #6781, #8954, #1739, #5151 ) ) ;
#6658 = CARTESIAN_POINT ( 'NONE',  ( -5.999999999999986677, -89.45000000000000284, 0.000000000000000000 ) ) ;
#6659 = LINE ( 'NONE', #2813, #7980 ) ;
#6660 = ORIENTED_EDGE ( 'NONE', *, *, #8348, .T. ) ;
#6661 = VECTOR ( 'NONE', #616, 1000.000000000000000 ) ;
#6662 = DIRECTION ( 'NONE',  ( -1.000000000000000000, 0.000000000000000000, 0.000000000000000000 ) ) ;
#6663 = VERTEX_POINT ( 'NONE', #8394 ) ;
#6664 = DIRECTION ( 'NONE',  ( -1.000000000000000000, 0.000000000000000000, 0.000000000000000000 ) ) ;
#6665 = ADVANCED_FACE ( 'NONE', ( #2911 ), #685, .F. ) ;
#6666 = CIRCLE ( 'NONE', #3162, 1.550000000000016698 ) ;
#6667 = LINE ( 'NONE', #7656, #7960 ) ;
#6668 = CIRCLE ( 'NONE', #6982, 1.550000000000002709 ) ;
#6669 = CIRCLE ( 'NONE', #6521, 4.999999999999984013 ) ;
#6670 = LINE ( 'NONE', #6535, #721 ) ;
#6671 = CIRCLE ( 'NONE', #3644, 1.550000000000002709 ) ;
#6672 = DIRECTION ( 'NONE',  ( 1.000000000000000000, 0.000000000000000000, 0.000000000000000000 ) ) ;
#6673 = CARTESIAN_POINT ( 'NONE',  ( 11.00000000000000000, -77.55000000000001137, 2.000000000000000000 ) ) ;
#6674 = ORIENTED_EDGE ( 'NONE', *, *, #4328, .T. ) ;
#6675 = EDGE_CURVE ( 'NONE', #422, #9896, #7475, .T. ) ;
#6676 = CARTESIAN_POINT ( 'NONE',  ( 40.45000000000005258, 70.00000000000000000, 0.000000000000000000 ) ) ;
#6677 = AXIS2_PLACEMENT_3D ( 'NONE', #2417, #951, #3969 ) ;
#6678 = AXIS2_PLACEMENT_3D ( 'NONE', #6909, #9122, #8359 ) ;
#6679 = CIRCLE ( 'NONE', #4616, 3.125000000000001776 ) ;
#6680 = CIRCLE ( 'NONE', #4445, 1.550000000000002709 ) ;
#6681 = ORIENTED_EDGE ( 'NONE', *, *, #9141, .F. ) ;
#6682 = DIRECTION ( 'NONE',  ( -0.000000000000000000, -0.000000000000000000, 1.000000000000000000 ) ) ;
#6683 = AXIS2_PLACEMENT_3D ( 'NONE', #385, #1996, #9568 ) ;
#6684 = CYLINDRICAL_SURFACE ( 'NONE', #3493, 1.549999999999999378 ) ;
#6685 = EDGE_LOOP ( 'NONE', ( #347, #8723 ) ) ;
#6686 = AXIS2_PLACEMENT_3D ( 'NONE', #6053, #2284, #24 ) ;
#6687 = CARTESIAN_POINT ( 'NONE',  ( -8.000000000000000000, 43.00000000000000000, 0.000000000000000000 ) ) ;
#6688 = ORIENTED_EDGE ( 'NONE', *, *, #5470, .T. ) ;
#6689 = DIRECTION ( 'NONE',  ( -0.000000000000000000, -0.000000000000000000, -1.000000000000000000 ) ) ;
#6690 = DIRECTION ( 'NONE',  ( -1.000000000000000000, 0.000000000000000000, 0.000000000000000000 ) ) ;
#6691 = EDGE_CURVE ( 'NONE', #3112, #4556, #8936, .T. ) ;
#6692 = CARTESIAN_POINT ( 'NONE',  ( -14.99999999999999645, 77.00000000000000000, 0.000000000000000000 ) ) ;
#6693 = EDGE_CURVE ( 'NONE', #7675, #8285, #9007, .T. ) ;
#6694 = VECTOR ( 'NONE', #4399, 1000.000000000000000 ) ;
#6695 = CIRCLE ( 'NONE', #2381, 1.550000000000002709 ) ;
#6696 = AXIS2_PLACEMENT_3D ( 'NONE', #5794, #2786, #8795 ) ;
#6697 = CYLINDRICAL_SURFACE ( 'NONE', #9375, 4.000000000000014211 ) ;
#6698 = ADVANCED_FACE ( 'NONE', ( #5653 ), #3306, .F. ) ;
#6699 = DIRECTION ( 'NONE',  ( -0.000000000000000000, -0.000000000000000000, -1.000000000000000000 ) ) ;
#6700 = ORIENTED_EDGE ( 'NONE', *, *, #6093, .F. ) ;
#6701 = VERTEX_POINT ( 'NONE', #8604 ) ;
#6702 = DIRECTION ( 'NONE',  ( -0.000000000000000000, -0.000000000000000000, 1.000000000000000000 ) ) ;
#6703 = ORIENTED_EDGE ( 'NONE', *, *, #5603, .F. ) ;
#6704 = CARTESIAN_POINT ( 'NONE',  ( 28.00000000000006040, 46.99999999999999289, 2.000000000000000000 ) ) ;
#6705 = VERTEX_POINT ( 'NONE', #6354 ) ;
#6706 = DIRECTION ( 'NONE',  ( -0.000000000000000000, -0.000000000000000000, -1.000000000000000000 ) ) ;
#6707 = EDGE_CURVE ( 'NONE', #3386, #419, #5459, .T. ) ;
#6708 = EDGE_CURVE ( 'NONE', #7645, #6589, #4806, .T. ) ;
#6709 = EDGE_CURVE ( 'NONE', #1658, #46, #4707, .T. ) ;
#6710 = CARTESIAN_POINT ( 'NONE',  ( 19.90398448916088014, 22.09601551083915183, 2.000000000000000000 ) ) ;
#6711 = ORIENTED_EDGE ( 'NONE', *, *, #8122, .T. ) ;
#6712 = DIRECTION ( 'NONE',  ( 0.000000000000000000, 0.000000000000000000, 1.000000000000000000 ) ) ;
#6713 = ORIENTED_EDGE ( 'NONE', *, *, #9237, .F. ) ;
#6714 = DIRECTION ( 'NONE',  ( 0.000000000000000000, 0.000000000000000000, 1.000000000000000000 ) ) ;
#6715 = FACE_OUTER_BOUND ( 'NONE', #5951, .T. ) ;
#6716 = ORIENTED_EDGE ( 'NONE', *, *, #7014, .T. ) ;
#6717 = DIRECTION ( 'NONE',  ( -1.000000000000000000, 0.000000000000000000, 0.000000000000000000 ) ) ;
#6718 = EDGE_LOOP ( 'NONE', ( #3832, #6, #1177, #3233 ) ) ;
#6719 = DIRECTION ( 'NONE',  ( 1.000000000000000000, 0.000000000000000000, 0.000000000000000000 ) ) ;
#6720 = AXIS2_PLACEMENT_3D ( 'NONE', #6859, #9063, #36 ) ;
#6721 = EDGE_CURVE ( 'NONE', #3320, #7886, #7167, .T. ) ;
#6722 = DIRECTION ( 'NONE',  ( -1.000000000000000000, 0.000000000000000000, 0.000000000000000000 ) ) ;
#6723 = CARTESIAN_POINT ( 'NONE',  ( -29.00000000000000000, -24.50000000000000000, 0.000000000000000000 ) ) ;
#6724 = DIRECTION ( 'NONE',  ( -0.000000000000000000, -0.000000000000000000, 1.000000000000000000 ) ) ;
#6725 = VECTOR ( 'NONE', #8555, 1000.000000000000000 ) ;
#6726 = DIRECTION ( 'NONE',  ( 1.000000000000000000, 0.000000000000000000, 0.000000000000000000 ) ) ;
#6727 = ORIENTED_EDGE ( 'NONE', *, *, #2845, .F. ) ;
#6728 = AXIS2_PLACEMENT_3D ( 'NONE', #6152, #7448, #590 ) ;
#6729 = LINE ( 'NONE', #4529, #6508 ) ;
#6730 = VERTEX_POINT ( 'NONE', #4104 ) ;
#6731 = DIRECTION ( 'NONE',  ( 1.000000000000000000, 0.000000000000000000, 0.000000000000000000 ) ) ;
#6732 = CARTESIAN_POINT ( 'NONE',  ( 57.99999999999999289, 36.99999999999999289, 2.000000000000000000 ) ) ;
#6733 = ORIENTED_EDGE ( 'NONE', *, *, #6708, .F. ) ;
#6734 = LINE ( 'NONE', #1468, #6765 ) ;
#6735 = ORIENTED_EDGE ( 'NONE', *, *, #1869, .F. ) ;
#6736 = FACE_OUTER_BOUND ( 'NONE', #3285, .T. ) ;
#6737 = CARTESIAN_POINT ( 'NONE',  ( -21.00000000000000355, -21.00000000000000000, 0.000000000000000000 ) ) ;
#6738 = LINE ( 'NONE', #2940, #1218 ) ;
#6739 = CARTESIAN_POINT ( 'NONE',  ( 29.55000000000005045, 77.00000000000002842, 2.000000000000000000 ) ) ;
#6740 = FACE_OUTER_BOUND ( 'NONE', #3463, .T. ) ;
#6741 = DIRECTION ( 'NONE',  ( 0.000000000000000000, 0.000000000000000000, 1.000000000000000000 ) ) ;
#6742 = ORIENTED_EDGE ( 'NONE', *, *, #310, .T. ) ;
#6743 = EDGE_LOOP ( 'NONE', ( #5054, #2483, #5978, #43 ) ) ;
#6744 = FACE_OUTER_BOUND ( 'NONE', #3852, .T. ) ;
#6745 = ORIENTED_EDGE ( 'NONE', *, *, #4012, .T. ) ;
#6746 = DIRECTION ( 'NONE',  ( 0.000000000000000000, 0.000000000000000000, 1.000000000000000000 ) ) ;
#6747 = EDGE_LOOP ( 'NONE', ( #6855, #3619 ) ) ;
#6748 = CARTESIAN_POINT ( 'NONE',  ( -5.999999999999998224, 70.69999999999998863, 0.000000000000000000 ) ) ;
#6749 = DIRECTION ( 'NONE',  ( -0.7071067811865486830, -0.7071067811865464625, 0.000000000000000000 ) ) ;
#6750 = VERTEX_POINT ( 'NONE', #5608 ) ;
#6751 = DIRECTION ( 'NONE',  ( -1.000000000000000000, -3.469446951953612217E-16, 0.000000000000000000 ) ) ;
#6752 = ORIENTED_EDGE ( 'NONE', *, *, #8047, .F. ) ;
#6753 = FACE_BOUND ( 'NONE', #2949, .T. ) ;
#6754 = ADVANCED_FACE ( 'NONE', ( #3156 ), #9414, .F. ) ;
#6755 = EDGE_CURVE ( 'NONE', #9243, #9500, #7748, .T. ) ;
#6756 = DIRECTION ( 'NONE',  ( 0.000000000000000000, 0.000000000000000000, 1.000000000000000000 ) ) ;
#6757 = VERTEX_POINT ( 'NONE', #7004 ) ;
#6758 = CARTESIAN_POINT ( 'NONE',  ( 30.55000000000002558, -85.49999999999998579, 0.000000000000000000 ) ) ;
#6759 = ORIENTED_EDGE ( 'NONE', *, *, #2299, .F. ) ;
#6760 = LINE ( 'NONE', #2818, #2682 ) ;
#6761 = EDGE_CURVE ( 'NONE', #9851, #3681, #2373, .T. ) ;
#6762 = DIRECTION ( 'NONE',  ( 1.000000000000000000, 0.000000000000000000, 0.000000000000000000 ) ) ;
#6763 = DIRECTION ( 'NONE',  ( -0.000000000000000000, -0.000000000000000000, 1.000000000000000000 ) ) ;
#6764 = DIRECTION ( 'NONE',  ( -0.000000000000000000, -0.000000000000000000, -1.000000000000000000 ) ) ;
#6765 = VECTOR ( 'NONE', #667, 1000.000000000000000 ) ;
#6766 = ORIENTED_EDGE ( 'NONE', *, *, #3038, .F. ) ;
#6767 = CARTESIAN_POINT ( 'NONE',  ( 18.50000000000000000, 43.00000000000000000, 0.000000000000000000 ) ) ;
#6768 = VERTEX_POINT ( 'NONE', #2452 ) ;
#6769 = ADVANCED_FACE ( 'NONE', ( #3210 ), #2502, .F. ) ;
#6770 = DIRECTION ( 'NONE',  ( 1.000000000000000000, 0.000000000000000000, 0.000000000000000000 ) ) ;
#6771 = AXIS2_PLACEMENT_3D ( 'NONE', #4261, #2760, #5059 ) ;
#6772 = CIRCLE ( 'NONE', #5981, 1.550000000000002709 ) ;
#6773 = VECTOR ( 'NONE', #7115, 1000.000000000000000 ) ;
#6774 = VERTEX_POINT ( 'NONE', #235 ) ;
#6775 = CYLINDRICAL_SURFACE ( 'NONE', #8112, 1.550000000000009592 ) ;
#6776 = AXIS2_PLACEMENT_3D ( 'NONE', #7047, #8598, #4098 ) ;
#6777 = EDGE_CURVE ( 'NONE', #70, #7645, #6058, .T. ) ;
#6778 = DIRECTION ( 'NONE',  ( -1.000000000000000000, 0.000000000000000000, 0.000000000000000000 ) ) ;
#6779 = VERTEX_POINT ( 'NONE', #4008 ) ;
#6780 = CYLINDRICAL_SURFACE ( 'NONE', #4698, 1.549999999999995826 ) ;
#6781 = ORIENTED_EDGE ( 'NONE', *, *, #7061, .F. ) ;
#6782 = CARTESIAN_POINT ( 'NONE',  ( 1.387778780781445676E-14, -91.00000000000000000, 2.000000000000000000 ) ) ;
#6783 = AXIS2_PLACEMENT_3D ( 'NONE', #7916, #6423, #307 ) ;
#6784 = LINE ( 'NONE', #9853, #3918 ) ;
#6785 = AXIS2_PLACEMENT_3D ( 'NONE', #5385, #7529, #670 ) ;
#6786 = DIRECTION ( 'NONE',  ( 0.000000000000000000, 0.000000000000000000, 1.000000000000000000 ) ) ;
#6787 = DIRECTION ( 'NONE',  ( 0.000000000000000000, 0.000000000000000000, 1.000000000000000000 ) ) ;
#6788 = CARTESIAN_POINT ( 'NONE',  ( 14.55000000000000071, 62.00000000000000000, 0.000000000000000000 ) ) ;
#6789 = VERTEX_POINT ( 'NONE', #136 ) ;
#6790 = AXIS2_PLACEMENT_3D ( 'NONE', #2776, #8728, #1934 ) ;
#6791 = VERTEX_POINT ( 'NONE', #7153 ) ;
#6792 = LINE ( 'NONE', #9811, #9089 ) ;
#6793 = VERTEX_POINT ( 'NONE', #289 ) ;
#6794 = CARTESIAN_POINT ( 'NONE',  ( -52.00000000000002132, 77.00000000000001421, 2.000000000000000000 ) ) ;
#6795 = DIRECTION ( 'NONE',  ( -0.000000000000000000, -0.000000000000000000, 1.000000000000000000 ) ) ;
#6796 = CYLINDRICAL_SURFACE ( 'NONE', #8063, 1.549999999999995826 ) ;
#6797 = LINE ( 'NONE', #2248, #8481 ) ;
#6798 = ORIENTED_EDGE ( 'NONE', *, *, #2419, .F. ) ;
#6799 = CARTESIAN_POINT ( 'NONE',  ( -40.45000000000000995, 38.20000000000000284, 2.000000000000000000 ) ) ;
#6800 = ORIENTED_EDGE ( 'NONE', *, *, #4128, .F. ) ;
#6801 = CYLINDRICAL_SURFACE ( 'NONE', #9245, 1.549999999999999378 ) ;
#6802 = CARTESIAN_POINT ( 'NONE',  ( -6.000000000000031086, 89.45000000000000284, 2.000000000000000000 ) ) ;
#6803 = EDGE_CURVE ( 'NONE', #6544, #7662, #7952, .T. ) ;
#6804 = ORIENTED_EDGE ( 'NONE', *, *, #8446, .T. ) ;
#6805 = CARTESIAN_POINT ( 'NONE',  ( -27.44999999999995310, 36.50000000000003553, 0.000000000000000000 ) ) ;
#6806 = VERTEX_POINT ( 'NONE', #4903 ) ;
#6807 = DIRECTION ( 'NONE',  ( 0.000000000000000000, 0.000000000000000000, 1.000000000000000000 ) ) ;
#6808 = CIRCLE ( 'NONE', #9217, 1.550000000000002709 ) ;
#6809 = EDGE_CURVE ( 'NONE', #8613, #8016, #9249, .T. ) ;
#6810 = EDGE_CURVE ( 'NONE', #7355, #198, #1643, .T. ) ;
#6811 = AXIS2_PLACEMENT_3D ( 'NONE', #2630, #7878, #1877 ) ;
#6812 = CARTESIAN_POINT ( 'NONE',  ( 19.90398448916085528, -22.09601551083915183, 2.000000000000000000 ) ) ;
#6813 = DIRECTION ( 'NONE',  ( -0.000000000000000000, -0.000000000000000000, 1.000000000000000000 ) ) ;
#6814 = AXIS2_PLACEMENT_3D ( 'NONE', #380, #8044, #3645 ) ;
#6815 = ADVANCED_FACE ( 'NONE', ( #7805 ), #941, .F. ) ;
#6816 = DIRECTION ( 'NONE',  ( 1.000000000000000000, 0.000000000000000000, 0.000000000000000000 ) ) ;
#6817 = ORIENTED_EDGE ( 'NONE', *, *, #7982, .F. ) ;
#6818 = DIRECTION ( 'NONE',  ( -3.652049423109067827E-16, 1.000000000000000000, -0.000000000000000000 ) ) ;
#6819 = ORIENTED_EDGE ( 'NONE', *, *, #6509, .T. ) ;
#6820 = LINE ( 'NONE', #8220, #6661 ) ;
#6821 = AXIS2_PLACEMENT_3D ( 'NONE', #202, #2319, #4827 ) ;
#6822 = EDGE_CURVE ( 'NONE', #5369, #2423, #5410, .T. ) ;
#6823 = EDGE_LOOP ( 'NONE', ( #8684, #7041 ) ) ;
#6824 = LINE ( 'NONE', #6633, #2040 ) ;
#6825 = DIRECTION ( 'NONE',  ( -1.000000000000000000, 0.000000000000000000, 0.000000000000000000 ) ) ;
#6826 = ORIENTED_EDGE ( 'NONE', *, *, #6531, .T. ) ;
#6827 = AXIS2_PLACEMENT_3D ( 'NONE', #2212, #3622, #9686 ) ;
#6828 = CARTESIAN_POINT ( 'NONE',  ( 1.550000000000074873, 85.50000000000001421, 0.000000000000000000 ) ) ;
#6829 = ORIENTED_EDGE ( 'NONE', *, *, #2296, .F. ) ;
#6830 = CARTESIAN_POINT ( 'NONE',  ( -11.00000000000000000, -74.45000000000003126, 0.000000000000000000 ) ) ;
#6831 = AXIS2_PLACEMENT_3D ( 'NONE', #1330, #3092, #6141 ) ;
#6832 = DIRECTION ( 'NONE',  ( -1.000000000000000000, 0.000000000000000000, 0.000000000000000000 ) ) ;
#6833 = CIRCLE ( 'NONE', #1391, 1.549999999999999378 ) ;
#6834 = CIRCLE ( 'NONE', #1392, 6.000000000000013323 ) ;
#6835 = DIRECTION ( 'NONE',  ( 0.000000000000000000, 0.000000000000000000, 1.000000000000000000 ) ) ;
#6836 = AXIS2_PLACEMENT_3D ( 'NONE', #8664, #8561, #1810 ) ;
#6837 = CARTESIAN_POINT ( 'NONE',  ( 43.55000000000008242, 46.00000000000000711, 2.000000000000000000 ) ) ;
#6838 = AXIS2_PLACEMENT_3D ( 'NONE', #9871, #3108, #6213 ) ;
#6839 = CIRCLE ( 'NONE', #446, 1.550000000000009592 ) ;
#6840 = DIRECTION ( 'NONE',  ( 1.000000000000000000, 0.000000000000000000, 0.000000000000000000 ) ) ;
#6841 = VERTEX_POINT ( 'NONE', #8953 ) ;
#6842 = VERTEX_POINT ( 'NONE', #3557 ) ;
#6843 = CARTESIAN_POINT ( 'NONE',  ( 64.00000000000007105, -90.99999999999998579, 0.000000000000000000 ) ) ;
#6844 = ORIENTED_EDGE ( 'NONE', *, *, #7131, .F. ) ;
#6845 = CYLINDRICAL_SURFACE ( 'NONE', #959, 1.549999999999995826 ) ;
#6846 = CYLINDRICAL_SURFACE ( 'NONE', #1830, 1.549999999999995826 ) ;
#6847 = DIRECTION ( 'NONE',  ( 1.000000000000000000, 0.000000000000000000, 0.000000000000000000 ) ) ;
#6848 = CIRCLE ( 'NONE', #2541, 1.549999999999995826 ) ;
#6849 = EDGE_CURVE ( 'NONE', #7138, #6866, #5758, .T. ) ;
#6850 = VECTOR ( 'NONE', #5394, 1000.000000000000000 ) ;
#6851 = DIRECTION ( 'NONE',  ( 1.000000000000000000, 0.000000000000000000, 0.000000000000000000 ) ) ;
#6852 = ORIENTED_EDGE ( 'NONE', *, *, #592, .F. ) ;
#6853 = DIRECTION ( 'NONE',  ( 1.000000000000000000, 0.000000000000000000, 0.000000000000000000 ) ) ;
#6854 = STYLED_ITEM ( 'NONE', ( #2752 ), #8023 ) ;
#6855 = ORIENTED_EDGE ( 'NONE', *, *, #5123, .F. ) ;
#6856 = FACE_OUTER_BOUND ( 'NONE', #488, .T. ) ;
#6857 = CARTESIAN_POINT ( 'NONE',  ( -30.54999999999998650, -36.50000000000000711, 2.000000000000000000 ) ) ;
#6858 = ORIENTED_EDGE ( 'NONE', *, *, #1044, .T. ) ;
#6859 = CARTESIAN_POINT ( 'NONE',  ( 22.00000000000000000, 60.19999999999999574, 0.000000000000000000 ) ) ;
#6860 = ORIENTED_EDGE ( 'NONE', *, *, #7304, .T. ) ;
#6861 = DIRECTION ( 'NONE',  ( -0.000000000000000000, -0.000000000000000000, -1.000000000000000000 ) ) ;
#6862 = DIRECTION ( 'NONE',  ( 0.000000000000000000, 0.000000000000000000, 1.000000000000000000 ) ) ;
#6863 = LINE ( 'NONE', #4477, #6204 ) ;
#6864 = CYLINDRICAL_SURFACE ( 'NONE', #818, 1.550000000000002709 ) ;
#6865 = ADVANCED_FACE ( 'NONE', ( #8096 ), #5052, .F. ) ;
#6866 = VERTEX_POINT ( 'NONE', #1142 ) ;
#6867 = DIRECTION ( 'NONE',  ( -1.000000000000000000, 0.000000000000000000, 0.000000000000000000 ) ) ;
#6868 = ORIENTED_EDGE ( 'NONE', *, *, #7646, .F. ) ;
#6869 = DIRECTION ( 'NONE',  ( 1.000000000000000000, 0.000000000000000000, 0.000000000000000000 ) ) ;
#6870 = VECTOR ( 'NONE', #2156, 1000.000000000000000 ) ;
#6871 = EDGE_LOOP ( 'NONE', ( #6759, #5066, #8149, #839 ) ) ;
#6872 = FACE_BOUND ( 'NONE', #5595, .T. ) ;
#6873 = AXIS2_PLACEMENT_3D ( 'NONE', #8286, #8187, #5236 ) ;
#6874 = AXIS2_PLACEMENT_3D ( 'NONE', #6433, #8972, #4938 ) ;
#6875 = FACE_OUTER_BOUND ( 'NONE', #1463, .T. ) ;
#6876 = ORIENTED_EDGE ( 'NONE', *, *, #5864, .T. ) ;
#6877 = CARTESIAN_POINT ( 'NONE',  ( 42.00000000000004263, -54.00000000000003553, 0.000000000000000000 ) ) ;
#6878 = ADVANCED_FACE ( 'NONE', ( #8901 ), #8851, .F. ) ;
#6879 = VERTEX_POINT ( 'NONE', #482 ) ;
#6880 = CARTESIAN_POINT ( 'NONE',  ( -26.45000000000001350, -46.99999999999998579, 2.000000000000000000 ) ) ;
#6881 = EDGE_CURVE ( 'NONE', #3256, #2252, #2649, .T. ) ;
#6882 = DIRECTION ( 'NONE',  ( -0.000000000000000000, -0.000000000000000000, 1.000000000000000000 ) ) ;
#6883 = VECTOR ( 'NONE', #4109, 1000.000000000000000 ) ;
#6884 = ADVANCED_FACE ( 'NONE', ( #529 ), #5003, .F. ) ;
#6885 = EDGE_CURVE ( 'NONE', #7117, #8471, #1252, .T. ) ;
#6886 = DIRECTION ( 'NONE',  ( 1.000000000000000000, 0.000000000000000000, 0.000000000000000000 ) ) ;
#6887 = AXIS2_PLACEMENT_3D ( 'NONE', #5043, #375, #8738 ) ;
#6888 = DIRECTION ( 'NONE',  ( -0.000000000000000000, -0.000000000000000000, 1.000000000000000000 ) ) ;
#6889 = CARTESIAN_POINT ( 'NONE',  ( 9.000000000000003553, 24.50000000000000711, 0.000000000000000000 ) ) ;
#6890 = VERTEX_POINT ( 'NONE', #1189 ) ;
#6891 = ORIENTED_EDGE ( 'NONE', *, *, #5420, .T. ) ;
#6892 = CARTESIAN_POINT ( 'NONE',  ( 6.000000000000060396, 89.45000000000000284, 0.000000000000000000 ) ) ;
#6893 = ORIENTED_EDGE ( 'NONE', *, *, #1992, .T. ) ;
#6894 = CARTESIAN_POINT ( 'NONE',  ( 13.45000000000000639, 77.00000000000000000, 2.000000000000000000 ) ) ;
#6895 = CARTESIAN_POINT ( 'NONE',  ( 18.49999999999996092, -45.99999999999998579, 0.000000000000000000 ) ) ;
#6896 = DIRECTION ( 'NONE',  ( 1.000000000000000000, 0.000000000000000000, 0.000000000000000000 ) ) ;
#6897 = EDGE_CURVE ( 'NONE', #5691, #58, #6644, .T. ) ;
#6898 = DIRECTION ( 'NONE',  ( -0.000000000000000000, -0.000000000000000000, -1.000000000000000000 ) ) ;
#6899 = ORIENTED_EDGE ( 'NONE', *, *, #9826, .T. ) ;
#6900 = CARTESIAN_POINT ( 'NONE',  ( 40.45000000000007390, 46.00000000000000711, 0.000000000000000000 ) ) ;
#6901 = ORIENTED_EDGE ( 'NONE', *, *, #2059, .F. ) ;
#6902 = LINE ( 'NONE', #9208, #7799 ) ;
#6903 = DIRECTION ( 'NONE',  ( 1.000000000000000000, 0.000000000000000000, 0.000000000000000000 ) ) ;
#6904 = ORIENTED_EDGE ( 'NONE', *, *, #3888, .T. ) ;
#6905 = DIRECTION ( 'NONE',  ( -0.000000000000000000, -0.000000000000000000, 1.000000000000000000 ) ) ;
#6906 = VERTEX_POINT ( 'NONE', #4254 ) ;
#6907 = DIRECTION ( 'NONE',  ( -0.000000000000000000, -0.000000000000000000, -1.000000000000000000 ) ) ;
#6908 = CARTESIAN_POINT ( 'NONE',  ( 7.500000000000002665, -33.50000000000000000, 2.000000000000000000 ) ) ;
#6909 = CARTESIAN_POINT ( 'NONE',  ( 13.00000000000000000, 62.00000000000000000, 0.000000000000000000 ) ) ;
#6910 = ORIENTED_EDGE ( 'NONE', *, *, #5917, .T. ) ;
#6911 = DIRECTION ( 'NONE',  ( -1.000000000000000000, 0.000000000000000000, 0.000000000000000000 ) ) ;
#6912 = ORIENTED_EDGE ( 'NONE', *, *, #7180, .F. ) ;
#6913 = EDGE_CURVE ( 'NONE', #5463, #2738, #6848, .T. ) ;
#6914 = VERTEX_POINT ( 'NONE', #5102 ) ;
#6915 = CARTESIAN_POINT ( 'NONE',  ( -3.125000000000001776, 65.00000000000000000, 0.000000000000000000 ) ) ;
#6916 = ORIENTED_EDGE ( 'NONE', *, *, #6571, .T. ) ;
#6917 = LINE ( 'NONE', #6232, #4752 ) ;
#6918 = VERTEX_POINT ( 'NONE', #8148 ) ;
#6919 = FACE_BOUND ( 'NONE', #7875, .T. ) ;
#6920 = CARTESIAN_POINT ( 'NONE',  ( -41.99999999999999289, -46.00000000000003553, 2.000000000000000000 ) ) ;
#6921 = ORIENTED_EDGE ( 'NONE', *, *, #3437, .F. ) ;
#6922 = DIRECTION ( 'NONE',  ( -1.000000000000000000, 0.000000000000000000, 0.000000000000000000 ) ) ;
#6923 = ORIENTED_EDGE ( 'NONE', *, *, #8357, .F. ) ;
#6924 = CARTESIAN_POINT ( 'NONE',  ( 27.45000000000008811, 85.49999999999998579, 2.000000000000000000 ) ) ;
#6925 = VERTEX_POINT ( 'NONE', #3603 ) ;
#6926 = EDGE_CURVE ( 'NONE', #415, #189, #435, .T. ) ;
#6927 = FACE_OUTER_BOUND ( 'NONE', #7005, .T. ) ;
#6928 = EDGE_CURVE ( 'NONE', #874, #9392, #7176, .T. ) ;
#6929 = VECTOR ( 'NONE', #1118, 1000.000000000000114 ) ;
#6930 = EDGE_LOOP ( 'NONE', ( #2431, #8520 ) ) ;
#6931 = EDGE_CURVE ( 'NONE', #3503, #7711, #5898, .T. ) ;
#6932 = DIRECTION ( 'NONE',  ( 0.7071067811865464625, -0.7071067811865486830, 0.000000000000000000 ) ) ;
#6933 = DIRECTION ( 'NONE',  ( -0.7682212795973755171, 0.6401843996644801527, 0.000000000000000000 ) ) ;
#6934 = VECTOR ( 'NONE', #5818, 1000.000000000000000 ) ;
#6935 = DIRECTION ( 'NONE',  ( 0.000000000000000000, 0.000000000000000000, 1.000000000000000000 ) ) ;
#6936 = VERTEX_POINT ( 'NONE', #7206 ) ;
#6937 = EDGE_CURVE ( 'NONE', #6925, #7392, #8752, .T. ) ;
#6938 = EDGE_LOOP ( 'NONE', ( #4746, #4794, #8466, #5007 ) ) ;
#6939 = CARTESIAN_POINT ( 'NONE',  ( -41.99999999999999289, -46.00000000000003553, 0.000000000000000000 ) ) ;
#6940 = VERTEX_POINT ( 'NONE', #3410 ) ;
#6941 = CARTESIAN_POINT ( 'NONE',  ( -56.00000000000001421, -91.00000000000000000, 2.000000000000000000 ) ) ;
#6942 = CARTESIAN_POINT ( 'NONE',  ( 30.55000000000000426, -9.500000000000000000, 0.000000000000000000 ) ) ;
#6943 = AXIS2_PLACEMENT_3D ( 'NONE', #4203, #4351, #8799 ) ;
#6944 = DIRECTION ( 'NONE',  ( -1.000000000000000000, 0.000000000000000000, 0.000000000000000000 ) ) ;
#6945 = FACE_OUTER_BOUND ( 'NONE', #8241, .T. ) ;
#6946 = ORIENTED_EDGE ( 'NONE', *, *, #5746, .F. ) ;
#6947 = CIRCLE ( 'NONE', #4240, 4.000000000000014211 ) ;
#6948 = CARTESIAN_POINT ( 'NONE',  ( 28.00000000000005329, -77.00000000000002842, 2.000000000000000000 ) ) ;
#6949 = VERTEX_POINT ( 'NONE', #9513 ) ;
#6950 = DIRECTION ( 'NONE',  ( 1.000000000000000000, 0.000000000000000000, 0.000000000000000000 ) ) ;
#6951 = CARTESIAN_POINT ( 'NONE',  ( 22.09601551083917670, 19.90398448916085883, 2.000000000000000000 ) ) ;
#6952 = ORIENTED_EDGE ( 'NONE', *, *, #5735, .T. ) ;
#6953 = DIRECTION ( 'NONE',  ( 0.7808688094430300541, 0.6246950475544246206, 0.000000000000000000 ) ) ;
#6954 = ORIENTED_EDGE ( 'NONE', *, *, #9382, .F. ) ;
#6955 = CARTESIAN_POINT ( 'NONE',  ( -11.09601551083913762, -8.903984489160825078, 0.000000000000000000 ) ) ;
#6956 = FACE_OUTER_BOUND ( 'NONE', #6236, .T. ) ;
#6957 = DIRECTION ( 'NONE',  ( 1.000000000000000000, 0.000000000000000000, 0.000000000000000000 ) ) ;
#6958 = ORIENTED_EDGE ( 'NONE', *, *, #1566, .F. ) ;
#6959 = CARTESIAN_POINT ( 'NONE',  ( -30.54999999999999716, 24.50000000000000000, 0.000000000000000000 ) ) ;
#6960 = ORIENTED_EDGE ( 'NONE', *, *, #7597, .F. ) ;
#6961 = ORIENTED_EDGE ( 'NONE', *, *, #4264, .T. ) ;
#6962 = AXIS2_PLACEMENT_3D ( 'NONE', #2041, #4957, #1091 ) ;
#6963 = DIRECTION ( 'NONE',  ( -0.000000000000000000, -0.000000000000000000, 1.000000000000000000 ) ) ;
#6964 = VERTEX_POINT ( 'NONE', #5702 ) ;
#6965 = CARTESIAN_POINT ( 'NONE',  ( 29.00000000000001776, -36.50000000000000000, 0.000000000000000000 ) ) ;
#6966 = ADVANCED_FACE ( 'NONE', ( #1904 ), #4209, .T. ) ;
#6967 = AXIS2_PLACEMENT_3D ( 'NONE', #6692, #3554, #6642 ) ;
#6968 = ORIENTED_EDGE ( 'NONE', *, *, #5756, .T. ) ;
#6969 = FACE_BOUND ( 'NONE', #7359, .T. ) ;
#6970 = EDGE_CURVE ( 'NONE', #6000, #1836, #9618, .T. ) ;
#6971 = EDGE_LOOP ( 'NONE', ( #2493, #3823, #2411, #6505 ) ) ;
#6972 = CARTESIAN_POINT ( 'NONE',  ( 46.00000000000008527, -92.54999999999998295, 2.000000000000000000 ) ) ;
#6973 = ORIENTED_EDGE ( 'NONE', *, *, #2194, .T. ) ;
#6974 = CARTESIAN_POINT ( 'NONE',  ( -30.55000000000000782, 9.500000000000000000, 0.000000000000000000 ) ) ;
#6975 = ORIENTED_EDGE ( 'NONE', *, *, #2723, .T. ) ;
#6976 = AXIS2_PLACEMENT_3D ( 'NONE', #6965, #6126, #1616 ) ;
#6977 = DIRECTION ( 'NONE',  ( 1.000000000000000000, 0.000000000000000000, 0.000000000000000000 ) ) ;
#6978 = ORIENTED_EDGE ( 'NONE', *, *, #2296, .T. ) ;
#6979 = CARTESIAN_POINT ( 'NONE',  ( 57.55000000000004690, -54.00000000000003553, 2.000000000000000000 ) ) ;
#6980 = CIRCLE ( 'NONE', #585, 1.549999999999995826 ) ;
#6981 = CIRCLE ( 'NONE', #6362, 1.549999999999995826 ) ;
#6982 = AXIS2_PLACEMENT_3D ( 'NONE', #7389, #3556, #7998 ) ;
#6983 = AXIS2_PLACEMENT_3D ( 'NONE', #3142, #9447, #6295 ) ;
#6984 = DIRECTION ( 'NONE',  ( 0.000000000000000000, 0.000000000000000000, 1.000000000000000000 ) ) ;
#6985 = ORIENTED_EDGE ( 'NONE', *, *, #8662, .F. ) ;
#6986 = AXIS2_PLACEMENT_3D ( 'NONE', #2982, #8371, #6825 ) ;
#6987 = ORIENTED_EDGE ( 'NONE', *, *, #8833, .F. ) ;
#6988 = CARTESIAN_POINT ( 'NONE',  ( 22.09601551083917670, 19.90398448916085883, 0.000000000000000000 ) ) ;
#6989 = CIRCLE ( 'NONE', #434, 1.550000000000002265 ) ;
#6990 = ORIENTED_EDGE ( 'NONE', *, *, #7100, .F. ) ;
#6991 = DIRECTION ( 'NONE',  ( 0.000000000000000000, -1.000000000000000000, 0.000000000000000000 ) ) ;
#6992 = EDGE_CURVE ( 'NONE', #415, #8856, #2945, .T. ) ;
#6993 = CIRCLE ( 'NONE', #1721, 1.550000000000002709 ) ;
#6994 = DIRECTION ( 'NONE',  ( 0.000000000000000000, 0.000000000000000000, 1.000000000000000000 ) ) ;
#6995 = DIRECTION ( 'NONE',  ( -0.000000000000000000, -0.000000000000000000, -1.000000000000000000 ) ) ;
#6996 = EDGE_CURVE ( 'NONE', #9711, #46, #295, .T. ) ;
#6997 = CIRCLE ( 'NONE', #2689, 4.000000000000014211 ) ;
#6998 = AXIS2_PLACEMENT_3D ( 'NONE', #8615, #3268, #4820 ) ;
#6999 = EDGE_CURVE ( 'NONE', #4197, #644, #8445, .T. ) ;
#7000 = AXIS2_PLACEMENT_3D ( 'NONE', #389, #3459, #6502 ) ;
#7001 = VECTOR ( 'NONE', #7488, 1000.000000000000000 ) ;
#7002 = CARTESIAN_POINT ( 'NONE',  ( -30.54999999999998650, -36.50000000000000711, 0.000000000000000000 ) ) ;
#7003 = VERTEX_POINT ( 'NONE', #1431 ) ;
#7004 = CARTESIAN_POINT ( 'NONE',  ( 36.86999999999999744, 20.36000000000000298, 2.000000000000000000 ) ) ;
#7005 = EDGE_LOOP ( 'NONE', ( #2583, #8496, #2887, #2956 ) ) ;
#7006 = FACE_BOUND ( 'NONE', #1047, .T. ) ;
#7007 = DIRECTION ( 'NONE',  ( -0.000000000000000000, -0.000000000000000000, -1.000000000000000000 ) ) ;
#7008 = AXIS2_PLACEMENT_3D ( 'NONE', #2203, #4558, #6064 ) ;
#7009 = ORIENTED_EDGE ( 'NONE', *, *, #9849, .T. ) ;
#7010 = AXIS2_PLACEMENT_3D ( 'NONE', #9435, #4032, #1774 ) ;
#7011 = CARTESIAN_POINT ( 'NONE',  ( 22.00000000000000000, 60.19999999999999574, 2.000000000000000000 ) ) ;
#7012 = ORIENTED_EDGE ( 'NONE', *, *, #8579, .F. ) ;
#7013 = EDGE_CURVE ( 'NONE', #1467, #1579, #4120, .T. ) ;
#7014 = EDGE_CURVE ( 'NONE', #2394, #8293, #6039, .T. ) ;
#7015 = DIRECTION ( 'NONE',  ( -0.000000000000000000, -0.000000000000000000, 1.000000000000000000 ) ) ;
#7016 = FACE_OUTER_BOUND ( 'NONE', #2344, .T. ) ;
#7017 = DIRECTION ( 'NONE',  ( -0.000000000000000000, -0.000000000000000000, 1.000000000000000000 ) ) ;
#7018 = ORIENTED_EDGE ( 'NONE', *, *, #6027, .T. ) ;
#7019 = DIRECTION ( 'NONE',  ( 1.000000000000000000, 0.000000000000000000, 0.000000000000000000 ) ) ;
#7020 = VERTEX_POINT ( 'NONE', #8238 ) ;
#7021 = CARTESIAN_POINT ( 'NONE',  ( 7.500000000000002665, -33.50000000000000000, 0.000000000000000000 ) ) ;
#7022 = ORIENTED_EDGE ( 'NONE', *, *, #409, .F. ) ;
#7023 = DIRECTION ( 'NONE',  ( 0.000000000000000000, 0.000000000000000000, 1.000000000000000000 ) ) ;
#7024 = AXIS2_PLACEMENT_3D ( 'NONE', #7454, #9114, #5265 ) ;
#7025 = ADVANCED_FACE ( 'NONE', ( #2238 ), #6099, .F. ) ;
#7026 = ORIENTED_EDGE ( 'NONE', *, *, #5286, .T. ) ;
#7027 = FACE_BOUND ( 'NONE', #8818, .T. ) ;
#7028 = DIRECTION ( 'NONE',  ( 1.000000000000000000, 0.000000000000000000, 0.000000000000000000 ) ) ;
#7029 = ORIENTED_EDGE ( 'NONE', *, *, #8779, .T. ) ;
#7030 = CARTESIAN_POINT ( 'NONE',  ( 50.45000000000005258, 47.00000000000001421, 2.000000000000000000 ) ) ;
#7031 = EDGE_LOOP ( 'NONE', ( #5195, #7617, #2386, #7348 ) ) ;
#7032 = FACE_OUTER_BOUND ( 'NONE', #1261, .T. ) ;
#7033 = VERTEX_POINT ( 'NONE', #3699 ) ;
#7034 = CARTESIAN_POINT ( 'NONE',  ( -64.00000000000001421, 91.00000000000000000, 2.000000000000000000 ) ) ;
#7035 = ORIENTED_EDGE ( 'NONE', *, *, #967, .F. ) ;
#7036 = AXIS2_PLACEMENT_3D ( 'NONE', #2243, #5299, #7495 ) ;
#7037 = DIRECTION ( 'NONE',  ( 0.000000000000000000, 0.000000000000000000, 1.000000000000000000 ) ) ;
#7038 = AXIS2_PLACEMENT_3D ( 'NONE', #4883, #3674, #8925 ) ;
#7039 = DIRECTION ( 'NONE',  ( 1.000000000000000000, 0.000000000000000000, 0.000000000000000000 ) ) ;
#7040 = ORIENTED_EDGE ( 'NONE', *, *, #4372, .T. ) ;
#7041 = ORIENTED_EDGE ( 'NONE', *, *, #132, .F. ) ;
#7042 = CARTESIAN_POINT ( 'NONE',  ( 11.00000000000000000, -52.55000000000001137, 2.000000000000000000 ) ) ;
#7043 = ORIENTED_EDGE ( 'NONE', *, *, #4745, .F. ) ;
#7044 = PLANE ( 'NONE',  #972 ) ;
#7045 = VECTOR ( 'NONE', #3904, 1000.000000000000000 ) ;
#7046 = PLANE ( 'NONE',  #9187 ) ;
#7047 = CARTESIAN_POINT ( 'NONE',  ( 1.387778780781445676E-14, -91.00000000000000000, 2.000000000000000000 ) ) ;
#7048 = AXIS2_PLACEMENT_3D ( 'NONE', #6397, #9453, #9501 ) ;
#7049 = CARTESIAN_POINT ( 'NONE',  ( -14.99999999999999645, 52.99999999999999289, 0.000000000000000000 ) ) ;
#7050 =( LENGTH_UNIT ( ) NAMED_UNIT ( * ) SI_UNIT ( .MILLI., .METRE. ) );
#7051 = ORIENTED_EDGE ( 'NONE', *, *, #6849, .T. ) ;
#7052 = DIRECTION ( 'NONE',  ( 0.000000000000000000, 0.000000000000000000, 1.000000000000000000 ) ) ;
#7053 = ORIENTED_EDGE ( 'NONE', *, *, #19, .T. ) ;
#7054 = FACE_BOUND ( 'NONE', #7749, .T. ) ;
#7055 = LINE ( 'NONE', #7808, #7045 ) ;
#7056 = VERTEX_POINT ( 'NONE', #9100 ) ;
#7057 = CARTESIAN_POINT ( 'NONE',  ( 19.90398448916085528, -22.09601551083915183, 0.000000000000000000 ) ) ;
#7058 = EDGE_LOOP ( 'NONE', ( #5317, #5261, #5039, #9056 ) ) ;
#7059 = EDGE_CURVE ( 'NONE', #494, #4165, #8262, .T. ) ;
#7060 = CARTESIAN_POINT ( 'NONE',  ( 42.00000000000004263, -70.00000000000002842, 0.000000000000000000 ) ) ;
#7061 = EDGE_CURVE ( 'NONE', #2648, #3258, #4288, .T. ) ;
#7062 = EDGE_CURVE ( 'NONE', #6076, #9178, #4501, .T. ) ;
#7063 = FACE_OUTER_BOUND ( 'NONE', #613, .T. ) ;
#7064 = VERTEX_POINT ( 'NONE', #3741 ) ;
#7065 = CARTESIAN_POINT ( 'NONE',  ( -9.000000000000005329, 32.50000000000001421, 0.000000000000000000 ) ) ;
#7066 = VERTEX_POINT ( 'NONE', #1523 ) ;
#7067 = EDGE_CURVE ( 'NONE', #2648, #1629, #9043, .T. ) ;
#7068 = CARTESIAN_POINT ( 'NONE',  ( 46.00000000000004263, 92.55000000000001137, 2.000000000000000000 ) ) ;
#7069 = ORIENTED_EDGE ( 'NONE', *, *, #501, .F. ) ;
#7070 = CARTESIAN_POINT ( 'NONE',  ( 53.55000000000003979, 77.00000000000002842, 0.000000000000000000 ) ) ;
#7071 = EDGE_LOOP ( 'NONE', ( #5862, #5960 ) ) ;
#7072 = FACE_BOUND ( 'NONE', #2388, .T. ) ;
#7073 = DIRECTION ( 'NONE',  ( -1.000000000000000000, -0.000000000000000000, -0.000000000000000000 ) ) ;
#7074 = ORIENTED_EDGE ( 'NONE', *, *, #338, .T. ) ;
#7075 = EDGE_CURVE ( 'NONE', #7753, #1807, #2035, .T. ) ;
#7076 = CARTESIAN_POINT ( 'NONE',  ( -46.00000000000005684, 89.45000000000000284, 0.000000000000000000 ) ) ;
#7077 = ORIENTED_EDGE ( 'NONE', *, *, #9015, .F. ) ;
#7078 = PLANE ( 'NONE',  #1859 ) ;
#7079 = ORIENTED_EDGE ( 'NONE', *, *, #3218, .T. ) ;
#7080 = DIRECTION ( 'NONE',  ( -1.000000000000000000, 0.000000000000000000, 0.000000000000000000 ) ) ;
#7081 = VECTOR ( 'NONE', #810, 1000.000000000000000 ) ;
#7082 = EDGE_LOOP ( 'NONE', ( #1696, #4479 ) ) ;
#7083 = DIRECTION ( 'NONE',  ( 1.000000000000000000, 0.000000000000000000, 0.000000000000000000 ) ) ;
#7084 = EDGE_CURVE ( 'NONE', #4573, #4137, #9911, .T. ) ;
#7085 = CARTESIAN_POINT ( 'NONE',  ( -26.45000000000001705, -77.00000000000002842, 2.000000000000000000 ) ) ;
#7086 = ORIENTED_EDGE ( 'NONE', *, *, #8145, .F. ) ;
#7087 = DIRECTION ( 'NONE',  ( 1.000000000000000000, 0.000000000000000000, 0.000000000000000000 ) ) ;
#7088 = EDGE_LOOP ( 'NONE', ( #3675, #2934, #2787, #2785 ) ) ;
#7089 = FACE_OUTER_BOUND ( 'NONE', #7287, .T. ) ;
#7090 = AXIS2_PLACEMENT_3D ( 'NONE', #704, #8934, #6867 ) ;
#7091 = DIRECTION ( 'NONE',  ( 0.000000000000000000, 0.000000000000000000, 1.000000000000000000 ) ) ;
#7092 = AXIS2_PLACEMENT_3D ( 'NONE', #1347, #7549, #9011 ) ;
#7093 = DIRECTION ( 'NONE',  ( 1.000000000000000000, 0.000000000000000000, 0.000000000000000000 ) ) ;
#7094 = CIRCLE ( 'NONE', #6771, 4.999999999999984013 ) ;
#7095 = CARTESIAN_POINT ( 'NONE',  ( -19.90398448916085528, 22.09601551083915183, 2.000000000000000000 ) ) ;
#7096 = CIRCLE ( 'NONE', #8367, 1.549999999999999378 ) ;
#7097 = EDGE_LOOP ( 'NONE', ( #752, #8006, #4490, #1891 ) ) ;
#7098 = DIRECTION ( 'NONE',  ( 0.000000000000000000, 0.000000000000000000, 1.000000000000000000 ) ) ;
#7099 = ORIENTED_EDGE ( 'NONE', *, *, #9199, .T. ) ;
#7100 = EDGE_CURVE ( 'NONE', #6251, #4731, #5293, .T. ) ;
#7101 = AXIS2_PLACEMENT_3D ( 'NONE', #232, #9307, #7093 ) ;
#7102 = EDGE_LOOP ( 'NONE', ( #8062, #1064 ) ) ;
#7103 = FACE_BOUND ( 'NONE', #8027, .T. ) ;
#7104 = CARTESIAN_POINT ( 'NONE',  ( -52.00000000000002132, 77.00000000000001421, 2.000000000000000000 ) ) ;
#7105 = EDGE_CURVE ( 'NONE', #3340, #3841, #3492, .T. ) ;
#7106 = ORIENTED_EDGE ( 'NONE', *, *, #5544, .F. ) ;
#7107 = DIRECTION ( 'NONE',  ( -0.000000000000000000, -0.000000000000000000, 1.000000000000000000 ) ) ;
#7108 = ORIENTED_EDGE ( 'NONE', *, *, #1175, .T. ) ;
#7109 = VECTOR ( 'NONE', #510, 1000.000000000000000 ) ;
#7110 = CARTESIAN_POINT ( 'NONE',  ( 6.044257964301539101E-15, -11.99999999999999645, 0.000000000000000000 ) ) ;
#7111 = CARTESIAN_POINT ( 'NONE',  ( 6.000000000000060396, -92.54999999999999716, 2.000000000000000000 ) ) ;
#7112 = EDGE_CURVE ( 'NONE', #245, #1418, #3047, .T. ) ;
#7113 = ORIENTED_EDGE ( 'NONE', *, *, #5325, .T. ) ;
#7114 = CYLINDRICAL_SURFACE ( 'NONE', #2208, 1.549999999999999378 ) ;
#7115 = DIRECTION ( 'NONE',  ( -0.000000000000000000, -0.000000000000000000, -1.000000000000000000 ) ) ;
#7116 = DIRECTION ( 'NONE',  ( -1.000000000000000000, 0.000000000000000000, 0.000000000000000000 ) ) ;
#7117 = VERTEX_POINT ( 'NONE', #20 ) ;
#7118 = EDGE_CURVE ( 'NONE', #7739, #9692, #4764, .T. ) ;
#7119 = CARTESIAN_POINT ( 'NONE',  ( 54.00000000000004263, 99.00000000000001421, 2.000000000000000000 ) ) ;
#7120 = EDGE_CURVE ( 'NONE', #3999, #7056, #9193, .T. ) ;
#7121 = EDGE_CURVE ( 'NONE', #138, #1799, #5083, .T. ) ;
#7122 = FACE_BOUND ( 'NONE', #1600, .T. ) ;
#7123 = CARTESIAN_POINT ( 'NONE',  ( -30.54999999999992966, 85.50000000000002842, 2.000000000000000000 ) ) ;
#7124 = ORIENTED_EDGE ( 'NONE', *, *, #5729, .T. ) ;
#7125 = DIRECTION ( 'NONE',  ( 1.000000000000000000, 0.000000000000000000, 0.000000000000000000 ) ) ;
#7126 = EDGE_LOOP ( 'NONE', ( #5717, #6546 ) ) ;
#7127 = DIRECTION ( 'NONE',  ( -1.000000000000000000, 0.000000000000000000, 0.000000000000000000 ) ) ;
#7128 = EDGE_LOOP ( 'NONE', ( #557, #4200 ) ) ;
#7129 = CARTESIAN_POINT ( 'NONE',  ( -28.99999999999995737, 36.50000000000003553, 2.000000000000000000 ) ) ;
#7130 = ADVANCED_FACE ( 'NONE', ( #2489 ), #3246, .F. ) ;
#7131 = EDGE_CURVE ( 'NONE', #6288, #2718, #8588, .T. ) ;
#7132 = CIRCLE ( 'NONE', #2180, 1.550000000000004485 ) ;
#7133 = AXIS2_PLACEMENT_3D ( 'NONE', #8585, #1732, #9299 ) ;
#7134 = VERTEX_POINT ( 'NONE', #9349 ) ;
#7135 = CARTESIAN_POINT ( 'NONE',  ( -53.55000000000002558, -47.00000000000000000, 2.000000000000000000 ) ) ;
#7136 = AXIS2_PLACEMENT_3D ( 'NONE', #6289, #3927, #3990 ) ;
#7137 = CYLINDRICAL_SURFACE ( 'NONE', #4593, 1.550000000000002709 ) ;
#7138 = VERTEX_POINT ( 'NONE', #8538 ) ;
#7139 = AXIS2_PLACEMENT_3D ( 'NONE', #252, #1565, #852 ) ;
#7140 = DIRECTION ( 'NONE',  ( -1.000000000000000000, 0.000000000000000000, 0.000000000000000000 ) ) ;
#7141 = VERTEX_POINT ( 'NONE', #7085 ) ;
#7142 = LINE ( 'NONE', #3551, #2584 ) ;
#7143 = FACE_OUTER_BOUND ( 'NONE', #5395, .T. ) ;
#7144 = FACE_OUTER_BOUND ( 'NONE', #1708, .T. ) ;
#7145 = AXIS2_PLACEMENT_3D ( 'NONE', #7971, #6425, #460 ) ;
#7146 = AXIS2_PLACEMENT_3D ( 'NONE', #1979, #1220, #5836 ) ;
#7147 = AXIS2_PLACEMENT_3D ( 'NONE', #3406, #2942, #7485 ) ;
#7148 = DIRECTION ( 'NONE',  ( -0.000000000000000000, -0.000000000000000000, -1.000000000000000000 ) ) ;
#7149 = VECTOR ( 'NONE', #5747, 1000.000000000000000 ) ;
#7150 = DIRECTION ( 'NONE',  ( 0.000000000000000000, 0.000000000000000000, 1.000000000000000000 ) ) ;
#7151 = ORIENTED_EDGE ( 'NONE', *, *, #4655, .F. ) ;
#7152 = AXIS2_PLACEMENT_3D ( 'NONE', #9235, #5670, #1861 ) ;
#7153 = CARTESIAN_POINT ( 'NONE',  ( -53.55000000000002558, -47.00000000000000000, 0.000000000000000000 ) ) ;
#7154 = ORIENTED_EDGE ( 'NONE', *, *, #6629, .T. ) ;
#7155 = VERTEX_POINT ( 'NONE', #4793 ) ;
#7156 = FACE_BOUND ( 'NONE', #4404, .T. ) ;
#7157 = ORIENTED_EDGE ( 'NONE', *, *, #3001, .F. ) ;
#7158 = DIRECTION ( 'NONE',  ( 0.000000000000000000, 0.000000000000000000, 1.000000000000000000 ) ) ;
#7159 = EDGE_CURVE ( 'NONE', #3570, #1592, #1546, .T. ) ;
#7160 = ORIENTED_EDGE ( 'NONE', *, *, #8157, .F. ) ;
#7161 = DIRECTION ( 'NONE',  ( -0.000000000000000000, -0.000000000000000000, 1.000000000000000000 ) ) ;
#7162 = CIRCLE ( 'NONE', #1550, 1.549999999999998712 ) ;
#7163 = ORIENTED_EDGE ( 'NONE', *, *, #3409, .F. ) ;
#7164 = VECTOR ( 'NONE', #3473, 1000.000000000000000 ) ;
#7165 = VECTOR ( 'NONE', #3912, 1000.000000000000000 ) ;
#7166 = CARTESIAN_POINT ( 'NONE',  ( 11.00000000000000000, -51.00000000000000711, 0.000000000000000000 ) ) ;
#7167 = CIRCLE ( 'NONE', #120, 1.550000000000002709 ) ;
#7168 = CARTESIAN_POINT ( 'NONE',  ( -48.99999999999998579, 7.500000000000000888, 2.000000000000000000 ) ) ;
#7169 = AXIS2_PLACEMENT_3D ( 'NONE', #8904, #2001, #8099 ) ;
#7170 = ORIENTED_EDGE ( 'NONE', *, *, #6721, .F. ) ;
#7171 = CARTESIAN_POINT ( 'NONE',  ( 46.00000000000008527, -92.54999999999998295, 2.000000000000000000 ) ) ;
#7172 = CARTESIAN_POINT ( 'NONE',  ( 11.00000000000000000, -77.55000000000001137, 0.000000000000000000 ) ) ;
#7173 = CARTESIAN_POINT ( 'NONE',  ( -54.45000000000002416, 1.898202538678399184E-16, 2.000000000000000000 ) ) ;
#7174 = ORIENTED_EDGE ( 'NONE', *, *, #5349, .T. ) ;
#7175 = CARTESIAN_POINT ( 'NONE',  ( -28.99999999999993250, 85.50000000000002842, 0.000000000000000000 ) ) ;
#7176 = CIRCLE ( 'NONE', #2377, 1.550000000000002709 ) ;
#7177 = AXIS2_PLACEMENT_3D ( 'NONE', #9504, #5601, #2642 ) ;
#7178 = CIRCLE ( 'NONE', #9260, 1.550000000000002709 ) ;
#7179 = CARTESIAN_POINT ( 'NONE',  ( -31.19999999999999929, 69.00000000000000000, 0.000000000000000000 ) ) ;
#7180 = EDGE_CURVE ( 'NONE', #845, #6416, #3962, .T. ) ;
#7181 = DIRECTION ( 'NONE',  ( -0.000000000000000000, -0.000000000000000000, 1.000000000000000000 ) ) ;
#7182 = ORIENTED_EDGE ( 'NONE', *, *, #4335, .T. ) ;
#7183 = CARTESIAN_POINT ( 'NONE',  ( 8.999999999999994671, 32.50000000000002132, 2.000000000000000000 ) ) ;
#7184 = ORIENTED_EDGE ( 'NONE', *, *, #5124, .T. ) ;
#7185 = DIRECTION ( 'NONE',  ( -0.000000000000000000, -0.000000000000000000, -1.000000000000000000 ) ) ;
#7186 = ORIENTED_EDGE ( 'NONE', *, *, #8531, .T. ) ;
#7187 = DIRECTION ( 'NONE',  ( -0.000000000000000000, -0.000000000000000000, 1.000000000000000000 ) ) ;
#7188 = ORIENTED_EDGE ( 'NONE', *, *, #9546, .F. ) ;
#7189 = CARTESIAN_POINT ( 'NONE',  ( -22.09601551083916249, -19.90398448916083041, 0.000000000000000000 ) ) ;
#7190 = EDGE_CURVE ( 'NONE', #2564, #4106, #8116, .T. ) ;
#7191 = CARTESIAN_POINT ( 'NONE',  ( -46.00000000000005684, 89.45000000000000284, 0.000000000000000000 ) ) ;
#7192 = ORIENTED_EDGE ( 'NONE', *, *, #9482, .F. ) ;
#7193 = EDGE_CURVE ( 'NONE', #6184, #9087, #4922, .T. ) ;
#7194 = CARTESIAN_POINT ( 'NONE',  ( -1.550000000000000488, 57.49999999999999289, 2.000000000000000000 ) ) ;
#7195 = ORIENTED_EDGE ( 'NONE', *, *, #5428, .T. ) ;
#7196 = DIRECTION ( 'NONE',  ( -1.000000000000000000, 0.000000000000000000, 0.000000000000000000 ) ) ;
#7197 = DIRECTION ( 'NONE',  ( -3.652049423109067827E-16, 1.000000000000000000, 0.000000000000000000 ) ) ;
#7198 = DIRECTION ( 'NONE',  ( -0.000000000000000000, -0.000000000000000000, 1.000000000000000000 ) ) ;
#7199 = EDGE_CURVE ( 'NONE', #3433, #8676, #5492, .T. ) ;
#7200 = DIRECTION ( 'NONE',  ( -0.000000000000000000, -0.000000000000000000, 1.000000000000000000 ) ) ;
#7201 = AXIS2_PLACEMENT_3D ( 'NONE', #1147, #1291, #5707 ) ;
#7202 = AXIS2_PLACEMENT_3D ( 'NONE', #3959, #888, #7755 ) ;
#7203 = CARTESIAN_POINT ( 'NONE',  ( 12.54999999999998117, -76.00000000000002842, 0.000000000000000000 ) ) ;
#7204 = DIRECTION ( 'NONE',  ( 1.000000000000000000, 0.000000000000000000, 0.000000000000000000 ) ) ;
#7205 = ORIENTED_EDGE ( 'NONE', *, *, #8837, .F. ) ;
#7206 = CARTESIAN_POINT ( 'NONE',  ( -30.54999999999999716, -24.50000000000000000, 2.000000000000000000 ) ) ;
#7207 = EDGE_LOOP ( 'NONE', ( #825, #8649 ) ) ;
#7208 = VECTOR ( 'NONE', #6413, 1000.000000000000000 ) ;
#7209 = ORIENTED_EDGE ( 'NONE', *, *, #5603, .T. ) ;
#7210 = FACE_BOUND ( 'NONE', #5367, .T. ) ;
#7211 = VERTEX_POINT ( 'NONE', #174 ) ;
#7212 = DIRECTION ( 'NONE',  ( 0.000000000000000000, -0.000000000000000000, -1.000000000000000000 ) ) ;
#7213 = EDGE_CURVE ( 'NONE', #2872, #4748, #4441, .T. ) ;
#7214 = ORIENTED_EDGE ( 'NONE', *, *, #817, .F. ) ;
#7215 = LINE ( 'NONE', #7057, #1980 ) ;
#7216 = ORIENTED_EDGE ( 'NONE', *, *, #6460, .F. ) ;
#7217 = FACE_OUTER_BOUND ( 'NONE', #3914, .T. ) ;
#7218 = CYLINDRICAL_SURFACE ( 'NONE', #2690, 1.550000000000002709 ) ;
#7219 = EDGE_LOOP ( 'NONE', ( #1167, #5514 ) ) ;
#7220 = DIRECTION ( 'NONE',  ( -1.000000000000000000, 0.000000000000000000, 0.000000000000000000 ) ) ;
#7221 = CARTESIAN_POINT ( 'NONE',  ( -9.999999999999989342, -9.999999999999973355, 0.000000000000000000 ) ) ;
#7222 = LINE ( 'NONE', #6371, #1339 ) ;
#7223 = ORIENTED_EDGE ( 'NONE', *, *, #9450, .F. ) ;
#7224 = CARTESIAN_POINT ( 'NONE',  ( -6.450000000000000178, 18.00000000000000000, 2.000000000000000000 ) ) ;
#7225 = FACE_BOUND ( 'NONE', #6266, .T. ) ;
#7226 = DIRECTION ( 'NONE',  ( 0.000000000000000000, 0.000000000000000000, 1.000000000000000000 ) ) ;
#7227 = ORIENTED_EDGE ( 'NONE', *, *, #9276, .F. ) ;
#7228 = CIRCLE ( 'NONE', #9312, 1.550000000000002709 ) ;
#7229 = DIRECTION ( 'NONE',  ( -1.000000000000000000, 0.000000000000000000, 0.000000000000000000 ) ) ;
#7230 = VERTEX_POINT ( 'NONE', #6194 ) ;
#7231 = CARTESIAN_POINT ( 'NONE',  ( 54.45000000000005258, 70.00000000000000000, 2.000000000000000000 ) ) ;
#7232 = CYLINDRICAL_SURFACE ( 'NONE', #5522, 1.550000000000002709 ) ;
#7233 = EDGE_LOOP ( 'NONE', ( #5273, #2336, #1633, #4787 ) ) ;
#7234 = CARTESIAN_POINT ( 'NONE',  ( 29.00000000000000000, 24.50000000000000000, 0.000000000000000000 ) ) ;
#7235 = DIRECTION ( 'NONE',  ( 1.000000000000000000, 0.000000000000000000, 0.000000000000000000 ) ) ;
#7236 = ORIENTED_EDGE ( 'NONE', *, *, #6928, .T. ) ;
#7237 = EDGE_CURVE ( 'NONE', #3200, #5053, #747, .T. ) ;
#7238 = ADVANCED_FACE ( 'NONE', ( #225 ), #6342, .F. ) ;
#7239 = DIRECTION ( 'NONE',  ( 0.000000000000000000, 0.000000000000000000, 1.000000000000000000 ) ) ;
#7240 = ORIENTED_EDGE ( 'NONE', *, *, #5470, .F. ) ;
#7241 = DIRECTION ( 'NONE',  ( -0.000000000000000000, -0.000000000000000000, -1.000000000000000000 ) ) ;
#7242 = CARTESIAN_POINT ( 'NONE',  ( -24.64999999999998082, -29.60000000000000142, 2.000000000000000000 ) ) ;
#7243 = DIRECTION ( 'NONE',  ( 1.000000000000000000, 0.000000000000000000, 0.000000000000000000 ) ) ;
#7244 = CYLINDRICAL_SURFACE ( 'NONE', #3775, 1.550000000000002709 ) ;
#7245 = ADVANCED_FACE ( 'NONE', ( #8492 ), #7885, .F. ) ;
#7246 = CYLINDRICAL_SURFACE ( 'NONE', #8240, 1.549999999999995826 ) ;
#7247 = ORIENTED_EDGE ( 'NONE', *, *, #1552, .T. ) ;
#7248 = ADVANCED_FACE ( 'NONE', ( #2544 ), #1027, .F. ) ;
#7249 = AXIS2_PLACEMENT_3D ( 'NONE', #8887, #6489, #9554 ) ;
#7250 = CARTESIAN_POINT ( 'NONE',  ( -9.000000000000005329, 32.50000000000001421, 0.000000000000000000 ) ) ;
#7251 = ORIENTED_EDGE ( 'NONE', *, *, #8132, .T. ) ;
#7252 = VERTEX_POINT ( 'NONE', #821 ) ;
#7253 = FACE_BOUND ( 'NONE', #4597, .T. ) ;
#7254 = VERTEX_POINT ( 'NONE', #2441 ) ;
#7255 = DIRECTION ( 'NONE',  ( 0.000000000000000000, 0.000000000000000000, 1.000000000000000000 ) ) ;
#7256 = EDGE_LOOP ( 'NONE', ( #8253, #7708 ) ) ;
#7257 = VECTOR ( 'NONE', #3797, 1000.000000000000000 ) ;
#7258 = CARTESIAN_POINT ( 'NONE',  ( 22.00000000000000000, 60.19999999999999574, 0.000000000000000000 ) ) ;
#7259 = ORIENTED_EDGE ( 'NONE', *, *, #5469, .F. ) ;
#7260 = ADVANCED_FACE ( 'NONE', ( #123 ), #7137, .F. ) ;
#7261 = CIRCLE ( 'NONE', #1488, 1.550000000000002709 ) ;
#7262 = CARTESIAN_POINT ( 'NONE',  ( -42.00000000000000000, -38.20000000000003126, 2.000000000000000000 ) ) ;
#7263 = ORIENTED_EDGE ( 'NONE', *, *, #3716, .T. ) ;
#7264 = VECTOR ( 'NONE', #7794, 1000.000000000000000 ) ;
#7265 = CARTESIAN_POINT ( 'NONE',  ( 18.49999999999996092, -45.99999999999998579, 2.000000000000000000 ) ) ;
#7266 = CARTESIAN_POINT ( 'NONE',  ( -11.00000000000000000, -52.55000000000001847, 2.000000000000000000 ) ) ;
#7267 = ORIENTED_EDGE ( 'NONE', *, *, #8910, .T. ) ;
#7268 = DIRECTION ( 'NONE',  ( -0.000000000000000000, -0.000000000000000000, -1.000000000000000000 ) ) ;
#7269 = CARTESIAN_POINT ( 'NONE',  ( 15.00000000000000711, 53.00000000000000000, 0.000000000000000000 ) ) ;
#7270 = CIRCLE ( 'NONE', #6317, 1.549999999999999378 ) ;
#7271 = CARTESIAN_POINT ( 'NONE',  ( 22.55000000000000071, 21.00000000000000355, 0.000000000000000000 ) ) ;
#7272 = VERTEX_POINT ( 'NONE', #3199 ) ;
#7273 = FACE_OUTER_BOUND ( 'NONE', #9102, .T. ) ;
#7274 = AXIS2_PLACEMENT_3D ( 'NONE', #8377, #2327, #1520 ) ;
#7275 = FACE_OUTER_BOUND ( 'NONE', #7469, .T. ) ;
#7276 = CARTESIAN_POINT ( 'NONE',  ( 64.00000000000004263, 91.00000000000001421, 2.000000000000000000 ) ) ;
#7277 = DIRECTION ( 'NONE',  ( -1.525031627232357891E-16, 1.000000000000000000, -0.000000000000000000 ) ) ;
#7278 = CARTESIAN_POINT ( 'NONE',  ( -39.00000000000001421, -7.500000000000000000, 0.000000000000000000 ) ) ;
#7279 = ORIENTED_EDGE ( 'NONE', *, *, #4136, .T. ) ;
#7280 = EDGE_CURVE ( 'NONE', #6268, #6925, #6669, .T. ) ;
#7281 = LINE ( 'NONE', #9547, #2485 ) ;
#7282 = ORIENTED_EDGE ( 'NONE', *, *, #4353, .F. ) ;
#7283 = CARTESIAN_POINT ( 'NONE',  ( -43.55000000000001137, 46.00000000000000711, 2.000000000000000000 ) ) ;
#7284 = CARTESIAN_POINT ( 'NONE',  ( 39.00000000000001421, -7.500000000000000000, 2.000000000000000000 ) ) ;
#7285 = ORIENTED_EDGE ( 'NONE', *, *, #9694, .T. ) ;
#7286 = DIRECTION ( 'NONE',  ( 1.000000000000000000, 0.000000000000000000, 0.000000000000000000 ) ) ;
#7287 = EDGE_LOOP ( 'NONE', ( #6852, #8502, #3457, #6063 ) ) ;
#7288 = DIRECTION ( 'NONE',  ( -0.000000000000000000, -0.000000000000000000, 1.000000000000000000 ) ) ;
#7289 = CARTESIAN_POINT ( 'NONE',  ( -13.00000000000000000, 62.00000000000000000, 2.000000000000000000 ) ) ;
#7290 = DIRECTION ( 'NONE',  ( 1.000000000000000000, 0.000000000000000000, 0.000000000000000000 ) ) ;
#7291 = AXIS2_PLACEMENT_3D ( 'NONE', #8898, #9508, #8046 ) ;
#7292 = CARTESIAN_POINT ( 'NONE',  ( 18.50000000000003908, -83.00000000000000000, 0.000000000000000000 ) ) ;
#7293 = CARTESIAN_POINT ( 'NONE',  ( 52.00000000000004263, 77.00000000000002842, 0.000000000000000000 ) ) ;
#7294 = VECTOR ( 'NONE', #2217, 1000.000000000000000 ) ;
#7295 = EDGE_CURVE ( 'NONE', #3049, #6023, #8911, .T. ) ;
#7296 = DIRECTION ( 'NONE',  ( -0.000000000000000000, -0.000000000000000000, -1.000000000000000000 ) ) ;
#7297 = VERTEX_POINT ( 'NONE', #4993 ) ;
#7298 = VERTEX_POINT ( 'NONE', #371 ) ;
#7299 = FACE_BOUND ( 'NONE', #8928, .T. ) ;
#7300 = EDGE_LOOP ( 'NONE', ( #6604, #6451 ) ) ;
#7301 = DIRECTION ( 'NONE',  ( 1.000000000000000000, 0.000000000000000000, 0.000000000000000000 ) ) ;
#7302 = ORIENTED_EDGE ( 'NONE', *, *, #4942, .F. ) ;
#7303 = CARTESIAN_POINT ( 'NONE',  ( 29.00000000000000355, -9.500000000000000000, 0.000000000000000000 ) ) ;
#7304 = EDGE_CURVE ( 'NONE', #7455, #7443, #7782, .T. ) ;
#7305 = FACE_OUTER_BOUND ( 'NONE', #4244, .T. ) ;
#7306 = ORIENTED_EDGE ( 'NONE', *, *, #4844, .T. ) ;
#7307 = DIRECTION ( 'NONE',  ( -0.000000000000000000, -0.000000000000000000, 1.000000000000000000 ) ) ;
#7308 = CARTESIAN_POINT ( 'NONE',  ( 13.00000000000000000, 62.00000000000000000, 2.000000000000000000 ) ) ;
#7309 = CIRCLE ( 'NONE', #8415, 1.550000000000002709 ) ;
#7310 = ORIENTED_EDGE ( 'NONE', *, *, #3667, .F. ) ;
#7311 = CARTESIAN_POINT ( 'NONE',  ( -26.45000000000001705, -77.00000000000002842, 2.000000000000000000 ) ) ;
#7312 = EDGE_CURVE ( 'NONE', #6841, #5441, #3444, .T. ) ;
#7313 = CARTESIAN_POINT ( 'NONE',  ( 53.55000000000003979, 77.00000000000002842, 2.000000000000000000 ) ) ;
#7314 = AXIS2_PLACEMENT_3D ( 'NONE', #9252, #869, #927 ) ;
#7315 = EDGE_CURVE ( 'NONE', #9565, #6034, #6487, .T. ) ;
#7316 = AXIS2_PLACEMENT_3D ( 'NONE', #5326, #9035, #3831 ) ;
#7317 = DIRECTION ( 'NONE',  ( 0.000000000000000000, 0.000000000000000000, 1.000000000000000000 ) ) ;
#7318 = CIRCLE ( 'NONE', #1236, 1.550000000000002709 ) ;
#7319 = ORIENTED_EDGE ( 'NONE', *, *, #5913, .F. ) ;
#7320 = CYLINDRICAL_SURFACE ( 'NONE', #5080, 1.550000000000000933 ) ;
#7321 = EDGE_CURVE ( 'NONE', #8323, #4743, #8138, .T. ) ;
#7322 = AXIS2_PLACEMENT_3D ( 'NONE', #5770, #3666, #9584 ) ;
#7323 = AXIS2_PLACEMENT_3D ( 'NONE', #404, #9732, #2812 ) ;
#7324 = DIRECTION ( 'NONE',  ( 1.000000000000000000, 0.000000000000000000, 0.000000000000000000 ) ) ;
#7325 = DIRECTION ( 'NONE',  ( 0.000000000000000000, 0.000000000000000000, 1.000000000000000000 ) ) ;
#7326 = CARTESIAN_POINT ( 'NONE',  ( -54.45000000000000995, -54.00000000000003553, 2.000000000000000000 ) ) ;
#7327 = DIRECTION ( 'NONE',  ( -1.000000000000000000, 0.000000000000000000, 0.000000000000000000 ) ) ;
#7328 = ORIENTED_EDGE ( 'NONE', *, *, #5428, .F. ) ;
#7329 = AXIS2_PLACEMENT_3D ( 'NONE', #1155, #3711, #5962 ) ;
#7330 = ADVANCED_FACE ( 'NONE', ( #517 ), #8036, .F. ) ;
#7331 = VECTOR ( 'NONE', #7073, 1000.000000000000000 ) ;
#7332 = CYLINDRICAL_SURFACE ( 'NONE', #1191, 1.549999999999995826 ) ;
#7333 = AXIS2_PLACEMENT_3D ( 'NONE', #2335, #4547, #7493 ) ;
#7334 = ORIENTED_EDGE ( 'NONE', *, *, #7121, .F. ) ;
#7335 = DIRECTION ( 'NONE',  ( 1.000000000000000000, 0.000000000000000000, 0.000000000000000000 ) ) ;
#7336 = CARTESIAN_POINT ( 'NONE',  ( -7.499999999999995559, -39.50000000000001421, 0.000000000000000000 ) ) ;
#7337 = ORIENTED_EDGE ( 'NONE', *, *, #1061, .T. ) ;
#7338 = DIRECTION ( 'NONE',  ( -1.000000000000000000, -0.000000000000000000, -0.000000000000000000 ) ) ;
#7339 = ORIENTED_EDGE ( 'NONE', *, *, #9465, .F. ) ;
#7340 = DIRECTION ( 'NONE',  ( 0.000000000000000000, 0.000000000000000000, 1.000000000000000000 ) ) ;
#7341 = DIRECTION ( 'NONE',  ( -0.3162277660168381632, -0.9486832980505137680, 0.000000000000000000 ) ) ;
#7342 = CARTESIAN_POINT ( 'NONE',  ( -53.55000000000002558, -47.00000000000000000, 2.000000000000000000 ) ) ;
#7343 = DIRECTION ( 'NONE',  ( -1.000000000000000000, -1.525031627232357891E-16, 0.000000000000000000 ) ) ;
#7344 = CYLINDRICAL_SURFACE ( 'NONE', #3930, 1.550000000000002265 ) ;
#7345 = DIRECTION ( 'NONE',  ( -1.000000000000000000, 0.000000000000000000, 0.000000000000000000 ) ) ;
#7346 = ORIENTED_EDGE ( 'NONE', *, *, #5124, .F. ) ;
#7347 = EDGE_CURVE ( 'NONE', #980, #9326, #3642, .T. ) ;
#7348 = ORIENTED_EDGE ( 'NONE', *, *, #9420, .T. ) ;
#7349 = CARTESIAN_POINT ( 'NONE',  ( 40.45000000000007390, 38.20000000000000284, 0.000000000000000000 ) ) ;
#7350 = ORIENTED_EDGE ( 'NONE', *, *, #2783, .F. ) ;
#7351 = DIRECTION ( 'NONE',  ( -0.000000000000000000, -0.000000000000000000, 1.000000000000000000 ) ) ;
#7352 = ORIENTED_EDGE ( 'NONE', *, *, #7014, .F. ) ;
#7353 = DIRECTION ( 'NONE',  ( 1.000000000000000000, 0.000000000000000000, 0.000000000000000000 ) ) ;
#7354 = FACE_OUTER_BOUND ( 'NONE', #424, .T. ) ;
#7355 = VERTEX_POINT ( 'NONE', #9551 ) ;
#7356 = VECTOR ( 'NONE', #2337, 1000.000000000000114 ) ;
#7357 = AXIS2_PLACEMENT_3D ( 'NONE', #1404, #6905, #4564 ) ;
#7358 = LINE ( 'NONE', #4221, #1553 ) ;
#7359 = EDGE_LOOP ( 'NONE', ( #4855, #1686 ) ) ;
#7360 = DIRECTION ( 'NONE',  ( -1.000000000000000000, 0.000000000000000000, 0.000000000000000000 ) ) ;
#7361 = CARTESIAN_POINT ( 'NONE',  ( 20.04999999999996518, -45.99999999999998579, 2.000000000000000000 ) ) ;
#7362 = EDGE_CURVE ( 'NONE', #9731, #3999, #2685, .T. ) ;
#7363 = ORIENTED_EDGE ( 'NONE', *, *, #1326, .T. ) ;
#7364 = ADVANCED_FACE ( 'NONE', ( #470 ), #1221, .F. ) ;
#7365 = DIRECTION ( 'NONE',  ( 1.000000000000000000, 0.000000000000000000, 0.000000000000000000 ) ) ;
#7366 = ORIENTED_EDGE ( 'NONE', *, *, #4686, .F. ) ;
#7367 = AXIS2_PLACEMENT_3D ( 'NONE', #597, #3672, #2154 ) ;
#7368 = CYLINDRICAL_SURFACE ( 'NONE', #8111, 1.549999999999995826 ) ;
#7369 = EDGE_CURVE ( 'NONE', #8196, #4503, #1235, .T. ) ;
#7370 = AXIS2_PLACEMENT_3D ( 'NONE', #5843, #8889, #4952 ) ;
#7371 = LINE ( 'NONE', #8174, #7471 ) ;
#7372 = CARTESIAN_POINT ( 'NONE',  ( 26.45000000000005258, 77.00000000000002842, 0.000000000000000000 ) ) ;
#7373 = EDGE_CURVE ( 'NONE', #1780, #7713, #8083, .T. ) ;
#7374 = CARTESIAN_POINT ( 'NONE',  ( -28.99999999999993250, 85.50000000000002842, 2.000000000000000000 ) ) ;
#7375 = LINE ( 'NONE', #4282, #7890 ) ;
#7376 = EDGE_LOOP ( 'NONE', ( #125, #9523, #7106, #2015, #6557 ) ) ;
#7377 = CARTESIAN_POINT ( 'NONE',  ( -8.449999999999990408, -9.999999999999973355, 2.000000000000000000 ) ) ;
#7378 = ORIENTED_EDGE ( 'NONE', *, *, #4655, .T. ) ;
#7379 = CARTESIAN_POINT ( 'NONE',  ( -56.00000000000004263, 54.00000000000000711, 2.000000000000000000 ) ) ;
#7380 = EDGE_CURVE ( 'NONE', #775, #2979, #8750, .T. ) ;
#7381 = CARTESIAN_POINT ( 'NONE',  ( 0.000000000000000000, 41.99999999999999289, 0.000000000000000000 ) ) ;
#7382 = ORIENTED_EDGE ( 'NONE', *, *, #1355, .T. ) ;
#7383 = CARTESIAN_POINT ( 'NONE',  ( -8.000000000000000000, 43.00000000000000000, 0.000000000000000000 ) ) ;
#7384 = ORIENTED_EDGE ( 'NONE', *, *, #4701, .F. ) ;
#7385 = CARTESIAN_POINT ( 'NONE',  ( 9.000000000000003553, 24.50000000000000711, 2.000000000000000000 ) ) ;
#7386 = LINE ( 'NONE', #2699, #8699 ) ;
#7387 = DIRECTION ( 'NONE',  ( -0.000000000000000000, -0.000000000000000000, 1.000000000000000000 ) ) ;
#7388 = EDGE_CURVE ( 'NONE', #985, #8016, #5838, .T. ) ;
#7389 = CARTESIAN_POINT ( 'NONE',  ( -42.00000000000000711, 38.20000000000000284, 0.000000000000000000 ) ) ;
#7390 = DIRECTION ( 'NONE',  ( 0.000000000000000000, 0.000000000000000000, 1.000000000000000000 ) ) ;
#7391 = CARTESIAN_POINT ( 'NONE',  ( -41.99999999999999289, -46.00000000000003553, 2.000000000000000000 ) ) ;
#7392 = VERTEX_POINT ( 'NONE', #7284 ) ;
#7393 = ORIENTED_EDGE ( 'NONE', *, *, #1608, .F. ) ;
#7394 = FACE_BOUND ( 'NONE', #5042, .T. ) ;
#7395 = ORIENTED_EDGE ( 'NONE', *, *, #1326, .F. ) ;
#7396 = DIRECTION ( 'NONE',  ( -0.7808688094430301652, 0.6246950475544245096, -0.000000000000000000 ) ) ;
#7397 = ORIENTED_EDGE ( 'NONE', *, *, #4753, .F. ) ;
#7398 = CARTESIAN_POINT ( 'NONE',  ( -23.09999999999998366, -29.60000000000000142, 0.000000000000000000 ) ) ;
#7399 = DIRECTION ( 'NONE',  ( 0.000000000000000000, 0.000000000000000000, 1.000000000000000000 ) ) ;
#7400 = VECTOR ( 'NONE', #8627, 1000.000000000000000 ) ;
#7401 = EDGE_LOOP ( 'NONE', ( #4028, #3209 ) ) ;
#7402 = ADVANCED_FACE ( 'NONE', ( #1275 ), #421, .F. ) ;
#7403 = EDGE_CURVE ( 'NONE', #6296, #6268, #3592, .T. ) ;
#7404 = LINE ( 'NONE', #2063, #3339 ) ;
#7405 = ORIENTED_EDGE ( 'NONE', *, *, #3760, .F. ) ;
#7406 = CARTESIAN_POINT ( 'NONE',  ( -9.000000000000003553, 28.50000000000000355, 0.000000000000000000 ) ) ;
#7407 = CARTESIAN_POINT ( 'NONE',  ( -56.00000000000001421, 91.00000000000000000, 0.000000000000000000 ) ) ;
#7408 = EDGE_LOOP ( 'NONE', ( #6632, #9818, #25, #9715 ) ) ;
#7409 = CARTESIAN_POINT ( 'NONE',  ( 42.00000000000007816, 38.20000000000000284, 2.000000000000000000 ) ) ;
#7410 = ORIENTED_EDGE ( 'NONE', *, *, #949, .F. ) ;
#7411 = CARTESIAN_POINT ( 'NONE',  ( 16.94999999999995666, -45.99999999999998579, 0.000000000000000000 ) ) ;
#7412 = AXIS2_PLACEMENT_3D ( 'NONE', #7959, #2607, #8611 ) ;
#7413 = EDGE_CURVE ( 'NONE', #196, #791, #5791, .T. ) ;
#7414 = DIRECTION ( 'NONE',  ( 1.000000000000000000, 0.000000000000000000, 0.000000000000000000 ) ) ;
#7415 = AXIS2_PLACEMENT_3D ( 'NONE', #7639, #4653, #9258 ) ;
#7416 = DIRECTION ( 'NONE',  ( -0.000000000000000000, -0.000000000000000000, 1.000000000000000000 ) ) ;
#7417 = DIRECTION ( 'NONE',  ( -0.6246950475544246206, 0.7808688094430300541, 0.000000000000000000 ) ) ;
#7418 = EDGE_CURVE ( 'NONE', #3885, #6705, #7936, .T. ) ;
#7419 = AXIS2_PLACEMENT_3D ( 'NONE', #9153, #2289, #5348 ) ;
#7420 = DIRECTION ( 'NONE',  ( 0.000000000000000000, 0.000000000000000000, 1.000000000000000000 ) ) ;
#7421 = EDGE_CURVE ( 'NONE', #8651, #3292, #4149, .T. ) ;
#7422 = VERTEX_POINT ( 'NONE', #7989 ) ;
#7423 = DIRECTION ( 'NONE',  ( -0.000000000000000000, -0.000000000000000000, 1.000000000000000000 ) ) ;
#7424 = ADVANCED_FACE ( 'NONE', ( #1130 ), #4196, .F. ) ;
#7425 = ORIENTED_EDGE ( 'NONE', *, *, #2845, .T. ) ;
#7426 = DIRECTION ( 'NONE',  ( 1.000000000000000000, 0.000000000000000000, 0.000000000000000000 ) ) ;
#7427 = CARTESIAN_POINT ( 'NONE',  ( 8.000000000000000000, 18.00000000000000000, 0.000000000000000000 ) ) ;
#7428 = VERTEX_POINT ( 'NONE', #2832 ) ;
#7429 = EDGE_CURVE ( 'NONE', #9158, #3018, #9724, .T. ) ;
#7430 = CARTESIAN_POINT ( 'NONE',  ( -27.45000000000000995, -9.500000000000000000, 2.000000000000000000 ) ) ;
#7431 = EDGE_LOOP ( 'NONE', ( #7634, #5633 ) ) ;
#7432 = CYLINDRICAL_SURFACE ( 'NONE', #3933, 1.550000000000002709 ) ;
#7433 = EDGE_CURVE ( 'NONE', #6705, #9301, #3323, .T. ) ;
#7434 = CARTESIAN_POINT ( 'NONE',  ( -11.00000000000000000, -52.55000000000001847, 0.000000000000000000 ) ) ;
#7435 = DIRECTION ( 'NONE',  ( 1.000000000000000000, 0.000000000000000000, 0.000000000000000000 ) ) ;
#7436 = CARTESIAN_POINT ( 'NONE',  ( 8.903984489160851723, -11.09601551083915005, 0.000000000000000000 ) ) ;
#7437 = APPLICATION_PROTOCOL_DEFINITION ( 'draft international standard', 'automotive_design', 1998, #208 ) ;
#7438 = DIRECTION ( 'NONE',  ( 0.000000000000000000, 0.000000000000000000, 1.000000000000000000 ) ) ;
#7439 = EDGE_LOOP ( 'NONE', ( #2064, #3878 ) ) ;
#7440 = CIRCLE ( 'NONE', #3466, 1.549999999999999378 ) ;
#7441 = VERTEX_POINT ( 'NONE', #8183 ) ;
#7442 = DIRECTION ( 'NONE',  ( -1.000000000000000000, 0.000000000000000000, 0.000000000000000000 ) ) ;
#7443 = VERTEX_POINT ( 'NONE', #3779 ) ;
#7444 = CARTESIAN_POINT ( 'NONE',  ( -28.00000000000001776, 77.00000000000002842, 2.000000000000000000 ) ) ;
#7445 = ORIENTED_EDGE ( 'NONE', *, *, #3437, .T. ) ;
#7446 = LINE ( 'NONE', #8199, #9336 ) ;
#7447 = CIRCLE ( 'NONE', #4422, 1.549999999999995826 ) ;
#7448 = DIRECTION ( 'NONE',  ( 0.000000000000000000, 0.000000000000000000, 1.000000000000000000 ) ) ;
#7449 = ORIENTED_EDGE ( 'NONE', *, *, #5648, .T. ) ;
#7450 = LINE ( 'NONE', #1344, #1408 ) ;
#7451 = EDGE_CURVE ( 'NONE', #7813, #5693, #8228, .T. ) ;
#7452 = ORIENTED_EDGE ( 'NONE', *, *, #5657, .T. ) ;
#7453 = DIRECTION ( 'NONE',  ( -0.000000000000000000, -0.000000000000000000, -1.000000000000000000 ) ) ;
#7454 = CARTESIAN_POINT ( 'NONE',  ( 52.00000000000005684, 47.00000000000001421, 0.000000000000000000 ) ) ;
#7455 = VERTEX_POINT ( 'NONE', #2890 ) ;
#7456 = VECTOR ( 'NONE', #2471, 1000.000000000000000 ) ;
#7457 = DIRECTION ( 'NONE',  ( 1.000000000000000000, 0.000000000000000000, 0.000000000000000000 ) ) ;
#7458 = ORIENTED_EDGE ( 'NONE', *, *, #2026, .T. ) ;
#7459 = PLANE ( 'NONE',  #1387 ) ;
#7460 = AXIS2_PLACEMENT_3D ( 'NONE', #7234, #5745, #7335 ) ;
#7461 = DIRECTION ( 'NONE',  ( 1.000000000000000000, 0.000000000000000000, 0.000000000000000000 ) ) ;
#7462 = VECTOR ( 'NONE', #4453, 1000.000000000000000 ) ;
#7463 = CYLINDRICAL_SURFACE ( 'NONE', #4273, 1.550000000000000488 ) ;
#7464 = AXIS2_PLACEMENT_3D ( 'NONE', #7967, #2616, #3424 ) ;
#7465 = VECTOR ( 'NONE', #3421, 1000.000000000000114 ) ;
#7466 = CARTESIAN_POINT ( 'NONE',  ( -56.00000000000000711, -70.00000000000002842, 0.000000000000000000 ) ) ;
#7467 = AXIS2_PLACEMENT_3D ( 'NONE', #3322, #3227, #4869 ) ;
#7468 = CARTESIAN_POINT ( 'NONE',  ( 11.09601551083916249, 8.903984489160846394, 0.000000000000000000 ) ) ;
#7469 = EDGE_LOOP ( 'NONE', ( #2910, #922, #3566, #9717, #1788, #1321, #4677, #7445 ) ) ;
#7470 = LINE ( 'NONE', #4575, #9553 ) ;
#7471 = VECTOR ( 'NONE', #1308, 1000.000000000000000 ) ;
#7472 = AXIS2_PLACEMENT_3D ( 'NONE', #3117, #657, #5366 ) ;
#7473 = EDGE_LOOP ( 'NONE', ( #1081, #7865, #6346, #6498 ) ) ;
#7474 = CARTESIAN_POINT ( 'NONE',  ( 56.00000000000005684, 54.00000000000000711, 2.000000000000000000 ) ) ;
#7475 = CIRCLE ( 'NONE', #5097, 1.549999999999995826 ) ;
#7476 = DIRECTION ( 'NONE',  ( -1.000000000000000000, 0.000000000000000000, 0.000000000000000000 ) ) ;
#7477 = ORIENTED_EDGE ( 'NONE', *, *, #9125, .F. ) ;
#7478 = AXIS2_PLACEMENT_3D ( 'NONE', #5585, #160, #6284 ) ;
#7479 = DIRECTION ( 'NONE',  ( 0.000000000000000000, 0.000000000000000000, 1.000000000000000000 ) ) ;
#7480 = EDGE_LOOP ( 'NONE', ( #1042, #280 ) ) ;
#7481 = CARTESIAN_POINT ( 'NONE',  ( -36.86999999999999744, 20.36000000000000298, 0.000000000000000000 ) ) ;
#7482 = LINE ( 'NONE', #5992, #2643 ) ;
#7483 = DIRECTION ( 'NONE',  ( -0.000000000000000000, -0.000000000000000000, -1.000000000000000000 ) ) ;
#7484 = EDGE_CURVE ( 'NONE', #3313, #5433, #8420, .T. ) ;
#7485 = DIRECTION ( 'NONE',  ( -1.000000000000000000, 0.000000000000000000, 0.000000000000000000 ) ) ;
#7486 = EDGE_CURVE ( 'NONE', #8198, #2204, #7786, .T. ) ;
#7487 = EDGE_CURVE ( 'NONE', #6789, #6906, #2174, .T. ) ;
#7488 = DIRECTION ( 'NONE',  ( -0.000000000000000000, -0.000000000000000000, -1.000000000000000000 ) ) ;
#7489 = CARTESIAN_POINT ( 'NONE',  ( 50.45000000000005258, -77.00000000000002842, 2.000000000000000000 ) ) ;
#7490 = VERTEX_POINT ( 'NONE', #2082 ) ;
#7491 = EDGE_CURVE ( 'NONE', #2712, #3710, #8117, .T. ) ;
#7492 = EDGE_LOOP ( 'NONE', ( #684, #4970, #3248, #6474 ) ) ;
#7493 = DIRECTION ( 'NONE',  ( -1.000000000000000000, 0.000000000000000000, 0.000000000000000000 ) ) ;
#7494 = ORIENTED_EDGE ( 'NONE', *, *, #2865, .F. ) ;
#7495 = DIRECTION ( 'NONE',  ( 1.000000000000000000, 0.000000000000000000, 0.000000000000000000 ) ) ;
#7496 = EDGE_LOOP ( 'NONE', ( #5139, #2170 ) ) ;
#7497 = CYLINDRICAL_SURFACE ( 'NONE', #2794, 1.549999999999995604 ) ;
#7498 = LINE ( 'NONE', #7588, #1127 ) ;
#7499 = ORIENTED_EDGE ( 'NONE', *, *, #4683, .F. ) ;
#7500 = FACE_OUTER_BOUND ( 'NONE', #9619, .T. ) ;
#7501 = EDGE_CURVE ( 'NONE', #215, #8040, #8592, .T. ) ;
#7502 = EDGE_LOOP ( 'NONE', ( #7612, #2959, #1512, #635 ) ) ;
#7503 = FACE_OUTER_BOUND ( 'NONE', #2619, .T. ) ;
#7504 = FACE_OUTER_BOUND ( 'NONE', #3270, .T. ) ;
#7505 = EDGE_LOOP ( 'NONE', ( #1458, #8787, #1955, #988, #2692 ) ) ;
#7506 = CARTESIAN_POINT ( 'NONE',  ( -28.00000000000001776, -46.99999999999998579, 2.000000000000000000 ) ) ;
#7507 = ORIENTED_EDGE ( 'NONE', *, *, #7864, .T. ) ;
#7508 = CARTESIAN_POINT ( 'NONE',  ( -46.00000000000001421, 91.00000000000000000, 0.000000000000000000 ) ) ;
#7509 = AXIS2_PLACEMENT_3D ( 'NONE', #8197, #9151, #9916 ) ;
#7510 = CIRCLE ( 'NONE', #8156, 1.549999999999982059 ) ;
#7511 = EDGE_CURVE ( 'NONE', #4556, #3112, #4121, .T. ) ;
#7512 = CARTESIAN_POINT ( 'NONE',  ( 52.00000000000004263, -77.00000000000002842, 0.000000000000000000 ) ) ;
#7513 = DIRECTION ( 'NONE',  ( -0.000000000000000000, 1.000000000000000000, -0.000000000000000000 ) ) ;
#7514 = CYLINDRICAL_SURFACE ( 'NONE', #5478, 1.549999999999995826 ) ;
#7515 = VERTEX_POINT ( 'NONE', #5137 ) ;
#7516 = CIRCLE ( 'NONE', #5617, 1.550000000000002709 ) ;
#7517 = DIRECTION ( 'NONE',  ( -0.000000000000000000, -0.000000000000000000, 1.000000000000000000 ) ) ;
#7518 = VERTEX_POINT ( 'NONE', #1318 ) ;
#7519 = CIRCLE ( 'NONE', #5933, 1.549999999999995826 ) ;
#7520 = DIRECTION ( 'NONE',  ( -0.000000000000000000, -0.000000000000000000, 1.000000000000000000 ) ) ;
#7521 = AXIS2_PLACEMENT_3D ( 'NONE', #8041, #9906, #5185 ) ;
#7522 = ORIENTED_EDGE ( 'NONE', *, *, #2309, .F. ) ;
#7523 = DIRECTION ( 'NONE',  ( -1.000000000000000000, 0.000000000000000000, 0.000000000000000000 ) ) ;
#7524 = DIRECTION ( 'NONE',  ( 1.000000000000000000, 0.000000000000000000, 0.000000000000000000 ) ) ;
#7525 = ORIENTED_EDGE ( 'NONE', *, *, #2223, .F. ) ;
#7526 = DIRECTION ( 'NONE',  ( -0.000000000000000000, -0.000000000000000000, 1.000000000000000000 ) ) ;
#7527 = ORIENTED_EDGE ( 'NONE', *, *, #3100, .T. ) ;
#7528 = CARTESIAN_POINT ( 'NONE',  ( -42.00000000000002842, 70.00000000000000000, 2.000000000000000000 ) ) ;
#7529 = DIRECTION ( 'NONE',  ( -0.000000000000000000, -0.000000000000000000, -1.000000000000000000 ) ) ;
#7530 = DIRECTION ( 'NONE',  ( -1.000000000000000000, 0.000000000000000000, 0.000000000000000000 ) ) ;
#7531 = EDGE_CURVE ( 'NONE', #9283, #3325, #4765, .T. ) ;
#7532 = FACE_OUTER_BOUND ( 'NONE', #3524, .T. ) ;
#7533 = DIRECTION ( 'NONE',  ( 0.000000000000000000, 0.000000000000000000, 1.000000000000000000 ) ) ;
#7534 = EDGE_LOOP ( 'NONE', ( #6456, #5327, #6088, #154 ) ) ;
#7535 = ORIENTED_EDGE ( 'NONE', *, *, #140, .T. ) ;
#7536 = CYLINDRICAL_SURFACE ( 'NONE', #8612, 1.549999999999999378 ) ;
#7537 = ORIENTED_EDGE ( 'NONE', *, *, #9073, .T. ) ;
#7538 = FACE_OUTER_BOUND ( 'NONE', #4987, .T. ) ;
#7539 = EDGE_CURVE ( 'NONE', #9912, #1143, #6833, .T. ) ;
#7540 = CARTESIAN_POINT ( 'NONE',  ( -43.55000000000000426, -38.20000000000003126, 0.000000000000000000 ) ) ;
#7541 = CYLINDRICAL_SURFACE ( 'NONE', #3910, 1.549999999999995826 ) ;
#7542 = ADVANCED_FACE ( 'NONE', ( #665 ), #6684, .F. ) ;
#7543 = EDGE_CURVE ( 'NONE', #583, #1595, #7569, .T. ) ;
#7544 = DIRECTION ( 'NONE',  ( 1.000000000000000000, 0.000000000000000000, 0.000000000000000000 ) ) ;
#7545 = EDGE_LOOP ( 'NONE', ( #6286, #9416 ) ) ;
#7546 = CARTESIAN_POINT ( 'NONE',  ( -53.55000000000002558, 47.00000000000000000, 2.000000000000000000 ) ) ;
#7547 = ORIENTED_EDGE ( 'NONE', *, *, #2290, .F. ) ;
#7548 = FACE_BOUND ( 'NONE', #4054, .T. ) ;
#7549 = DIRECTION ( 'NONE',  ( -0.000000000000000000, -0.000000000000000000, 1.000000000000000000 ) ) ;
#7550 = VERTEX_POINT ( 'NONE', #711 ) ;
#7551 = ADVANCED_FACE ( 'NONE', ( #9797 ), #3729, .F. ) ;
#7552 = CARTESIAN_POINT ( 'NONE',  ( 57.55000000000006111, 70.00000000000000000, 2.000000000000000000 ) ) ;
#7553 = EDGE_LOOP ( 'NONE', ( #2891, #6343, #2802, #4974 ) ) ;
#7554 = DIRECTION ( 'NONE',  ( -0.000000000000000000, -0.000000000000000000, -1.000000000000000000 ) ) ;
#7555 = CARTESIAN_POINT ( 'NONE',  ( -42.00000000000000000, -38.20000000000003126, 0.000000000000000000 ) ) ;
#7556 = CARTESIAN_POINT ( 'NONE',  ( -56.00000000000002842, 0.000000000000000000, 2.000000000000000000 ) ) ;
#7557 = EDGE_LOOP ( 'NONE', ( #1302, #9468, #3640, #8102 ) ) ;
#7558 = VECTOR ( 'NONE', #7526, 1000.000000000000000 ) ;
#7559 = ORIENTED_EDGE ( 'NONE', *, *, #2497, .F. ) ;
#7560 = APPLICATION_CONTEXT ( 'automotive_design' ) ;
#7561 = CIRCLE ( 'NONE', #5822, 1.550000000000002709 ) ;
#7562 = CARTESIAN_POINT ( 'NONE',  ( 15.00000000000000711, 53.00000000000000000, 0.000000000000000000 ) ) ;
#7563 = ORIENTED_EDGE ( 'NONE', *, *, #9143, .F. ) ;
#7564 = CARTESIAN_POINT ( 'NONE',  ( -8.000000000000000000, 18.00000000000000000, 0.000000000000000000 ) ) ;
#7565 = AXIS2_PLACEMENT_3D ( 'NONE', #7021, #6173, #1563 ) ;
#7566 = ORIENTED_EDGE ( 'NONE', *, *, #9805, .T. ) ;
#7567 = CARTESIAN_POINT ( 'NONE',  ( 1.550000000000074873, 85.50000000000001421, 2.000000000000000000 ) ) ;
#7568 = VECTOR ( 'NONE', #7198, 1000.000000000000000 ) ;
#7569 = LINE ( 'NONE', #3687, #433 ) ;
#7570 = EDGE_LOOP ( 'NONE', ( #3608, #5835 ) ) ;
#7571 = EDGE_CURVE ( 'NONE', #4664, #799, #9884, .T. ) ;
#7572 = CARTESIAN_POINT ( 'NONE',  ( 43.55000000000006111, 54.00000000000000711, 0.000000000000000000 ) ) ;
#7573 = VERTEX_POINT ( 'NONE', #1514 ) ;
#7574 = LINE ( 'NONE', #2130, #253 ) ;
#7575 = VECTOR ( 'NONE', #1005, 1000.000000000000000 ) ;
#7576 = DIRECTION ( 'NONE',  ( 1.000000000000000000, 0.000000000000000000, 0.000000000000000000 ) ) ;
#7577 = VECTOR ( 'NONE', #5535, 1000.000000000000000 ) ;
#7578 = CARTESIAN_POINT ( 'NONE',  ( 42.00000000000007816, 38.20000000000000284, 0.000000000000000000 ) ) ;
#7579 = CARTESIAN_POINT ( 'NONE',  ( 1.549999999999998268, 37.00000000000000000, 0.000000000000000000 ) ) ;
#7580 = DIRECTION ( 'NONE',  ( -0.000000000000000000, -0.000000000000000000, 1.000000000000000000 ) ) ;
#7581 = ORIENTED_EDGE ( 'NONE', *, *, #6388, .F. ) ;
#7582 = EDGE_LOOP ( 'NONE', ( #9921, #2011, #7810, #5311 ) ) ;
#7583 = CARTESIAN_POINT ( 'NONE',  ( 35.32000000000000028, 20.36000000000000298, 0.000000000000000000 ) ) ;
#7584 = ORIENTED_EDGE ( 'NONE', *, *, #3487, .F. ) ;
#7585 = LINE ( 'NONE', #3795, #2405 ) ;
#7586 = CARTESIAN_POINT ( 'NONE',  ( 15.00000000000000355, 77.00000000000000000, 0.000000000000000000 ) ) ;
#7587 = DIRECTION ( 'NONE',  ( 1.000000000000000000, 0.000000000000000000, 0.000000000000000000 ) ) ;
#7588 = CARTESIAN_POINT ( 'NONE',  ( 5.000000000000000000, 0.000000000000000000, 0.000000000000000000 ) ) ;
#7589 = EDGE_CURVE ( 'NONE', #854, #1006, #4581, .T. ) ;
#7590 = ORIENTED_EDGE ( 'NONE', *, *, #8477, .F. ) ;
#7591 = DIRECTION ( 'NONE',  ( -0.000000000000000000, -0.000000000000000000, 1.000000000000000000 ) ) ;
#7592 = ADVANCED_FACE ( 'NONE', ( #5623 ), #1919, .F. ) ;
#7593 = ORIENTED_EDGE ( 'NONE', *, *, #8176, .F. ) ;
#7594 = FACE_BOUND ( 'NONE', #6612, .T. ) ;
#7595 = DIRECTION ( 'NONE',  ( -0.000000000000000000, -0.000000000000000000, -1.000000000000000000 ) ) ;
#7596 = ORIENTED_EDGE ( 'NONE', *, *, #5051, .T. ) ;
#7597 = EDGE_CURVE ( 'NONE', #3211, #7056, #4596, .T. ) ;
#7598 = CYLINDRICAL_SURFACE ( 'NONE', #6720, 1.550000000000002709 ) ;
#7599 = ORIENTED_EDGE ( 'NONE', *, *, #9391, .F. ) ;
#7600 = DIRECTION ( 'NONE',  ( 0.000000000000000000, 0.000000000000000000, 1.000000000000000000 ) ) ;
#7601 = AXIS2_PLACEMENT_3D ( 'NONE', #8406, #7707, #9934 ) ;
#7602 = AXIS2_PLACEMENT_3D ( 'NONE', #9190, #3994, #4741 ) ;
#7603 = VECTOR ( 'NONE', #3835, 999.9999999999998863 ) ;
#7604 = CARTESIAN_POINT ( 'NONE',  ( -16.54999999999999361, 52.99999999999999289, 0.000000000000000000 ) ) ;
#7605 = EDGE_CURVE ( 'NONE', #544, #4918, #2359, .T. ) ;
#7606 = LINE ( 'NONE', #1554, #570 ) ;
#7607 = ADVANCED_FACE ( 'NONE', ( #10 ), #3081, .F. ) ;
#7608 = DIRECTION ( 'NONE',  ( 0.000000000000000000, 0.000000000000000000, 1.000000000000000000 ) ) ;
#7609 = ORIENTED_EDGE ( 'NONE', *, *, #572, .F. ) ;
#7610 = EDGE_CURVE ( 'NONE', #6768, #9128, #1076, .T. ) ;
#7611 = LINE ( 'NONE', #4480, #45 ) ;
#7612 = ORIENTED_EDGE ( 'NONE', *, *, #7785, .F. ) ;
#7613 = DIRECTION ( 'NONE',  ( 0.000000000000000000, 0.000000000000000000, 1.000000000000000000 ) ) ;
#7614 = EDGE_CURVE ( 'NONE', #5111, #5725, #1548, .T. ) ;
#7615 = VECTOR ( 'NONE', #9877, 1000.000000000000000 ) ;
#7616 = AXIS2_PLACEMENT_3D ( 'NONE', #1736, #3349, #9398 ) ;
#7617 = ORIENTED_EDGE ( 'NONE', *, *, #4495, .F. ) ;
#7618 = FACE_BOUND ( 'NONE', #8616, .T. ) ;
#7619 = CARTESIAN_POINT ( 'NONE',  ( -27.45000000000000639, -24.50000000000000000, 0.000000000000000000 ) ) ;
#7620 = ORIENTED_EDGE ( 'NONE', *, *, #9919, .T. ) ;
#7621 = ADVANCED_FACE ( 'NONE', ( #6875 ), #6179, .F. ) ;
#7622 = AXIS2_PLACEMENT_3D ( 'NONE', #6550, #4955, #7435 ) ;
#7623 = CARTESIAN_POINT ( 'NONE',  ( 29.00000000000001776, -36.50000000000000000, 0.000000000000000000 ) ) ;
#7624 = ORIENTED_EDGE ( 'NONE', *, *, #9327, .F. ) ;
#7625 = FACE_OUTER_BOUND ( 'NONE', #6657, .T. ) ;
#7626 = AXIS2_PLACEMENT_3D ( 'NONE', #5422, #1506, #9219 ) ;
#7627 = CARTESIAN_POINT ( 'NONE',  ( -16.54999999999999005, 77.00000000000000000, 2.000000000000000000 ) ) ;
#7628 = AXIS2_PLACEMENT_3D ( 'NONE', #6920, #4177, #7220 ) ;
#7629 = CIRCLE ( 'NONE', #8927, 1.550000000000002709 ) ;
#7630 = DIRECTION ( 'NONE',  ( 0.000000000000000000, 0.000000000000000000, 1.000000000000000000 ) ) ;
#7631 = CARTESIAN_POINT ( 'NONE',  ( -43.55000000000003268, 54.00000000000000711, 2.000000000000000000 ) ) ;
#7632 = AXIS2_PLACEMENT_3D ( 'NONE', #2347, #3063, #1448 ) ;
#7633 = DIRECTION ( 'NONE',  ( -0.000000000000000000, -0.000000000000000000, -1.000000000000000000 ) ) ;
#7634 = ORIENTED_EDGE ( 'NONE', *, *, #7719, .T. ) ;
#7635 = ORIENTED_EDGE ( 'NONE', *, *, #3291, .F. ) ;
#7636 = CARTESIAN_POINT ( 'NONE',  ( -63.99999999999998579, -91.00000000000000000, 2.000000000000000000 ) ) ;
#7637 = EDGE_LOOP ( 'NONE', ( #6711, #9601 ) ) ;
#7638 = DIRECTION ( 'NONE',  ( 0.000000000000000000, 0.000000000000000000, 1.000000000000000000 ) ) ;
#7639 = CARTESIAN_POINT ( 'NONE',  ( -28.00000000000001776, -46.99999999999998579, 0.000000000000000000 ) ) ;
#7640 = CARTESIAN_POINT ( 'NONE',  ( -48.99999999999998579, 7.500000000000000888, 0.000000000000000000 ) ) ;
#7641 = VECTOR ( 'NONE', #9869, 1000.000000000000000 ) ;
#7642 = CIRCLE ( 'NONE', #2552, 1.549999999999988942 ) ;
#7643 = VECTOR ( 'NONE', #2492, 1000.000000000000000 ) ;
#7644 = CARTESIAN_POINT ( 'NONE',  ( 6.450000000000001066, 18.00000000000000000, 0.000000000000000000 ) ) ;
#7646 = EDGE_CURVE ( 'NONE', #2300, #2651, #3330, .T. ) ;
#7645 = VERTEX_POINT ( 'NONE', #357 ) ;
#7647 = LINE ( 'NONE', #9156, #7641 ) ;
#7648 = VERTEX_POINT ( 'NONE', #9429 ) ;
#7649 = DIRECTION ( 'NONE',  ( -0.000000000000000000, -0.000000000000000000, -1.000000000000000000 ) ) ;
#7650 = UNCERTAINTY_MEASURE_WITH_UNIT (LENGTH_MEASURE( 1.000000000000000082E-05 ), #7745, 'distance_accuracy_value', 'NONE');
#7651 = DIRECTION ( 'NONE',  ( -0.000000000000000000, -0.000000000000000000, 1.000000000000000000 ) ) ;
#7652 = ORIENTED_EDGE ( 'NONE', *, *, #6406, .T. ) ;
#7653 = LINE ( 'NONE', #5968, #640 ) ;
#7654 = ORIENTED_EDGE ( 'NONE', *, *, #737, .T. ) ;
#7655 = LINE ( 'NONE', #792, #4590 ) ;
#7656 = CARTESIAN_POINT ( 'NONE',  ( 6.450000000000000178, 43.00000000000000000, 0.000000000000000000 ) ) ;
#7657 = FACE_OUTER_BOUND ( 'NONE', #3134, .T. ) ;
#7658 = EDGE_CURVE ( 'NONE', #4760, #6251, #6671, .T. ) ;
#7659 = EDGE_CURVE ( 'NONE', #58, #8139, #9233, .T. ) ;
#7660 = ORIENTED_EDGE ( 'NONE', *, *, #1455, .F. ) ;
#7661 = CARTESIAN_POINT ( 'NONE',  ( -42.00000000000002842, 70.00000000000000000, 2.000000000000000000 ) ) ;
#7662 = VERTEX_POINT ( 'NONE', #9182 ) ;
#7663 = ORIENTED_EDGE ( 'NONE', *, *, #140, .F. ) ;
#7664 = LINE ( 'NONE', #801, #8862 ) ;
#7665 = ORIENTED_EDGE ( 'NONE', *, *, #811, .T. ) ;
#7666 = LINE ( 'NONE', #8622, #3946 ) ;
#7667 = EDGE_CURVE ( 'NONE', #7703, #9046, #6048, .T. ) ;
#7668 = CIRCLE ( 'NONE', #2733, 1.549999999999995826 ) ;
#7669 = ORIENTED_EDGE ( 'NONE', *, *, #3074, .F. ) ;
#7670 = EDGE_CURVE ( 'NONE', #1886, #4211, #5718, .T. ) ;
#7671 = FACE_BOUND ( 'NONE', #4739, .T. ) ;
#7672 = EDGE_CURVE ( 'NONE', #30, #7831, #5574, .T. ) ;
#7673 = AXIS2_PLACEMENT_3D ( 'NONE', #3627, #507, #2822 ) ;
#7674 = PLANE ( 'NONE',  #5246 ) ;
#7675 = VERTEX_POINT ( 'NONE', #3131 ) ;
#7676 = DIRECTION ( 'NONE',  ( 0.000000000000000000, 0.000000000000000000, 1.000000000000000000 ) ) ;
#7677 = VERTEX_POINT ( 'NONE', #1572 ) ;
#7678 = PLANE ( 'NONE',  #5699 ) ;
#7679 = ORIENTED_EDGE ( 'NONE', *, *, #3967, .T. ) ;
#7680 = CARTESIAN_POINT ( 'NONE',  ( 42.00000000000005684, 54.00000000000000711, 2.000000000000000000 ) ) ;
#7681 = FACE_OUTER_BOUND ( 'NONE', #9324, .T. ) ;
#7682 = CIRCLE ( 'NONE', #3391, 1.550000000000002709 ) ;
#7683 = LINE ( 'NONE', #4542, #4773 ) ;
#7684 = CARTESIAN_POINT ( 'NONE',  ( 56.00000000000003553, -70.00000000000002842, 0.000000000000000000 ) ) ;
#7685 = VERTEX_POINT ( 'NONE', #4637 ) ;
#7686 = ORIENTED_EDGE ( 'NONE', *, *, #9191, .T. ) ;
#7687 = CYLINDRICAL_SURFACE ( 'NONE', #5743, 1.549999999999999378 ) ;
#7688 = ORIENTED_EDGE ( 'NONE', *, *, #7571, .T. ) ;
#7689 = CARTESIAN_POINT ( 'NONE',  ( -50.45000000000000995, -47.00000000000000000, 2.000000000000000000 ) ) ;
#7690 = CARTESIAN_POINT ( 'NONE',  ( -35.32000000000000028, 20.36000000000000298, 0.000000000000000000 ) ) ;
#7691 = CARTESIAN_POINT ( 'NONE',  ( 29.00000000000002842, -85.49999999999998579, 0.000000000000000000 ) ) ;
#7692 = ADVANCED_FACE ( 'NONE', ( #5378 ), #7674, .F. ) ;
#7693 = CARTESIAN_POINT ( 'NONE',  ( -47.54999999999995453, -91.00000000000002842, 0.000000000000000000 ) ) ;
#7694 = VERTEX_POINT ( 'NONE', #1001 ) ;
#7695 = CARTESIAN_POINT ( 'NONE',  ( 56.00000000000005684, 54.00000000000000711, 0.000000000000000000 ) ) ;
#7696 = AXIS2_PLACEMENT_3D ( 'NONE', #3865, #6764, #5272 ) ;
#7697 = EDGE_LOOP ( 'NONE', ( #1817, #3780, #4246, #4045 ) ) ;
#7698 = DIRECTION ( 'NONE',  ( -0.000000000000000000, -0.000000000000000000, -1.000000000000000000 ) ) ;
#7699 = DIRECTION ( 'NONE',  ( -1.000000000000000000, 0.000000000000000000, 0.000000000000000000 ) ) ;
#7700 = ADVANCED_FACE ( 'NONE', ( #1813 ), #7114, .F. ) ;
#7701 = VERTEX_POINT ( 'NONE', #4118 ) ;
#7702 = PLANE ( 'NONE',  #787 ) ;
#7703 = VERTEX_POINT ( 'NONE', #7171 ) ;
#7704 = DIRECTION ( 'NONE',  ( -0.000000000000000000, -0.000000000000000000, 1.000000000000000000 ) ) ;
#7705 = ADVANCED_FACE ( 'NONE', ( #4325 ), #2065, .F. ) ;
#7706 = CARTESIAN_POINT ( 'NONE',  ( -6.000000000000000000, 70.70000000000000284, 2.000000000000000000 ) ) ;
#7707 = DIRECTION ( 'NONE',  ( 0.000000000000000000, 0.000000000000000000, 1.000000000000000000 ) ) ;
#7708 = ORIENTED_EDGE ( 'NONE', *, *, #3223, .T. ) ;
#7709 = CARTESIAN_POINT ( 'NONE',  ( 43.55000000000008242, 46.00000000000000711, 2.000000000000000000 ) ) ;
#7710 = ORIENTED_EDGE ( 'NONE', *, *, #5219, .F. ) ;
#7711 = VERTEX_POINT ( 'NONE', #6658 ) ;
#7712 = CARTESIAN_POINT ( 'NONE',  ( 6.000000000000000000, 70.70000000000000284, 0.000000000000000000 ) ) ;
#7713 = VERTEX_POINT ( 'NONE', #1204 ) ;
#7714 = DIRECTION ( 'NONE',  ( -0.000000000000000000, -0.000000000000000000, -1.000000000000000000 ) ) ;
#7715 = VERTEX_POINT ( 'NONE', #1256 ) ;
#7716 = FACE_BOUND ( 'NONE', #4150, .T. ) ;
#7717 = EDGE_CURVE ( 'NONE', #3705, #6918, #1249, .T. ) ;
#7718 = CIRCLE ( 'NONE', #4539, 1.549999999999999378 ) ;
#7719 = EDGE_CURVE ( 'NONE', #3715, #4459, #4296, .T. ) ;
#7720 = EDGE_LOOP ( 'NONE', ( #8632, #1156, #5106, #2706 ) ) ;
#7721 = CARTESIAN_POINT ( 'NONE',  ( 28.00000000000005329, -77.00000000000002842, 2.000000000000000000 ) ) ;
#7722 = ORIENTED_EDGE ( 'NONE', *, *, #2537, .T. ) ;
#7723 = CARTESIAN_POINT ( 'NONE',  ( 54.45000000000008100, 1.371604415045036973E-14, 2.000000000000000000 ) ) ;
#7724 = ORIENTED_EDGE ( 'NONE', *, *, #7295, .T. ) ;
#7725 = CARTESIAN_POINT ( 'NONE',  ( -46.00000000000001421, 92.54999999999999716, 0.000000000000000000 ) ) ;
#7726 = EDGE_CURVE ( 'NONE', #1336, #8171, #2873, .T. ) ;
#7727 = CIRCLE ( 'NONE', #9170, 1.550000000000009592 ) ;
#7728 = AXIS2_PLACEMENT_3D ( 'NONE', #7407, #8115, #1111 ) ;
#7729 = AXIS2_PLACEMENT_3D ( 'NONE', #7258, #393, #6506 ) ;
#7730 = VERTEX_POINT ( 'NONE', #8967 ) ;
#7731 = CARTESIAN_POINT ( 'NONE',  ( -18.50000000000003553, -46.00000000000000711, 0.000000000000000000 ) ) ;
#7732 = EDGE_CURVE ( 'NONE', #6779, #2249, #2852, .T. ) ;
#7733 = AXIS2_PLACEMENT_3D ( 'NONE', #7586, #9200, #7365 ) ;
#7734 = DIRECTION ( 'NONE',  ( 0.000000000000000000, 0.000000000000000000, 1.000000000000000000 ) ) ;
#7735 = EDGE_LOOP ( 'NONE', ( #1296, #6858, #1068, #2830 ) ) ;
#7736 = EDGE_CURVE ( 'NONE', #189, #978, #3972, .T. ) ;
#7737 = ORIENTED_EDGE ( 'NONE', *, *, #4382, .T. ) ;
#7738 = CARTESIAN_POINT ( 'NONE',  ( 3.125000000000001776, 65.00000000000000000, 2.000000000000000000 ) ) ;
#7739 = VERTEX_POINT ( 'NONE', #8251 ) ;
#7740 = DIRECTION ( 'NONE',  ( 0.000000000000000000, 0.000000000000000000, 1.000000000000000000 ) ) ;
#7741 = DIRECTION ( 'NONE',  ( -0.000000000000000000, -0.000000000000000000, 1.000000000000000000 ) ) ;
#7742 = AXIS2_PLACEMENT_3D ( 'NONE', #4801, #8546, #7845 ) ;
#7743 = CARTESIAN_POINT ( 'NONE',  ( -23.55000000000000071, 60.19999999999999574, 0.000000000000000000 ) ) ;
#7744 = CARTESIAN_POINT ( 'NONE',  ( 30.54999999999999716, 24.50000000000000000, 0.000000000000000000 ) ) ;
#7745 =( LENGTH_UNIT ( ) NAMED_UNIT ( * ) SI_UNIT ( .MILLI., .METRE. ) );
#7746 = ORIENTED_EDGE ( 'NONE', *, *, #6426, .F. ) ;
#7747 = AXIS2_PLACEMENT_3D ( 'NONE', #5944, #5238, #7576 ) ;
#7748 = LINE ( 'NONE', #1752, #6375 ) ;
#7749 = EDGE_LOOP ( 'NONE', ( #5084, #3661 ) ) ;
#7750 = FACE_BOUND ( 'NONE', #6685, .T. ) ;
#7751 = CARTESIAN_POINT ( 'NONE',  ( 1.550000000000007372, -11.99999999999999645, 0.000000000000000000 ) ) ;
#7752 = EDGE_CURVE ( 'NONE', #138, #7677, #2012, .T. ) ;
#7753 = VERTEX_POINT ( 'NONE', #5866 ) ;
#7754 = CARTESIAN_POINT ( 'NONE',  ( 11.00000000000000000, -51.00000000000000711, 0.000000000000000000 ) ) ;
#7755 = DIRECTION ( 'NONE',  ( 1.000000000000000000, 0.000000000000000000, 0.000000000000000000 ) ) ;
#7756 = ORIENTED_EDGE ( 'NONE', *, *, #5972, .F. ) ;
#7757 = CARTESIAN_POINT ( 'NONE',  ( -13.00000000000000000, 62.00000000000000000, 0.000000000000000000 ) ) ;
#7758 = CYLINDRICAL_SURFACE ( 'NONE', #3653, 1.549999999999995826 ) ;
#7759 = DIRECTION ( 'NONE',  ( 0.000000000000000000, 0.000000000000000000, 1.000000000000000000 ) ) ;
#7760 = ORIENTED_EDGE ( 'NONE', *, *, #2419, .T. ) ;
#7761 = FACE_OUTER_BOUND ( 'NONE', #228, .T. ) ;
#7762 = ORIENTED_EDGE ( 'NONE', *, *, #7059, .F. ) ;
#7763 = CIRCLE ( 'NONE', #3491, 1.550000000000016698 ) ;
#7764 = CARTESIAN_POINT ( 'NONE',  ( 39.00000000000001421, 7.500000000000000000, 0.000000000000000000 ) ) ;
#7765 = ORIENTED_EDGE ( 'NONE', *, *, #9799, .F. ) ;
#7766 = CARTESIAN_POINT ( 'NONE',  ( 13.50000000000001599, -33.50000000000000000, 0.000000000000000000 ) ) ;
#7767 = VECTOR ( 'NONE', #860, 1000.000000000000000 ) ;
#7768 = AXIS2_PLACEMENT_3D ( 'NONE', #7292, #8993, #9705 ) ;
#7769 = ORIENTED_EDGE ( 'NONE', *, *, #2006, .T. ) ;
#7770 = FACE_BOUND ( 'NONE', #7505, .T. ) ;
#7771 = VERTEX_POINT ( 'NONE', #5964 ) ;
#7772 = DIRECTION ( 'NONE',  ( -1.000000000000000000, 0.000000000000000000, 0.000000000000000000 ) ) ;
#7773 = ORIENTED_EDGE ( 'NONE', *, *, #681, .T. ) ;
#7774 = DIRECTION ( 'NONE',  ( 0.000000000000000000, -1.000000000000000000, 0.000000000000000000 ) ) ;
#7775 = EDGE_LOOP ( 'NONE', ( #7669, #8335 ) ) ;
#7776 = AXIS2_PLACEMENT_3D ( 'NONE', #8939, #2078, #5133 ) ;
#7777 = CARTESIAN_POINT ( 'NONE',  ( 42.00000000000007816, 38.20000000000000284, 2.000000000000000000 ) ) ;
#7778 = EDGE_LOOP ( 'NONE', ( #8411, #4050, #5614, #962 ) ) ;
#7779 = FACE_OUTER_BOUND ( 'NONE', #1784, .T. ) ;
#7780 = AXIS2_PLACEMENT_3D ( 'NONE', #5072, #4331, #3326 ) ;
#7781 = AXIS2_PLACEMENT_3D ( 'NONE', #526, #9662, #6552 ) ;
#7782 = CIRCLE ( 'NONE', #7950, 1.550000000000002265 ) ;
#7783 = DIRECTION ( 'NONE',  ( 1.000000000000000000, 0.000000000000000000, 0.000000000000000000 ) ) ;
#7784 = EDGE_LOOP ( 'NONE', ( #135, #7888, #9552, #9748 ) ) ;
#7785 = EDGE_CURVE ( 'NONE', #4189, #9283, #6567, .T. ) ;
#7786 = CIRCLE ( 'NONE', #9566, 1.549999999999999378 ) ;
#7787 = EDGE_LOOP ( 'NONE', ( #6308, #9366 ) ) ;
#7788 = CARTESIAN_POINT ( 'NONE',  ( 54.45000000000008100, -90.99999999999998579, 0.000000000000000000 ) ) ;
#7789 = CIRCLE ( 'NONE', #2536, 1.550000000000000933 ) ;
#7790 = VERTEX_POINT ( 'NONE', #9634 ) ;
#7791 = CARTESIAN_POINT ( 'NONE',  ( -14.99999999999999645, 77.00000000000000000, 0.000000000000000000 ) ) ;
#7792 = AXIS2_PLACEMENT_3D ( 'NONE', #2263, #7608, #3915 ) ;
#7793 = CARTESIAN_POINT ( 'NONE',  ( -28.99999999999998934, -85.50000000000000000, 0.000000000000000000 ) ) ;
#7794 = DIRECTION ( 'NONE',  ( 1.000000000000000000, 1.284980352575411959E-16, 0.000000000000000000 ) ) ;
#7795 = AXIS2_PLACEMENT_3D ( 'NONE', #462, #9596, #6576 ) ;
#7796 = EDGE_CURVE ( 'NONE', #2979, #775, #8124, .T. ) ;
#7797 = EDGE_CURVE ( 'NONE', #9542, #5368, #600, .T. ) ;
#7798 = CIRCLE ( 'NONE', #5400, 1.549999999999999378 ) ;
#7799 = VECTOR ( 'NONE', #6950, 1000.000000000000000 ) ;
#7800 = VECTOR ( 'NONE', #8995, 1000.000000000000000 ) ;
#7801 = DIRECTION ( 'NONE',  ( 1.000000000000000000, 0.000000000000000000, 0.000000000000000000 ) ) ;
#7802 = CYLINDRICAL_SURFACE ( 'NONE', #5417, 1.550000000000002709 ) ;
#7803 = EDGE_LOOP ( 'NONE', ( #4187, #3673, #7933, #1985 ) ) ;
#7804 = EDGE_CURVE ( 'NONE', #360, #7703, #3617, .T. ) ;
#7805 = FACE_OUTER_BOUND ( 'NONE', #1384, .T. ) ;
#7806 = ORIENTED_EDGE ( 'NONE', *, *, #2226, .F. ) ;
#7807 = FACE_BOUND ( 'NONE', #5606, .T. ) ;
#7808 = CARTESIAN_POINT ( 'NONE',  ( -11.00000000000000000, -49.45000000000000284, 0.000000000000000000 ) ) ;
#7809 = VECTOR ( 'NONE', #8697, 1000.000000000000000 ) ;
#7810 = ORIENTED_EDGE ( 'NONE', *, *, #7511, .F. ) ;
#7811 = AXIS2_PLACEMENT_3D ( 'NONE', #2747, #5094, #1896 ) ;
#7812 = DIRECTION ( 'NONE',  ( -0.7071067811865486830, -0.7071067811865464625, 0.000000000000000000 ) ) ;
#7813 = VERTEX_POINT ( 'NONE', #5159 ) ;
#7814 = EDGE_CURVE ( 'NONE', #242, #4913, #596, .T. ) ;
#7815 = CARTESIAN_POINT ( 'NONE',  ( 0.000000000000000000, 41.99999999999999289, 2.000000000000000000 ) ) ;
#7816 = CARTESIAN_POINT ( 'NONE',  ( -11.00000000000000000, -52.55000000000001847, 2.000000000000000000 ) ) ;
#7817 = ORIENTED_EDGE ( 'NONE', *, *, #8894, .F. ) ;
#7818 = LINE ( 'NONE', #7172, #6043 ) ;
#7819 = ORIENTED_EDGE ( 'NONE', *, *, #8378, .F. ) ;
#7820 = CARTESIAN_POINT ( 'NONE',  ( -54.45000000000002416, 54.00000000000000711, 0.000000000000000000 ) ) ;
#7821 = ORIENTED_EDGE ( 'NONE', *, *, #6059, .F. ) ;
#7822 = CARTESIAN_POINT ( 'NONE',  ( -35.32000000000000028, 20.36000000000000298, 0.000000000000000000 ) ) ;
#7823 = EDGE_CURVE ( 'NONE', #7141, #5178, #2913, .T. ) ;
#7824 = ORIENTED_EDGE ( 'NONE', *, *, #7796, .F. ) ;
#7825 = FACE_BOUND ( 'NONE', #1823, .T. ) ;
#7826 = CARTESIAN_POINT ( 'NONE',  ( 18.50000000000003908, -83.00000000000000000, 0.000000000000000000 ) ) ;
#7827 = EDGE_LOOP ( 'NONE', ( #2219, #2631, #4411, #9058 ) ) ;
#7828 = CARTESIAN_POINT ( 'NONE',  ( -64.00000000000001421, 91.00000000000000000, 2.000000000000000000 ) ) ;
#7829 = ORIENTED_EDGE ( 'NONE', *, *, #1497, .T. ) ;
#7830 = DIRECTION ( 'NONE',  ( 1.000000000000000000, 0.000000000000000000, 0.000000000000000000 ) ) ;
#7831 = VERTEX_POINT ( 'NONE', #2719 ) ;
#7832 = DIRECTION ( 'NONE',  ( 1.000000000000000000, 0.000000000000000000, 0.000000000000000000 ) ) ;
#7833 = ORIENTED_EDGE ( 'NONE', *, *, #7610, .T. ) ;
#7834 = AXIS2_PLACEMENT_3D ( 'NONE', #9049, #1437, #4506 ) ;
#7835 = DIRECTION ( 'NONE',  ( 1.000000000000000000, 0.000000000000000000, 0.000000000000000000 ) ) ;
#7836 = EDGE_CURVE ( 'NONE', #5548, #8139, #9010, .T. ) ;
#7837 = DIRECTION ( 'NONE',  ( 1.000000000000000000, 0.000000000000000000, 0.000000000000000000 ) ) ;
#7838 = EDGE_LOOP ( 'NONE', ( #4968, #1489 ) ) ;
#7839 = ORIENTED_EDGE ( 'NONE', *, *, #5489, .T. ) ;
#7840 = LINE ( 'NONE', #6988, #6061 ) ;
#7841 = ORIENTED_EDGE ( 'NONE', *, *, #5913, .T. ) ;
#7842 = DIRECTION ( 'NONE',  ( -0.000000000000000000, -0.000000000000000000, -1.000000000000000000 ) ) ;
#7843 = VECTOR ( 'NONE', #4469, 1000.000000000000000 ) ;
#7844 = CARTESIAN_POINT ( 'NONE',  ( -21.00000000000000355, 20.99999999999999289, 2.000000000000000000 ) ) ;
#7845 = DIRECTION ( 'NONE',  ( -1.000000000000000000, 0.000000000000000000, 0.000000000000000000 ) ) ;
#7846 = AXIS2_PLACEMENT_3D ( 'NONE', #6941, #1031, #1637 ) ;
#7847 = ADVANCED_FACE ( 'NONE', ( #455 ), #2765, .F. ) ;
#7848 = LINE ( 'NONE', #7744, #4737 ) ;
#7849 = DIRECTION ( 'NONE',  ( -1.000000000000000000, 0.000000000000000000, 0.000000000000000000 ) ) ;
#7850 = VERTEX_POINT ( 'NONE', #5816 ) ;
#7851 = EDGE_CURVE ( 'NONE', #7694, #5117, #2058, .T. ) ;
#7852 = CARTESIAN_POINT ( 'NONE',  ( -16.54999999999999361, 52.99999999999999289, 0.000000000000000000 ) ) ;
#7853 = ORIENTED_EDGE ( 'NONE', *, *, #7193, .F. ) ;
#7854 = ORIENTED_EDGE ( 'NONE', *, *, #7910, .F. ) ;
#7855 = FACE_BOUND ( 'NONE', #7256, .T. ) ;
#7856 = EDGE_CURVE ( 'NONE', #8395, #2138, #3571, .T. ) ;
#7857 = DIRECTION ( 'NONE',  ( 0.9486832980505137680, 0.3162277660168381632, 0.000000000000000000 ) ) ;
#7858 = EDGE_LOOP ( 'NONE', ( #4168, #5343, #6333, #3370 ) ) ;
#7859 = CARTESIAN_POINT ( 'NONE',  ( -44.00000000000000711, 7.499999999999999112, 0.000000000000000000 ) ) ;
#7860 = ORIENTED_EDGE ( 'NONE', *, *, #5668, .F. ) ;
#7861 = ADVANCED_FACE ( 'NONE', ( #5357 ), #6801, .F. ) ;
#7862 = DIRECTION ( 'NONE',  ( 1.000000000000000000, 0.000000000000000000, 0.000000000000000000 ) ) ;
#7863 = FACE_OUTER_BOUND ( 'NONE', #2858, .T. ) ;
#7864 = EDGE_CURVE ( 'NONE', #4748, #1585, #6902, .T. ) ;
#7865 = ORIENTED_EDGE ( 'NONE', *, *, #5351, .F. ) ;
#7866 = DIRECTION ( 'NONE',  ( 0.000000000000000000, 0.000000000000000000, -1.000000000000000000 ) ) ;
#7867 = CARTESIAN_POINT ( 'NONE',  ( 0.000000000000000000, 57.49999999999999289, 2.000000000000000000 ) ) ;
#7868 = ORIENTED_EDGE ( 'NONE', *, *, #8886, .F. ) ;
#7869 = ADVANCED_FACE ( 'NONE', ( #6856 ), #9113, .F. ) ;
#7870 = LINE ( 'NONE', #9282, #3908 ) ;
#7871 = ORIENTED_EDGE ( 'NONE', *, *, #3359, .F. ) ;
#7872 = LINE ( 'NONE', #7766, #7456 ) ;
#7873 = DIRECTION ( 'NONE',  ( 0.000000000000000000, 0.000000000000000000, 1.000000000000000000 ) ) ;
#7874 = CARTESIAN_POINT ( 'NONE',  ( -40.45000000000002416, 70.00000000000000000, 2.000000000000000000 ) ) ;
#7875 = EDGE_LOOP ( 'NONE', ( #5153, #7525 ) ) ;
#7876 = CYLINDRICAL_SURFACE ( 'NONE', #9333, 1.550000000000002709 ) ;
#7877 = EDGE_LOOP ( 'NONE', ( #7833, #9607 ) ) ;
#7878 = DIRECTION ( 'NONE',  ( 0.000000000000000000, 0.000000000000000000, 1.000000000000000000 ) ) ;
#7879 = VERTEX_POINT ( 'NONE', #82 ) ;
#7880 = CARTESIAN_POINT ( 'NONE',  ( 59.55000000000000426, -11.99999999999999645, 0.000000000000000000 ) ) ;
#7881 = CIRCLE ( 'NONE', #8356, 1.550000000000000933 ) ;
#7882 = ORIENTED_EDGE ( 'NONE', *, *, #3950, .T. ) ;
#7883 = DIRECTION ( 'NONE',  ( -1.000000000000000000, 0.000000000000000000, 0.000000000000000000 ) ) ;
#7884 = EDGE_CURVE ( 'NONE', #1807, #7753, #8765, .T. ) ;
#7885 = CYLINDRICAL_SURFACE ( 'NONE', #7616, 1.549999999999995826 ) ;
#7886 = VERTEX_POINT ( 'NONE', #3808 ) ;
#7887 = DIRECTION ( 'NONE',  ( 0.000000000000000000, 0.000000000000000000, 1.000000000000000000 ) ) ;
#7888 = ORIENTED_EDGE ( 'NONE', *, *, #4205, .F. ) ;
#7889 = DIRECTION ( 'NONE',  ( 1.000000000000000000, 0.000000000000000000, 0.000000000000000000 ) ) ;
#7890 = VECTOR ( 'NONE', #6625, 1000.000000000000000 ) ;
#7891 = DIRECTION ( 'NONE',  ( 0.000000000000000000, 0.000000000000000000, 1.000000000000000000 ) ) ;
#7892 = DIRECTION ( 'NONE',  ( 1.000000000000000000, 0.000000000000000000, 0.000000000000000000 ) ) ;
#7893 = CIRCLE ( 'NONE', #5823, 1.549999999999995604 ) ;
#7894 = DIRECTION ( 'NONE',  ( -0.000000000000000000, -0.000000000000000000, 1.000000000000000000 ) ) ;
#7895 = CIRCLE ( 'NONE', #2311, 1.550000000000002709 ) ;
#7896 = ORIENTED_EDGE ( 'NONE', *, *, #9157, .T. ) ;
#7897 = DIRECTION ( 'NONE',  ( -1.000000000000000000, 0.000000000000000000, 0.000000000000000000 ) ) ;
#7898 = VERTEX_POINT ( 'NONE', #3853 ) ;
#7899 = AXIS2_PLACEMENT_3D ( 'NONE', #5143, #8143, #1323 ) ;
#7900 = ORIENTED_EDGE ( 'NONE', *, *, #3651, .F. ) ;
#7901 = FACE_BOUND ( 'NONE', #2707, .T. ) ;
#7902 = EDGE_LOOP ( 'NONE', ( #2396, #7337, #392, #3132 ) ) ;
#7903 = DIRECTION ( 'NONE',  ( -1.000000000000000000, 0.000000000000000000, 0.000000000000000000 ) ) ;
#7904 = EDGE_LOOP ( 'NONE', ( #7900, #9757, #8630, #1200 ) ) ;
#7905 = CYLINDRICAL_SURFACE ( 'NONE', #8524, 1.549999999999995826 ) ;
#7906 = ORIENTED_EDGE ( 'NONE', *, *, #6897, .F. ) ;
#7907 = VECTOR ( 'NONE', #934, 1000.000000000000000 ) ;
#7908 = EDGE_CURVE ( 'NONE', #3418, #732, #9894, .T. ) ;
#7909 = AXIS2_PLACEMENT_3D ( 'NONE', #7777, #3290, #4643 ) ;
#7910 = EDGE_CURVE ( 'NONE', #7141, #6949, #4129, .T. ) ;
#7911 = CARTESIAN_POINT ( 'NONE',  ( -35.32000000000000028, 20.36000000000000298, 0.000000000000000000 ) ) ;
#7912 = DIRECTION ( 'NONE',  ( 1.000000000000000000, 0.000000000000000000, 0.000000000000000000 ) ) ;
#7913 = EDGE_LOOP ( 'NONE', ( #9172, #9413, #341, #991 ) ) ;
#7914 = CARTESIAN_POINT ( 'NONE',  ( 39.00000000000001421, 7.500000000000000000, 0.000000000000000000 ) ) ;
#7915 = CARTESIAN_POINT ( 'NONE',  ( 64.00000000000007105, -90.99999999999998579, 0.000000000000000000 ) ) ;
#7916 = CARTESIAN_POINT ( 'NONE',  ( -56.00000000000001421, 91.00000000000000000, 2.000000000000000000 ) ) ;
#7917 = ORIENTED_EDGE ( 'NONE', *, *, #2400, .T. ) ;
#7918 = DIRECTION ( 'NONE',  ( -0.000000000000000000, -0.000000000000000000, -1.000000000000000000 ) ) ;
#7919 = ADVANCED_FACE ( 'NONE', ( #1597 ), #6159, .F. ) ;
#7920 = ADVANCED_FACE ( 'NONE', ( #7503 ), #6112, .F. ) ;
#7921 = PLANE ( 'NONE',  #9395 ) ;
#7922 = CARTESIAN_POINT ( 'NONE',  ( 29.00000000000000000, -24.50000000000000000, 0.000000000000000000 ) ) ;
#7923 = ADVANCED_FACE ( 'NONE', ( #3158, #3011, #9266, #9159, #1399, #8396, #2960, #2301, #8304, #4468, #6067, #7594, #649, #3713, #6753, #9823, #6010, #9059, #5264, #2205, #4516, #7548, #688, #3757, #5307, #8350, #1494, #4710, #7750, #292, #1041, #6312, #7156, #1645, #8701, #3213, #346, #2652, #8506, #1849, #989, #7901, #6410, #4055, #9467, #7103, #1097, #7855, #4107, #7807, #8554, #4907, #883, #3953, #3366, #2603, #9363, #5656, #7006, #7955, #6264, #187, #4164, #7210, #8653, #1697, #6357, #3413, #2504, #6453, #9517, #139, #1755, #4854, #9314, #5560, #2454, #3259, #4758, #238, #3309, #5509, #943, #9417, #4011, #7054, #2560, #8607, #4809, #5611, #1801, #3607, #8151, #580, #1289, #4358, #5705, #9572, #7253, #2801, #3560, #485, #7299, #1241, #7394, #6647, #532, #5805, #9714, #3658 ), #8195, .F. ) ;
#7924 = ORIENTED_EDGE ( 'NONE', *, *, #2182, .F. ) ;
#7925 = ADVANCED_FACE ( 'NONE', ( #8756 ), #4312, .F. ) ;
#7926 = DIRECTION ( 'NONE',  ( 0.000000000000000000, 0.000000000000000000, 1.000000000000000000 ) ) ;
#7927 = ORIENTED_EDGE ( 'NONE', *, *, #7062, .T. ) ;
#7928 = DIRECTION ( 'NONE',  ( 0.000000000000000000, 0.000000000000000000, 1.000000000000000000 ) ) ;
#7929 = ORIENTED_EDGE ( 'NONE', *, *, #8912, .F. ) ;
#7930 = CARTESIAN_POINT ( 'NONE',  ( 22.55000000000001137, -21.00000000000000355, 2.000000000000000000 ) ) ;
#7931 = AXIS2_PLACEMENT_3D ( 'NONE', #7556, #843, #700 ) ;
#7932 = CIRCLE ( 'NONE', #3626, 1.549999999999995826 ) ;
#7933 = ORIENTED_EDGE ( 'NONE', *, *, #8937, .T. ) ;
#7934 = LINE ( 'NONE', #7189, #9721 ) ;
#7935 = EDGE_CURVE ( 'NONE', #7713, #3973, #1333, .T. ) ;
#7936 = LINE ( 'NONE', #1080, #3964 ) ;
#7937 = EDGE_LOOP ( 'NONE', ( #7154, #6860 ) ) ;
#7938 = AXIS2_PLACEMENT_3D ( 'NONE', #5686, #1829, #4885 ) ;
#7939 = DIRECTION ( 'NONE',  ( -0.000000000000000000, -0.000000000000000000, 1.000000000000000000 ) ) ;
#7940 = EDGE_LOOP ( 'NONE', ( #2817, #5056, #4043, #9171 ) ) ;
#7941 = CARTESIAN_POINT ( 'NONE',  ( -53.55000000000001137, 77.00000000000001421, 2.000000000000000000 ) ) ;
#7942 = DIRECTION ( 'NONE',  ( -0.7071067811865475727, -0.7071067811865475727, 0.000000000000000000 ) ) ;
#7943 = LINE ( 'NONE', #4846, #7264 ) ;
#7944 = LINE ( 'NONE', #6955, #9560 ) ;
#7945 = EDGE_CURVE ( 'NONE', #3408, #8482, #285, .T. ) ;
#7946 = AXIS2_PLACEMENT_3D ( 'NONE', #2966, #5873, #551 ) ;
#7947 = AXIS2_PLACEMENT_3D ( 'NONE', #7474, #4386, #7523 ) ;
#7948 = VECTOR ( 'NONE', #6209, 1000.000000000000000 ) ;
#7949 = DIRECTION ( 'NONE',  ( 1.000000000000000000, 0.000000000000000000, 0.000000000000000000 ) ) ;
#7950 = AXIS2_PLACEMENT_3D ( 'NONE', #7381, #8838, #7235 ) ;
#7951 = ORIENTED_EDGE ( 'NONE', *, *, #1263, .T. ) ;
#7952 = LINE ( 'NONE', #9311, #3980 ) ;
#7953 = VERTEX_POINT ( 'NONE', #7349 ) ;
#7954 = ORIENTED_EDGE ( 'NONE', *, *, #8534, .F. ) ;
#7955 = FACE_BOUND ( 'NONE', #1758, .T. ) ;
#7956 = ORIENTED_EDGE ( 'NONE', *, *, #4482, .F. ) ;
#7957 = LINE ( 'NONE', #1099, #2414 ) ;
#7958 = EDGE_LOOP ( 'NONE', ( #9629, #866, #7410, #8825 ) ) ;
#7959 = CARTESIAN_POINT ( 'NONE',  ( 28.00000000000005329, 77.00000000000002842, 0.000000000000000000 ) ) ;
#7960 = VECTOR ( 'NONE', #1656, 1000.000000000000000 ) ;
#7961 = VERTEX_POINT ( 'NONE', #1907 ) ;
#7962 = FACE_OUTER_BOUND ( 'NONE', #7473, .T. ) ;
#7963 = AXIS2_PLACEMENT_3D ( 'NONE', #1094, #3456, #2797 ) ;
#7964 = FACE_OUTER_BOUND ( 'NONE', #6238, .T. ) ;
#7965 = AXIS2_PLACEMENT_3D ( 'NONE', #6939, #3702, #8385 ) ;
#7966 = ORIENTED_EDGE ( 'NONE', *, *, #5336, .F. ) ;
#7967 = CARTESIAN_POINT ( 'NONE',  ( 42.00000000000005684, 70.00000000000000000, 0.000000000000000000 ) ) ;
#7968 = DIRECTION ( 'NONE',  ( 0.000000000000000000, 0.000000000000000000, 1.000000000000000000 ) ) ;
#7969 = DIRECTION ( 'NONE',  ( 1.000000000000000000, 0.000000000000000000, 0.000000000000000000 ) ) ;
#7970 = VERTEX_POINT ( 'NONE', #5105 ) ;
#7971 = CARTESIAN_POINT ( 'NONE',  ( 29.00000000000000000, 24.50000000000000000, 0.000000000000000000 ) ) ;
#7972 = CIRCLE ( 'NONE', #1409, 1.550000000000002709 ) ;
#7973 = AXIS2_PLACEMENT_3D ( 'NONE', #1892, #5041, #4297 ) ;
#7974 = EDGE_CURVE ( 'NONE', #9148, #7675, #6679, .T. ) ;
#7975 = ADVANCED_FACE ( 'NONE', ( #5854 ), #1145, .F. ) ;
#7976 = FACE_BOUND ( 'NONE', #5767, .T. ) ;
#7977 = FACE_OUTER_BOUND ( 'NONE', #6607, .T. ) ;
#7978 = ORIENTED_EDGE ( 'NONE', *, *, #3599, .F. ) ;
#7979 = AXIS2_PLACEMENT_3D ( 'NONE', #1641, #183, #7849 ) ;
#7980 = VECTOR ( 'NONE', #5160, 1000.000000000000000 ) ;
#7981 = CARTESIAN_POINT ( 'NONE',  ( -11.09601551083913762, -8.903984489160825078, 0.000000000000000000 ) ) ;
#7982 = EDGE_CURVE ( 'NONE', #3834, #7983, #9736, .T. ) ;
#7983 = VERTEX_POINT ( 'NONE', #4212 ) ;
#7984 = DIRECTION ( 'NONE',  ( 1.000000000000000000, 0.000000000000000000, 0.000000000000000000 ) ) ;
#7985 = CARTESIAN_POINT ( 'NONE',  ( -29.00000000000000000, 24.50000000000000000, 0.000000000000000000 ) ) ;
#7986 = EDGE_CURVE ( 'NONE', #677, #1974, #3176, .T. ) ;
#7987 = ORIENTED_EDGE ( 'NONE', *, *, #4175, .T. ) ;
#7988 = CARTESIAN_POINT ( 'NONE',  ( -27.44999999999998153, -36.50000000000000711, 2.000000000000000000 ) ) ;
#7989 = CARTESIAN_POINT ( 'NONE',  ( -27.44999999999999218, -85.50000000000000000, 0.000000000000000000 ) ) ;
#7990 = ORIENTED_EDGE ( 'NONE', *, *, #3876, .T. ) ;
#7991 = CARTESIAN_POINT ( 'NONE',  ( 4.450000000000025935, -91.00000000000000000, 2.000000000000000000 ) ) ;
#7992 = ORIENTED_EDGE ( 'NONE', *, *, #3707, .T. ) ;
#7993 = CARTESIAN_POINT ( 'NONE',  ( 29.00000000000000355, -9.500000000000000000, 2.000000000000000000 ) ) ;
#7994 = DIRECTION ( 'NONE',  ( 0.000000000000000000, 0.000000000000000000, 1.000000000000000000 ) ) ;
#7995 = DIRECTION ( 'NONE',  ( 0.000000000000000000, 0.000000000000000000, 1.000000000000000000 ) ) ;
#7996 = DIRECTION ( 'NONE',  ( -0.000000000000000000, -0.000000000000000000, 1.000000000000000000 ) ) ;
#7997 = CIRCLE ( 'NONE', #1119, 1.550000000000002709 ) ;
#7998 = DIRECTION ( 'NONE',  ( 1.000000000000000000, 0.000000000000000000, 0.000000000000000000 ) ) ;
#7999 = ORIENTED_EDGE ( 'NONE', *, *, #3698, .F. ) ;
#8000 = DIRECTION ( 'NONE',  ( -0.000000000000000000, -0.000000000000000000, -1.000000000000000000 ) ) ;
#8001 = ORIENTED_EDGE ( 'NONE', *, *, #3944, .T. ) ;
#8002 = AXIS2_PLACEMENT_3D ( 'NONE', #391, #1243, #7301 ) ;
#8003 = ORIENTED_EDGE ( 'NONE', *, *, #3752, .T. ) ;
#8004 = DIRECTION ( 'NONE',  ( 0.000000000000000000, 0.000000000000000000, 1.000000000000000000 ) ) ;
#8005 = VECTOR ( 'NONE', #3751, 1000.000000000000000 ) ;
#8006 = ORIENTED_EDGE ( 'NONE', *, *, #6629, .F. ) ;
#8007 = CARTESIAN_POINT ( 'NONE',  ( 22.09601551083917670, -19.90398448916085883, 2.000000000000000000 ) ) ;
#8008 = VERTEX_POINT ( 'NONE', #2051 ) ;
#8009 = DIRECTION ( 'NONE',  ( 1.000000000000000000, 0.000000000000000000, 0.000000000000000000 ) ) ;
#8010 = EDGE_LOOP ( 'NONE', ( #8605, #6355, #3718, #5655 ) ) ;
#8011 = DIRECTION ( 'NONE',  ( -0.000000000000000000, -0.000000000000000000, 1.000000000000000000 ) ) ;
#8012 = VERTEX_POINT ( 'NONE', #5761 ) ;
#8013 = CARTESIAN_POINT ( 'NONE',  ( -43.55000000000003268, 54.00000000000000711, 2.000000000000000000 ) ) ;
#8014 = PLANE ( 'NONE',  #7329 ) ;
#8015 = EDGE_CURVE ( 'NONE', #6914, #9392, #5006, .T. ) ;
#8016 = VERTEX_POINT ( 'NONE', #4257 ) ;
#8017 = DIRECTION ( 'NONE',  ( -0.000000000000000000, -0.000000000000000000, 1.000000000000000000 ) ) ;
#8018 = CARTESIAN_POINT ( 'NONE',  ( 28.00000000000005329, 77.00000000000002842, 2.000000000000000000 ) ) ;
#8019 = CARTESIAN_POINT ( 'NONE',  ( 39.00000000000001421, -7.500000000000000000, 0.000000000000000000 ) ) ;
#8020 = ORIENTED_EDGE ( 'NONE', *, *, #204, .F. ) ;
#8021 = DIRECTION ( 'NONE',  ( -0.000000000000000000, -0.000000000000000000, -1.000000000000000000 ) ) ;
#8022 = EDGE_CURVE ( 'NONE', #9310, #2165, #926, .T. ) ;
#8023 = ADVANCED_BREP_SHAPE_REPRESENTATION ( 'R5\X2\56db8f6e5e9576d8677f\X0\V2.0.3\X2\9ed1\X0\', ( #9862, #1745 ), #8943 ) ;
#8024 = DIRECTION ( 'NONE',  ( 0.000000000000000000, 0.000000000000000000, 1.000000000000000000 ) ) ;
#8025 = CARTESIAN_POINT ( 'NONE',  ( -8.903984489160830407, 11.09601551083915538, 2.000000000000000000 ) ) ;
#8026 = CARTESIAN_POINT ( 'NONE',  ( 11.00000000000000000, -49.45000000000000284, 2.000000000000000000 ) ) ;
#8027 = EDGE_LOOP ( 'NONE', ( #637, #276 ) ) ;
#8028 = CIRCLE ( 'NONE', #9473, 1.549999999999995826 ) ;
#8029 = DIRECTION ( 'NONE',  ( -1.000000000000000000, 0.000000000000000000, 0.000000000000000000 ) ) ;
#8030 = ORIENTED_EDGE ( 'NONE', *, *, #504, .T. ) ;
#8031 = DIRECTION ( 'NONE',  ( -0.000000000000000000, -0.000000000000000000, -1.000000000000000000 ) ) ;
#8032 = EDGE_CURVE ( 'NONE', #9044, #4573, #5259, .T. ) ;
#8033 = ORIENTED_EDGE ( 'NONE', *, *, #7511, .T. ) ;
#8034 = EDGE_CURVE ( 'NONE', #8763, #9912, #3510, .T. ) ;
#8035 = DIRECTION ( 'NONE',  ( 0.7071067811865486830, 0.7071067811865464625, 0.000000000000000000 ) ) ;
#8036 = CYLINDRICAL_SURFACE ( 'NONE', #9231, 1.550000000000002709 ) ;
#8037 = ORIENTED_EDGE ( 'NONE', *, *, #40, .T. ) ;
#8038 = EDGE_CURVE ( 'NONE', #9428, #1508, #4463, .T. ) ;
#8039 = CARTESIAN_POINT ( 'NONE',  ( 1.387778780781445676E-14, 91.00000000000000000, 2.000000000000000000 ) ) ;
#8040 = VERTEX_POINT ( 'NONE', #9047 ) ;
#8041 = CARTESIAN_POINT ( 'NONE',  ( -42.00000000000001421, -54.00000000000003553, 2.000000000000000000 ) ) ;
#8042 = DIRECTION ( 'NONE',  ( 0.9486832980505137680, -0.3162277660168381632, -0.000000000000000000 ) ) ;
#8043 = CARTESIAN_POINT ( 'NONE',  ( -57.55000000000000426, -70.00000000000002842, 2.000000000000000000 ) ) ;
#8044 = DIRECTION ( 'NONE',  ( -0.000000000000000000, -0.000000000000000000, 1.000000000000000000 ) ) ;
#8045 = EDGE_CURVE ( 'NONE', #3723, #1780, #2215, .T. ) ;
#8046 = DIRECTION ( 'NONE',  ( 1.000000000000000000, 0.000000000000000000, 0.000000000000000000 ) ) ;
#8047 = EDGE_CURVE ( 'NONE', #7886, #3320, #3022, .T. ) ;
#8048 = CIRCLE ( 'NONE', #3736, 1.549999999999998712 ) ;
#8049 = DIRECTION ( 'NONE',  ( 0.000000000000000000, 0.000000000000000000, 1.000000000000000000 ) ) ;
#8050 = ORIENTED_EDGE ( 'NONE', *, *, #511, .F. ) ;
#8051 = EDGE_CURVE ( 'NONE', #7739, #2651, #676, .T. ) ;
#8052 = ORIENTED_EDGE ( 'NONE', *, *, #9774, .F. ) ;
#8053 = CARTESIAN_POINT ( 'NONE',  ( -43.55000000000000426, -38.20000000000003126, 2.000000000000000000 ) ) ;
#8054 = ORIENTED_EDGE ( 'NONE', *, *, #7864, .F. ) ;
#8055 = DIRECTION ( 'NONE',  ( -1.000000000000000000, 0.000000000000000000, 0.000000000000000000 ) ) ;
#8056 = ORIENTED_EDGE ( 'NONE', *, *, #4956, .T. ) ;
#8057 = CIRCLE ( 'NONE', #7412, 1.549999999999999378 ) ;
#8058 = CARTESIAN_POINT ( 'NONE',  ( -56.00000000000004263, 54.00000000000000711, 2.000000000000000000 ) ) ;
#8059 = AXIS2_PLACEMENT_3D ( 'NONE', #7562, #9888, #9076 ) ;
#8060 = CIRCLE ( 'NONE', #377, 1.550000000000000266 ) ;
#8061 = CYLINDRICAL_SURFACE ( 'NONE', #6533, 1.550000000000002709 ) ;
#8062 = ORIENTED_EDGE ( 'NONE', *, *, #936, .T. ) ;
#8063 = AXIS2_PLACEMENT_3D ( 'NONE', #6149, #3898, #6107 ) ;
#8064 = CARTESIAN_POINT ( 'NONE',  ( 10.00000000000001066, 9.999999999999996447, 2.000000000000000000 ) ) ;
#8065 = DIRECTION ( 'NONE',  ( -0.000000000000000000, -0.000000000000000000, -1.000000000000000000 ) ) ;
#8066 = ADVANCED_FACE ( 'NONE', ( #8336 ), #7687, .F. ) ;
#8067 = ORIENTED_EDGE ( 'NONE', *, *, #8547, .T. ) ;
#8068 = DIRECTION ( 'NONE',  ( 1.000000000000000000, 0.000000000000000000, 0.000000000000000000 ) ) ;
#8069 = CARTESIAN_POINT ( 'NONE',  ( -19.90398448916085528, 22.09601551083915183, 0.000000000000000000 ) ) ;
#8070 = AXIS2_PLACEMENT_3D ( 'NONE', #2721, #5070, #5774 ) ;
#8071 = LINE ( 'NONE', #1112, #6934 ) ;
#8072 = ORIENTED_EDGE ( 'NONE', *, *, #6634, .F. ) ;
#8073 = CARTESIAN_POINT ( 'NONE',  ( -11.09601551083914117, 8.903984489160858828, 0.000000000000000000 ) ) ;
#8074 = FACE_BOUND ( 'NONE', #7545, .T. ) ;
#8075 = DIRECTION ( 'NONE',  ( -0.000000000000000000, -0.000000000000000000, 1.000000000000000000 ) ) ;
#8076 = VECTOR ( 'NONE', #2632, 1000.000000000000000 ) ;
#8077 = CARTESIAN_POINT ( 'NONE',  ( -6.449999999999999289, 43.00000000000000000, 0.000000000000000000 ) ) ;
#8078 = CARTESIAN_POINT ( 'NONE',  ( -45.99999999999997158, -91.00000000000002842, 2.000000000000000000 ) ) ;
#8079 = VERTEX_POINT ( 'NONE', #6892 ) ;
#8080 = FACE_OUTER_BOUND ( 'NONE', #7534, .T. ) ;
#8081 = ORIENTED_EDGE ( 'NONE', *, *, #4928, .T. ) ;
#8082 = LINE ( 'NONE', #1887, #4592 ) ;
#8083 = LINE ( 'NONE', #7336, #3005 ) ;
#8084 = VERTEX_POINT ( 'NONE', #4456 ) ;
#8085 = CARTESIAN_POINT ( 'NONE',  ( -5.999999999999986677, -89.45000000000001705, 2.000000000000000000 ) ) ;
#8086 = ORIENTED_EDGE ( 'NONE', *, *, #8584, .T. ) ;
#8087 = DIRECTION ( 'NONE',  ( -0.000000000000000000, -0.000000000000000000, 1.000000000000000000 ) ) ;
#8088 = CYLINDRICAL_SURFACE ( 'NONE', #2870, 1.549999999999999378 ) ;
#8089 = CYLINDRICAL_SURFACE ( 'NONE', #1342, 1.550000000000002709 ) ;
#8090 = CIRCLE ( 'NONE', #3777, 1.550000000000002709 ) ;
#8091 = CYLINDRICAL_SURFACE ( 'NONE', #6967, 1.549999999999995826 ) ;
#8092 = VECTOR ( 'NONE', #4392, 1000.000000000000000 ) ;
#8093 = DIRECTION ( 'NONE',  ( -0.000000000000000000, -0.000000000000000000, -1.000000000000000000 ) ) ;
#8094 = FILL_AREA_STYLE_COLOUR ( '', #2879 ) ;
#8095 = ADVANCED_FACE ( 'NONE', ( #6744 ), #9196, .F. ) ;
#8096 = FACE_OUTER_BOUND ( 'NONE', #2994, .T. ) ;
#8097 = ORIENTED_EDGE ( 'NONE', *, *, #3487, .T. ) ;
#8098 = ORIENTED_EDGE ( 'NONE', *, *, #6463, .T. ) ;
#8099 = DIRECTION ( 'NONE',  ( 1.000000000000000000, 0.000000000000000000, 0.000000000000000000 ) ) ;
#8100 = EDGE_LOOP ( 'NONE', ( #7009, #7043, #2568, #6116 ) ) ;
#8101 = CARTESIAN_POINT ( 'NONE',  ( -43.55000000000003268, 54.00000000000000711, 0.000000000000000000 ) ) ;
#8102 = ORIENTED_EDGE ( 'NONE', *, *, #2533, .F. ) ;
#8103 = CARTESIAN_POINT ( 'NONE',  ( 26.45000000000005258, -77.00000000000002842, 2.000000000000000000 ) ) ;
#8104 = ADVANCED_FACE ( 'NONE', ( #6103 ), #1478, .F. ) ;
#8105 = ADVANCED_FACE ( 'NONE', ( #2904 ), #3893, .F. ) ;
#8106 = CIRCLE ( 'NONE', #2025, 1.549999999999995826 ) ;
#8107 = EDGE_CURVE ( 'NONE', #2738, #8651, #6792, .T. ) ;
#8108 = DIRECTION ( 'NONE',  ( -0.000000000000000000, -0.000000000000000000, -1.000000000000000000 ) ) ;
#8109 = VERTEX_POINT ( 'NONE', #3793 ) ;
#8110 = DIRECTION ( 'NONE',  ( 1.000000000000000000, 0.000000000000000000, 0.000000000000000000 ) ) ;
#8111 = AXIS2_PLACEMENT_3D ( 'NONE', #7175, #2769, #408 ) ;
#8112 = AXIS2_PLACEMENT_3D ( 'NONE', #5278, #3778, #3633 ) ;
#8113 = ORIENTED_EDGE ( 'NONE', *, *, #1797, .T. ) ;
#8114 = DIRECTION ( 'NONE',  ( 0.000000000000000000, 0.000000000000000000, 1.000000000000000000 ) ) ;
#8115 = DIRECTION ( 'NONE',  ( 0.000000000000000000, 0.000000000000000000, 1.000000000000000000 ) ) ;
#8116 = CIRCLE ( 'NONE', #7314, 1.550000000000002709 ) ;
#8117 = CIRCLE ( 'NONE', #5392, 1.550000000000002709 ) ;
#8118 = DIRECTION ( 'NONE',  ( 0.000000000000000000, 0.000000000000000000, 1.000000000000000000 ) ) ;
#8119 = CIRCLE ( 'NONE', #2524, 1.550000000000001155 ) ;
#8120 = VERTEX_POINT ( 'NONE', #6843 ) ;
#8121 = CARTESIAN_POINT ( 'NONE',  ( 42.00000000000004263, -70.00000000000002842, 0.000000000000000000 ) ) ;
#8122 = EDGE_CURVE ( 'NONE', #3215, #9061, #8435, .T. ) ;
#8123 = CIRCLE ( 'NONE', #5885, 1.549999999999999378 ) ;
#8124 = CIRCLE ( 'NONE', #2364, 1.550000000000002709 ) ;
#8125 = CIRCLE ( 'NONE', #5247, 1.549999999999995826 ) ;
#8126 = CARTESIAN_POINT ( 'NONE',  ( -16.95000000000004547, -83.00000000000000000, 0.000000000000000000 ) ) ;
#8127 = CARTESIAN_POINT ( 'NONE',  ( 33.76999999999999602, 20.36000000000000298, 0.000000000000000000 ) ) ;
#8128 = CARTESIAN_POINT ( 'NONE',  ( -42.00000000000002842, 54.00000000000000711, 0.000000000000000000 ) ) ;
#8129 = CARTESIAN_POINT ( 'NONE',  ( 7.500000000000003553, -27.49999999999998934, 2.000000000000000000 ) ) ;
#8130 = ORIENTED_EDGE ( 'NONE', *, *, #75, .F. ) ;
#8131 = VECTOR ( 'NONE', #8065, 1000.000000000000000 ) ;
#8132 = EDGE_CURVE ( 'NONE', #1508, #9428, #9586, .T. ) ;
#8133 = VECTOR ( 'NONE', #4848, 1000.000000000000114 ) ;
#8134 = CARTESIAN_POINT ( 'NONE',  ( 43.55000000000006111, 54.00000000000000711, 2.000000000000000000 ) ) ;
#8135 = CIRCLE ( 'NONE', #2374, 1.550000000000002709 ) ;
#8136 = EDGE_LOOP ( 'NONE', ( #5206, #9224 ) ) ;
#8137 = DIRECTION ( 'NONE',  ( 1.000000000000000000, 0.000000000000000000, 0.000000000000000000 ) ) ;
#8138 = LINE ( 'NONE', #1890, #1074 ) ;
#8139 = VERTEX_POINT ( 'NONE', #3096 ) ;
#8140 = DIRECTION ( 'NONE',  ( 0.000000000000000000, 0.000000000000000000, 1.000000000000000000 ) ) ;
#8141 = ORIENTED_EDGE ( 'NONE', *, *, #8777, .F. ) ;
#8142 = DIRECTION ( 'NONE',  ( -0.000000000000000000, -0.000000000000000000, -1.000000000000000000 ) ) ;
#8143 = DIRECTION ( 'NONE',  ( 0.000000000000000000, 0.000000000000000000, 1.000000000000000000 ) ) ;
#8144 = DIRECTION ( 'NONE',  ( -0.000000000000000000, -0.000000000000000000, 1.000000000000000000 ) ) ;
#8145 = EDGE_CURVE ( 'NONE', #7443, #9936, #6001, .T. ) ;
#8146 = EDGE_CURVE ( 'NONE', #1828, #7715, #4142, .T. ) ;
#8147 = CARTESIAN_POINT ( 'NONE',  ( -28.99999999999993250, 85.50000000000002842, 0.000000000000000000 ) ) ;
#8148 = CARTESIAN_POINT ( 'NONE',  ( 30.55000000000002558, -85.49999999999998579, 2.000000000000000000 ) ) ;
#8149 = ORIENTED_EDGE ( 'NONE', *, *, #501, .T. ) ;
#8150 = ORIENTED_EDGE ( 'NONE', *, *, #395, .F. ) ;
#8151 = FACE_BOUND ( 'NONE', #4937, .T. ) ;
#8152 = EDGE_LOOP ( 'NONE', ( #8791, #5872 ) ) ;
#8153 = DIRECTION ( 'NONE',  ( 0.000000000000000000, 0.000000000000000000, 1.000000000000000000 ) ) ;
#8154 = ORIENTED_EDGE ( 'NONE', *, *, #8711, .F. ) ;
#8155 = DIRECTION ( 'NONE',  ( -0.000000000000000000, -0.000000000000000000, -1.000000000000000000 ) ) ;
#8156 = AXIS2_PLACEMENT_3D ( 'NONE', #838, #6115, #9162 ) ;
#8157 = EDGE_CURVE ( 'NONE', #4760, #4015, #1381, .T. ) ;
#8158 = DIRECTION ( 'NONE',  ( 1.000000000000000000, 0.000000000000000000, 0.000000000000000000 ) ) ;
#8159 = EDGE_CURVE ( 'NONE', #9148, #734, #2241, .T. ) ;
#8160 = ORIENTED_EDGE ( 'NONE', *, *, #1307, .T. ) ;
#8161 = ADVANCED_FACE ( 'NONE', ( #4504 ), #7536, .F. ) ;
#8162 = AXIS2_PLACEMENT_3D ( 'NONE', #8128, #1267, #4423 ) ;
#8163 = DIRECTION ( 'NONE',  ( -0.000000000000000000, -0.000000000000000000, -1.000000000000000000 ) ) ;
#8164 = ORIENTED_EDGE ( 'NONE', *, *, #2481, .F. ) ;
#8165 = DIRECTION ( 'NONE',  ( 1.000000000000000000, 0.000000000000000000, 0.000000000000000000 ) ) ;
#8166 = DIRECTION ( 'NONE',  ( -0.000000000000000000, -0.000000000000000000, 1.000000000000000000 ) ) ;
#8167 = ORIENTED_EDGE ( 'NONE', *, *, #9490, .T. ) ;
#8168 = EDGE_CURVE ( 'NONE', #4743, #7003, #6345, .T. ) ;
#8169 = CARTESIAN_POINT ( 'NONE',  ( 15.00000000000000711, 53.00000000000000000, 0.000000000000000000 ) ) ;
#8170 = DIRECTION ( 'NONE',  ( 1.000000000000000000, 0.000000000000000000, 0.000000000000000000 ) ) ;
#8171 = VERTEX_POINT ( 'NONE', #7788 ) ;
#8172 = LINE ( 'NONE', #9830, #7615 ) ;
#8173 = EDGE_CURVE ( 'NONE', #9569, #9810, #1687, .T. ) ;
#8174 = CARTESIAN_POINT ( 'NONE',  ( 43.55000000000006111, 70.00000000000000000, 2.000000000000000000 ) ) ;
#8175 = DIRECTION ( 'NONE',  ( 1.000000000000000000, 0.000000000000000000, 0.000000000000000000 ) ) ;
#8176 = EDGE_CURVE ( 'NONE', #8337, #8763, #7840, .T. ) ;
#8177 = CARTESIAN_POINT ( 'NONE',  ( -28.99999999999998579, -36.50000000000000711, 0.000000000000000000 ) ) ;
#8178 = DIRECTION ( 'NONE',  ( -0.000000000000000000, -0.000000000000000000, 1.000000000000000000 ) ) ;
#8179 = VERTEX_POINT ( 'NONE', #69 ) ;
#8180 = FACE_OUTER_BOUND ( 'NONE', #7904, .T. ) ;
#8181 = ORIENTED_EDGE ( 'NONE', *, *, #6913, .T. ) ;
#8182 = CARTESIAN_POINT ( 'NONE',  ( -42.00000000000000711, 46.00000000000000711, 2.000000000000000000 ) ) ;
#8183 = CARTESIAN_POINT ( 'NONE',  ( 50.45000000000005258, -47.00000000000001421, 2.000000000000000000 ) ) ;
#8184 = ORIENTED_EDGE ( 'NONE', *, *, #5628, .T. ) ;
#8185 = CARTESIAN_POINT ( 'NONE',  ( -18.50000000000000000, 43.00000000000000000, 2.000000000000000000 ) ) ;
#8186 = ORIENTED_EDGE ( 'NONE', *, *, #4353, .T. ) ;
#8187 = DIRECTION ( 'NONE',  ( 0.000000000000000000, 0.000000000000000000, 1.000000000000000000 ) ) ;
#8188 = LINE ( 'NONE', #427, #2952 ) ;
#8189 = CARTESIAN_POINT ( 'NONE',  ( 52.00000000000005684, 47.00000000000001421, 2.000000000000000000 ) ) ;
#8190 = EDGE_CURVE ( 'NONE', #5662, #1952, #5495, .T. ) ;
#8191 = LINE ( 'NONE', #1327, #1525 ) ;
#8192 = CARTESIAN_POINT ( 'NONE',  ( -52.00000000000002132, -77.00000000000001421, 2.000000000000000000 ) ) ;
#8193 = ORIENTED_EDGE ( 'NONE', *, *, #2046, .F. ) ;
#8194 = ORIENTED_EDGE ( 'NONE', *, *, #7084, .F. ) ;
#8195 = PLANE ( 'NONE',  #8930 ) ;
#8196 = VERTEX_POINT ( 'NONE', #177 ) ;
#8197 = CARTESIAN_POINT ( 'NONE',  ( 52.00000000000004263, 77.00000000000002842, 2.000000000000000000 ) ) ;
#8198 = VERTEX_POINT ( 'NONE', #1029 ) ;
#8199 = CARTESIAN_POINT ( 'NONE',  ( -27.45000000000000995, -9.500000000000000000, 0.000000000000000000 ) ) ;
#8200 = CARTESIAN_POINT ( 'NONE',  ( -57.55000000000003268, 70.00000000000000000, 2.000000000000000000 ) ) ;
#8201 = VECTOR ( 'NONE', #4236, 1000.000000000000000 ) ;
#8202 = ORIENTED_EDGE ( 'NONE', *, *, #2168, .T. ) ;
#8203 = CARTESIAN_POINT ( 'NONE',  ( -46.00000000000001421, 92.54999999999999716, 2.000000000000000000 ) ) ;
#8204 = ORIENTED_EDGE ( 'NONE', *, *, #7910, .T. ) ;
#8205 = DIRECTION ( 'NONE',  ( 1.000000000000000000, 0.000000000000000000, 0.000000000000000000 ) ) ;
#8206 = DIRECTION ( 'NONE',  ( -0.000000000000000000, -0.000000000000000000, -1.000000000000000000 ) ) ;
#8207 = ORIENTED_EDGE ( 'NONE', *, *, #90, .T. ) ;
#8208 = DIRECTION ( 'NONE',  ( 0.000000000000000000, 0.000000000000000000, 1.000000000000000000 ) ) ;
#8209 = VERTEX_POINT ( 'NONE', #4044 ) ;
#8210 = AXIS2_PLACEMENT_3D ( 'NONE', #5881, #1509, #5221 ) ;
#8211 = CARTESIAN_POINT ( 'NONE',  ( 54.00000000000004263, 99.00000000000001421, 2.000000000000000000 ) ) ;
#8212 = AXIS2_PLACEMENT_3D ( 'NONE', #190, #946, #7812 ) ;
#8213 = DIRECTION ( 'NONE',  ( 1.000000000000000000, 0.000000000000000000, 0.000000000000000000 ) ) ;
#8214 = CIRCLE ( 'NONE', #4870, 1.549999999999995826 ) ;
#8215 = CARTESIAN_POINT ( 'NONE',  ( 48.99999999999998579, -7.500000000000000000, 2.000000000000000000 ) ) ;
#8216 = FACE_OUTER_BOUND ( 'NONE', #6325, .T. ) ;
#8217 = VECTOR ( 'NONE', #73, 1000.000000000000000 ) ;
#8218 = CARTESIAN_POINT ( 'NONE',  ( 16.54999999999999716, 77.00000000000000000, 0.000000000000000000 ) ) ;
#8219 = ORIENTED_EDGE ( 'NONE', *, *, #2358, .T. ) ;
#8220 = CARTESIAN_POINT ( 'NONE',  ( -57.55000000000001847, -54.00000000000003553, 2.000000000000000000 ) ) ;
#8221 = EDGE_CURVE ( 'NONE', #9649, #9842, #9743, .T. ) ;
#8222 = EDGE_CURVE ( 'NONE', #6102, #9936, #3663, .T. ) ;
#8223 = ADVANCED_FACE ( 'NONE', ( #5451 ), #8685, .F. ) ;
#8224 = CIRCLE ( 'NONE', #4557, 1.550000000000002709 ) ;
#8225 = ORIENTED_EDGE ( 'NONE', *, *, #5345, .F. ) ;
#8226 = EDGE_CURVE ( 'NONE', #799, #6081, #1735, .T. ) ;
#8227 = CARTESIAN_POINT ( 'NONE',  ( 29.00000000000002842, -85.49999999999998579, 0.000000000000000000 ) ) ;
#8228 = LINE ( 'NONE', #9697, #2198 ) ;
#8229 = ORIENTED_EDGE ( 'NONE', *, *, #511, .T. ) ;
#8230 = DIRECTION ( 'NONE',  ( 1.000000000000000000, 0.000000000000000000, 0.000000000000000000 ) ) ;
#8231 = EDGE_LOOP ( 'NONE', ( #5578, #6228, #6405, #7917 ) ) ;
#8232 = CARTESIAN_POINT ( 'NONE',  ( 29.00000000000001776, -36.50000000000000000, 2.000000000000000000 ) ) ;
#8233 = CARTESIAN_POINT ( 'NONE',  ( -35.32000000000000028, 20.36000000000000298, 2.000000000000000000 ) ) ;
#8234 = CARTESIAN_POINT ( 'NONE',  ( -14.55000000000000071, 62.00000000000000000, 0.000000000000000000 ) ) ;
#8235 = ADVANCED_FACE ( 'NONE', ( #227 ), #126, .F. ) ;
#8236 = CARTESIAN_POINT ( 'NONE',  ( 11.00000000000000000, -76.00000000000002842, 2.000000000000000000 ) ) ;
#8237 = CARTESIAN_POINT ( 'NONE',  ( -13.00000000000000000, 62.00000000000000000, 0.000000000000000000 ) ) ;
#8238 = CARTESIAN_POINT ( 'NONE',  ( -40.45000000000001705, -70.00000000000002842, 2.000000000000000000 ) ) ;
#8239 = VERTEX_POINT ( 'NONE', #3938 ) ;
#8240 = AXIS2_PLACEMENT_3D ( 'NONE', #3453, #5901, #4252 ) ;
#8241 = EDGE_LOOP ( 'NONE', ( #9666, #8557, #9136, #4577 ) ) ;
#8242 = DIRECTION ( 'NONE',  ( -1.000000000000000000, 0.000000000000000000, 0.000000000000000000 ) ) ;
#8243 = VERTEX_POINT ( 'NONE', #2590 ) ;
#8244 = DIRECTION ( 'NONE',  ( -0.000000000000000000, -0.000000000000000000, 1.000000000000000000 ) ) ;
#8245 = ORIENTED_EDGE ( 'NONE', *, *, #7486, .F. ) ;
#8246 = PLANE ( 'NONE',  #5189 ) ;
#8247 = CARTESIAN_POINT ( 'NONE',  ( 42.00000000000005684, 70.00000000000000000, 2.000000000000000000 ) ) ;
#8248 = VERTEX_POINT ( 'NONE', #7042 ) ;
#8249 = CYLINDRICAL_SURFACE ( 'NONE', #5740, 1.550000000000000488 ) ;
#8250 = ORIENTED_EDGE ( 'NONE', *, *, #1270, .T. ) ;
#8251 = CARTESIAN_POINT ( 'NONE',  ( 26.45000000000005613, 46.99999999999999289, 2.000000000000000000 ) ) ;
#8252 = DIRECTION ( 'NONE',  ( -0.000000000000000000, -0.000000000000000000, 1.000000000000000000 ) ) ;
#8253 = ORIENTED_EDGE ( 'NONE', *, *, #3276, .T. ) ;
#8254 = AXIS2_PLACEMENT_3D ( 'NONE', #3232, #4073, #5431 ) ;
#8255 = CARTESIAN_POINT ( 'NONE',  ( -7.499999999999995559, -39.50000000000001421, 0.000000000000000000 ) ) ;
#8256 = ORIENTED_EDGE ( 'NONE', *, *, #7491, .T. ) ;
#8257 = CYLINDRICAL_SURFACE ( 'NONE', #4917, 1.549999999999982059 ) ;
#8258 = AXIS2_PLACEMENT_3D ( 'NONE', #5212, #6807, #5122 ) ;
#8259 = VECTOR ( 'NONE', #3497, 1000.000000000000000 ) ;
#8260 = CARTESIAN_POINT ( 'NONE',  ( -1.550000000000000488, 57.49999999999999289, 0.000000000000000000 ) ) ;
#8261 = VECTOR ( 'NONE', #1993, 1000.000000000000000 ) ;
#8262 = CIRCLE ( 'NONE', #587, 1.550000000000002709 ) ;
#8263 = DIRECTION ( 'NONE',  ( 1.000000000000000000, 0.000000000000000000, 0.000000000000000000 ) ) ;
#8264 = AXIS2_PLACEMENT_3D ( 'NONE', #9099, #6097, #2900 ) ;
#8265 = DIRECTION ( 'NONE',  ( 0.000000000000000000, 0.000000000000000000, 1.000000000000000000 ) ) ;
#8266 = EDGE_LOOP ( 'NONE', ( #9887, #4882, #2800, #7860 ) ) ;
#8267 = AXIS2_PLACEMENT_3D ( 'NONE', #7867, #4921, #7019 ) ;
#8268 = CARTESIAN_POINT ( 'NONE',  ( -42.00000000000000711, 46.00000000000000711, 2.000000000000000000 ) ) ;
#8269 = EDGE_LOOP ( 'NONE', ( #240, #8440, #4258, #7259 ) ) ;
#8270 = CARTESIAN_POINT ( 'NONE',  ( -14.99999999999999645, 52.99999999999999289, 2.000000000000000000 ) ) ;
#8271 = VECTOR ( 'NONE', #6073, 1000.000000000000000 ) ;
#8272 = VECTOR ( 'NONE', #3470, 1000.000000000000000 ) ;
#8273 = ADVANCED_FACE ( 'NONE', ( #6298 ), #4094, .F. ) ;
#8274 = ADVANCED_FACE ( 'NONE', ( #8541 ), #2547, .F. ) ;
#8275 = CIRCLE ( 'NONE', #8601, 1.550000000000002709 ) ;
#8276 = ORIENTED_EDGE ( 'NONE', *, *, #1245, .F. ) ;
#8277 = CARTESIAN_POINT ( 'NONE',  ( -28.99999999999998579, -36.50000000000000711, 0.000000000000000000 ) ) ;
#8278 = ADVANCED_FACE ( 'NONE', ( #278 ), #1837, .F. ) ;
#8279 = AXIS2_PLACEMENT_3D ( 'NONE', #9781, #1445, #2297 ) ;
#8280 = CARTESIAN_POINT ( 'NONE',  ( 56.00000000000005684, 54.00000000000000711, 0.000000000000000000 ) ) ;
#8281 = EDGE_LOOP ( 'NONE', ( #4030, #6242 ) ) ;
#8282 = CIRCLE ( 'NONE', #6060, 1.550000000000002709 ) ;
#8283 = VECTOR ( 'NONE', #1435, 1000.000000000000000 ) ;
#8284 = FACE_OUTER_BOUND ( 'NONE', #9287, .T. ) ;
#8285 = VERTEX_POINT ( 'NONE', #7738 ) ;
#8286 = CARTESIAN_POINT ( 'NONE',  ( 56.00000000000004263, -54.00000000000003553, 0.000000000000000000 ) ) ;
#8287 = DIRECTION ( 'NONE',  ( 1.000000000000000000, 0.000000000000000000, 0.000000000000000000 ) ) ;
#8288 = EDGE_CURVE ( 'NONE', #2951, #5976, #8135, .T. ) ;
#8289 = DIRECTION ( 'NONE',  ( -0.000000000000000000, -0.000000000000000000, 1.000000000000000000 ) ) ;
#8290 = LINE ( 'NONE', #3838, #7800 ) ;
#8291 = EDGE_CURVE ( 'NONE', #9205, #931, #9251, .T. ) ;
#8292 = CARTESIAN_POINT ( 'NONE',  ( -56.00000000000002842, 70.00000000000000000, 0.000000000000000000 ) ) ;
#8293 = VERTEX_POINT ( 'NONE', #9699 ) ;
#8294 = EDGE_LOOP ( 'NONE', ( #5942, #4835, #701, #5762 ) ) ;
#8295 = CARTESIAN_POINT ( 'NONE',  ( -3.125000000000001776, 65.00000000000000000, 0.000000000000000000 ) ) ;
#8296 = VERTEX_POINT ( 'NONE', #2837 ) ;
#8297 = CARTESIAN_POINT ( 'NONE',  ( 6.000000000000015099, -91.00000000000000000, 2.000000000000000000 ) ) ;
#8298 = ORIENTED_EDGE ( 'NONE', *, *, #5746, .T. ) ;
#8299 = DIRECTION ( 'NONE',  ( 0.000000000000000000, 0.000000000000000000, 1.000000000000000000 ) ) ;
#8300 = CARTESIAN_POINT ( 'NONE',  ( -46.00000000000001421, -89.45000000000003126, 2.000000000000000000 ) ) ;
#8301 = EDGE_LOOP ( 'NONE', ( #158, #9279, #9384, #4134 ) ) ;
#8302 = LINE ( 'NONE', #647, #2062 ) ;
#8303 = ORIENTED_EDGE ( 'NONE', *, *, #5313, .F. ) ;
#8304 = FACE_BOUND ( 'NONE', #1170, .T. ) ;
#8305 = DIRECTION ( 'NONE',  ( -1.000000000000000000, 0.000000000000000000, 0.000000000000000000 ) ) ;
#8306 = CARTESIAN_POINT ( 'NONE',  ( -29.64999999999999858, 69.00000000000000000, 0.000000000000000000 ) ) ;
#8307 = EDGE_LOOP ( 'NONE', ( #9461, #366, #1345, #2433 ) ) ;
#8308 = DIRECTION ( 'NONE',  ( -0.000000000000000000, -0.000000000000000000, 1.000000000000000000 ) ) ;
#8309 = VECTOR ( 'NONE', #7842, 1000.000000000000000 ) ;
#8310 = CIRCLE ( 'NONE', #9286, 4.999999999999984013 ) ;
#8311 = EDGE_CURVE ( 'NONE', #3756, #4791, #3817, .T. ) ;
#8312 = DIRECTION ( 'NONE',  ( 0.000000000000000000, 0.000000000000000000, 1.000000000000000000 ) ) ;
#8313 = CARTESIAN_POINT ( 'NONE',  ( -40.45000000000000995, 38.20000000000000284, 2.000000000000000000 ) ) ;
#8314 = CARTESIAN_POINT ( 'NONE',  ( -21.54999999999999005, -29.60000000000000142, 2.000000000000000000 ) ) ;
#8315 = VERTEX_POINT ( 'NONE', #4995 ) ;
#8316 = CYLINDRICAL_SURFACE ( 'NONE', #219, 1.550000000000002709 ) ;
#8317 = ORIENTED_EDGE ( 'NONE', *, *, #2914, .F. ) ;
#8318 = DIRECTION ( 'NONE',  ( 1.000000000000000000, 0.000000000000000000, 0.000000000000000000 ) ) ;
#8319 = CIRCLE ( 'NONE', #7370, 1.549999999999995826 ) ;
#8320 = VERTEX_POINT ( 'NONE', #6590 ) ;
#8321 = DIRECTION ( 'NONE',  ( -0.000000000000000000, -0.000000000000000000, -1.000000000000000000 ) ) ;
#8322 = DIRECTION ( 'NONE',  ( 1.000000000000000000, 0.000000000000000000, 0.000000000000000000 ) ) ;
#8323 = VERTEX_POINT ( 'NONE', #373 ) ;
#8324 = CYLINDRICAL_SURFACE ( 'NONE', #8522, 1.550000000000009592 ) ;
#8325 = VERTEX_POINT ( 'NONE', #7194 ) ;
#8326 = CARTESIAN_POINT ( 'NONE',  ( 31.19999999999999929, 69.00000000000000000, 0.000000000000000000 ) ) ;
#8327 = CYLINDRICAL_SURFACE ( 'NONE', #7747, 1.550000000000002709 ) ;
#8328 = EDGE_CURVE ( 'NONE', #8841, #4384, #3399, .T. ) ;
#8329 = EDGE_CURVE ( 'NONE', #5693, #2429, #608, .T. ) ;
#8330 = DIRECTION ( 'NONE',  ( 0.000000000000000000, 0.000000000000000000, 1.000000000000000000 ) ) ;
#8331 = EDGE_CURVE ( 'NONE', #3700, #471, #423, .T. ) ;
#8332 = LINE ( 'NONE', #9630, #7001 ) ;
#8333 = DIRECTION ( 'NONE',  ( -1.000000000000000000, 0.000000000000000000, 0.000000000000000000 ) ) ;
#8334 = VERTEX_POINT ( 'NONE', #8946 ) ;
#8335 = ORIENTED_EDGE ( 'NONE', *, *, #6394, .F. ) ;
#8336 = FACE_OUTER_BOUND ( 'NONE', #8656, .T. ) ;
#8337 = VERTEX_POINT ( 'NONE', #5749 ) ;
#8338 = DIRECTION ( 'NONE',  ( 0.000000000000000000, 0.000000000000000000, 1.000000000000000000 ) ) ;
#8339 = FACE_OUTER_BOUND ( 'NONE', #127, .T. ) ;
#8340 = DIRECTION ( 'NONE',  ( 0.000000000000000000, 0.000000000000000000, 1.000000000000000000 ) ) ;
#8341 = EDGE_CURVE ( 'NONE', #7211, #9889, #766, .T. ) ;
#8342 = EDGE_CURVE ( 'NONE', #7662, #6701, #299, .T. ) ;
#8343 = EDGE_CURVE ( 'NONE', #8372, #9569, #5418, .T. ) ;
#8344 = CARTESIAN_POINT ( 'NONE',  ( 28.00000000000005329, 77.00000000000002842, 2.000000000000000000 ) ) ;
#8345 = VERTEX_POINT ( 'NONE', #5090 ) ;
#8346 = ADVANCED_FACE ( 'NONE', ( #5692 ), #1133, .F. ) ;
#8347 = LINE ( 'NONE', #6799, #3020 ) ;
#8348 = EDGE_CURVE ( 'NONE', #8821, #5319, #4148, .T. ) ;
#8349 = ORIENTED_EDGE ( 'NONE', *, *, #8579, .T. ) ;
#8350 = FACE_BOUND ( 'NONE', #4267, .T. ) ;
#8351 = CARTESIAN_POINT ( 'NONE',  ( -43.55000000000001137, 38.20000000000000284, 2.000000000000000000 ) ) ;
#8352 = ORIENTED_EDGE ( 'NONE', *, *, #4167, .F. ) ;
#8353 = LINE ( 'NONE', #6805, #1772 ) ;
#8354 = EDGE_LOOP ( 'NONE', ( #785, #6311, #3516, #969 ) ) ;
#8355 = CARTESIAN_POINT ( 'NONE',  ( -57.55000000000001847, 91.00000000000000000, 0.000000000000000000 ) ) ;
#8356 = AXIS2_PLACEMENT_3D ( 'NONE', #6687, #567, #8230 ) ;
#8357 = EDGE_CURVE ( 'NONE', #4512, #4814, #2382, .T. ) ;
#8358 = CARTESIAN_POINT ( 'NONE',  ( 57.55000000000004690, 91.00000000000001421, 2.000000000000000000 ) ) ;
#8359 = DIRECTION ( 'NONE',  ( 1.000000000000000000, 0.000000000000000000, 0.000000000000000000 ) ) ;
#8360 = CARTESIAN_POINT ( 'NONE',  ( 40.45000000000003837, -54.00000000000003553, 2.000000000000000000 ) ) ;
#8361 = AXIS2_PLACEMENT_3D ( 'NONE', #2424, #4630, #3274 ) ;
#8362 = EDGE_LOOP ( 'NONE', ( #9210, #6314, #9174, #8527 ) ) ;
#8363 = CARTESIAN_POINT ( 'NONE',  ( -7.499999999999995559, -39.50000000000001421, 0.000000000000000000 ) ) ;
#8364 = EDGE_LOOP ( 'NONE', ( #7992, #5450, #4481, #5990 ) ) ;
#8365 = CYLINDRICAL_SURFACE ( 'NONE', #9062, 1.550000000000000266 ) ;
#8366 = AXIS2_PLACEMENT_3D ( 'NONE', #7859, #8558, #2656 ) ;
#8367 = AXIS2_PLACEMENT_3D ( 'NONE', #982, #180, #4097 ) ;
#8368 = ORIENTED_EDGE ( 'NONE', *, *, #4510, .F. ) ;
#8369 = FACE_BOUND ( 'NONE', #8281, .T. ) ;
#8370 = CIRCLE ( 'NONE', #5030, 1.549999999999988942 ) ;
#8371 = DIRECTION ( 'NONE',  ( -0.000000000000000000, -0.000000000000000000, -1.000000000000000000 ) ) ;
#8372 = VERTEX_POINT ( 'NONE', #5841 ) ;
#8373 = LINE ( 'NONE', #2935, #1653 ) ;
#8374 = VERTEX_POINT ( 'NONE', #1176 ) ;
#8375 = CARTESIAN_POINT ( 'NONE',  ( -20.05000000000003979, -46.00000000000000711, 0.000000000000000000 ) ) ;
#8376 = AXIS2_PLACEMENT_3D ( 'NONE', #1690, #6398, #5550 ) ;
#8377 = CARTESIAN_POINT ( 'NONE',  ( 56.00000000000005684, 70.00000000000000000, 2.000000000000000000 ) ) ;
#8378 = EDGE_CURVE ( 'NONE', #7831, #30, #7178, .T. ) ;
#8379 = VECTOR ( 'NONE', #9907, 1000.000000000000000 ) ;
#8380 = CARTESIAN_POINT ( 'NONE',  ( 8.999999999999992895, 28.50000000000002132, 0.000000000000000000 ) ) ;
#8381 = CARTESIAN_POINT ( 'NONE',  ( 27.45000000000003482, -85.49999999999998579, 2.000000000000000000 ) ) ;
#8382 = DIRECTION ( 'NONE',  ( 0.000000000000000000, 0.000000000000000000, 1.000000000000000000 ) ) ;
#8383 = VERTEX_POINT ( 'NONE', #7991 ) ;
#8384 = ORIENTED_EDGE ( 'NONE', *, *, #1815, .T. ) ;
#8385 = DIRECTION ( 'NONE',  ( -1.000000000000000000, 0.000000000000000000, 0.000000000000000000 ) ) ;
#8386 = ORIENTED_EDGE ( 'NONE', *, *, #6761, .T. ) ;
#8387 = DIRECTION ( 'NONE',  ( 0.000000000000000000, 0.000000000000000000, 1.000000000000000000 ) ) ;
#8388 = CARTESIAN_POINT ( 'NONE',  ( -1.549999999999995159, -11.99999999999999645, 0.000000000000000000 ) ) ;
#8389 = CARTESIAN_POINT ( 'NONE',  ( 46.00000000000008527, 89.45000000000001705, 2.000000000000000000 ) ) ;
#8390 = EDGE_CURVE ( 'NONE', #5441, #7813, #2871, .T. ) ;
#8391 = ADVANCED_FACE ( 'NONE', ( #1984 ), #4245, .F. ) ;
#8392 = CARTESIAN_POINT ( 'NONE',  ( 43.55000000000004690, -70.00000000000002842, 2.000000000000000000 ) ) ;
#8393 = ORIENTED_EDGE ( 'NONE', *, *, #1058, .T. ) ;
#8394 = CARTESIAN_POINT ( 'NONE',  ( -48.99999999999998579, -7.500000000000000000, 0.000000000000000000 ) ) ;
#8395 = VERTEX_POINT ( 'NONE', #8085 ) ;
#8396 = FACE_BOUND ( 'NONE', #4037, .T. ) ;
#8397 = EDGE_CURVE ( 'NONE', #6076, #56, #2032, .T. ) ;
#8398 = CARTESIAN_POINT ( 'NONE',  ( -57.55000000000001847, 91.00000000000000000, 2.000000000000000000 ) ) ;
#8399 = ORIENTED_EDGE ( 'NONE', *, *, #8845, .F. ) ;
#8400 = DIRECTION ( 'NONE',  ( 0.6246950475544246206, -0.7808688094430300541, 0.000000000000000000 ) ) ;
#8401 = ORIENTED_EDGE ( 'NONE', *, *, #642, .T. ) ;
#8402 = DIRECTION ( 'NONE',  ( 1.000000000000000000, 0.000000000000000000, 0.000000000000000000 ) ) ;
#8403 = ADVANCED_FACE ( 'NONE', ( #472 ), #1277, .F. ) ;
#8404 = AXIS2_PLACEMENT_3D ( 'NONE', #3193, #8428, #3240 ) ;
#8405 = CARTESIAN_POINT ( 'NONE',  ( -3.081487911019577365E-30, 75.70000000000000284, 0.000000000000000000 ) ) ;
#8406 = CARTESIAN_POINT ( 'NONE',  ( -4.574681805324714957E-15, 37.00000000000000000, 2.000000000000000000 ) ) ;
#8407 = VECTOR ( 'NONE', #1208, 1000.000000000000000 ) ;
#8408 = ORIENTED_EDGE ( 'NONE', *, *, #9774, .T. ) ;
#8409 = CARTESIAN_POINT ( 'NONE',  ( 56.00000000000005684, 70.00000000000000000, 0.000000000000000000 ) ) ;
#8410 = ORIENTED_EDGE ( 'NONE', *, *, #7856, .F. ) ;
#8411 = ORIENTED_EDGE ( 'NONE', *, *, #5940, .F. ) ;
#8412 = CARTESIAN_POINT ( 'NONE',  ( 42.00000000000007816, 46.00000000000000711, 0.000000000000000000 ) ) ;
#8413 = ORIENTED_EDGE ( 'NONE', *, *, #5597, .F. ) ;
#8414 = CARTESIAN_POINT ( 'NONE',  ( -4.574681805324714957E-15, 37.00000000000000000, 0.000000000000000000 ) ) ;
#8415 = AXIS2_PLACEMENT_3D ( 'NONE', #9481, #3428, #5676 ) ;
#8416 = VECTOR ( 'NONE', #1078, 1000.000000000000000 ) ;
#8417 = AXIS2_PLACEMENT_3D ( 'NONE', #9617, #431, #5100 ) ;
#8418 = VECTOR ( 'NONE', #2993, 1000.000000000000000 ) ;
#8419 = EDGE_LOOP ( 'NONE', ( #9592, #8734 ) ) ;
#8420 = CIRCLE ( 'NONE', #105, 1.550000000000002709 ) ;
#8421 = FACE_BOUND ( 'NONE', #4985, .T. ) ;
#8422 = ADVANCED_FACE ( 'NONE', ( #8284 ), #6780, .F. ) ;
#8423 = CARTESIAN_POINT ( 'NONE',  ( 29.00000000000004619, 36.50000000000000000, 2.000000000000000000 ) ) ;
#8424 = ORIENTED_EDGE ( 'NONE', *, *, #9631, .F. ) ;
#8425 = AXIS2_PLACEMENT_3D ( 'NONE', #7555, #4420, #5971 ) ;
#8426 = DIRECTION ( 'NONE',  ( 1.000000000000000000, 0.000000000000000000, 0.000000000000000000 ) ) ;
#8427 = EDGE_LOOP ( 'NONE', ( #6703, #2946, #3203, #3960 ) ) ;
#8428 = DIRECTION ( 'NONE',  ( -0.000000000000000000, -0.000000000000000000, -1.000000000000000000 ) ) ;
#8429 = CIRCLE ( 'NONE', #7472, 1.550000000000002709 ) ;
#8430 = DIRECTION ( 'NONE',  ( -0.000000000000000000, -0.000000000000000000, -1.000000000000000000 ) ) ;
#8431 = AXIS2_PLACEMENT_3D ( 'NONE', #8868, #8114, #7360 ) ;
#8432 = CARTESIAN_POINT ( 'NONE',  ( -54.45000000000000995, -54.00000000000003553, 0.000000000000000000 ) ) ;
#8433 = EDGE_CURVE ( 'NONE', #8794, #8372, #2177, .T. ) ;
#8434 = DIRECTION ( 'NONE',  ( -0.000000000000000000, -0.000000000000000000, -1.000000000000000000 ) ) ;
#8435 = CIRCLE ( 'NONE', #8771, 1.550000000000002709 ) ;
#8436 = DIRECTION ( 'NONE',  ( 1.000000000000000000, 0.000000000000000000, 0.000000000000000000 ) ) ;
#8437 = ORIENTED_EDGE ( 'NONE', *, *, #564, .T. ) ;
#8438 = ORIENTED_EDGE ( 'NONE', *, *, #8833, .T. ) ;
#8439 = CARTESIAN_POINT ( 'NONE',  ( 26.45000000000005613, 46.99999999999999289, 2.000000000000000000 ) ) ;
#8440 = ORIENTED_EDGE ( 'NONE', *, *, #5289, .T. ) ;
#8441 = LINE ( 'NONE', #7689, #8633 ) ;
#8442 = EDGE_CURVE ( 'NONE', #5650, #3018, #2272, .T. ) ;
#8443 = DIRECTION ( 'NONE',  ( 0.000000000000000000, 0.000000000000000000, 1.000000000000000000 ) ) ;
#8444 = DIRECTION ( 'NONE',  ( -1.000000000000000000, 0.000000000000000000, -0.000000000000000000 ) ) ;
#8445 = CIRCLE ( 'NONE', #1233, 1.549999999999995826 ) ;
#8446 = EDGE_CURVE ( 'NONE', #7064, #5932, #5811, .T. ) ;
#8447 = AXIS2_PLACEMENT_3D ( 'NONE', #3333, #6329, #3384 ) ;
#8448 = AXIS2_PLACEMENT_3D ( 'NONE', #4199, #7239, #3446 ) ;
#8449 = DIRECTION ( 'NONE',  ( 1.000000000000000000, 0.000000000000000000, 0.000000000000000000 ) ) ;
#8450 = ORIENTED_EDGE ( 'NONE', *, *, #8952, .T. ) ;
#8451 = CARTESIAN_POINT ( 'NONE',  ( -14.99999999999999645, 77.00000000000000000, 2.000000000000000000 ) ) ;
#8452 = CIRCLE ( 'NONE', #1911, 1.550000000000002709 ) ;
#8453 = CIRCLE ( 'NONE', #137, 1.549999999999999378 ) ;
#8454 = EDGE_LOOP ( 'NONE', ( #6372, #2314 ) ) ;
#8455 = CARTESIAN_POINT ( 'NONE',  ( 1.387778780781445676E-14, 91.00000000000000000, 2.000000000000000000 ) ) ;
#8456 = FACE_OUTER_BOUND ( 'NONE', #1242, .T. ) ;
#8457 = EDGE_LOOP ( 'NONE', ( #8626, #8550 ) ) ;
#8458 = CARTESIAN_POINT ( 'NONE',  ( 20.44999999999999574, 60.19999999999999574, 2.000000000000000000 ) ) ;
#8459 = EDGE_LOOP ( 'NONE', ( #9437, #7854 ) ) ;
#8460 = CARTESIAN_POINT ( 'NONE',  ( 28.00000000000006040, -46.99999999999999289, 2.000000000000000000 ) ) ;
#8461 = EDGE_CURVE ( 'NONE', #5252, #6806, #8373, .T. ) ;
#8462 = EDGE_CURVE ( 'NONE', #7515, #2480, #6734, .T. ) ;
#8463 = DIRECTION ( 'NONE',  ( 0.000000000000000000, 0.000000000000000000, 1.000000000000000000 ) ) ;
#8464 = DIRECTION ( 'NONE',  ( 0.000000000000000000, 0.000000000000000000, 1.000000000000000000 ) ) ;
#8465 = ADVANCED_FACE ( 'NONE', ( #2985 ), #4437, .F. ) ;
#8466 = ORIENTED_EDGE ( 'NONE', *, *, #3545, .T. ) ;
#8467 = DIRECTION ( 'NONE',  ( -1.000000000000000000, 0.000000000000000000, 0.000000000000000000 ) ) ;
#8468 = ORIENTED_EDGE ( 'NONE', *, *, #8623, .T. ) ;
#8469 = EDGE_LOOP ( 'NONE', ( #8393, #5635, #3194, #4978 ) ) ;
#8470 = CARTESIAN_POINT ( 'NONE',  ( 43.55000000000008242, -46.00000000000000711, 2.000000000000000000 ) ) ;
#8471 = VERTEX_POINT ( 'NONE', #9037 ) ;
#8472 = CARTESIAN_POINT ( 'NONE',  ( -11.00000000000000000, -49.45000000000000284, 2.000000000000000000 ) ) ;
#8473 = AXIS2_PLACEMENT_3D ( 'NONE', #2859, #3660, #5198 ) ;
#8474 = AXIS2_PLACEMENT_3D ( 'NONE', #5634, #4086, #1349 ) ;
#8475 = EDGE_CURVE ( 'NONE', #3550, #1847, #3264, .T. ) ;
#8476 = EDGE_CURVE ( 'NONE', #9326, #980, #7881, .T. ) ;
#8477 = EDGE_CURVE ( 'NONE', #9581, #7033, #3732, .T. ) ;
#8478 = EDGE_LOOP ( 'NONE', ( #9838, #1288, #9404, #7906 ) ) ;
#8479 = FACE_BOUND ( 'NONE', #8454, .T. ) ;
#8480 = AXIS2_PLACEMENT_3D ( 'NONE', #944, #5409, #9267 ) ;
#8481 = VECTOR ( 'NONE', #5302, 1000.000000000000000 ) ;
#8482 = VERTEX_POINT ( 'NONE', #2230 ) ;
#8483 = CARTESIAN_POINT ( 'NONE',  ( -56.00000000000001421, -54.00000000000003553, 0.000000000000000000 ) ) ;
#8484 = VERTEX_POINT ( 'NONE', #1367 ) ;
#8485 = LINE ( 'NONE', #2434, #2827 ) ;
#8486 = ORIENTED_EDGE ( 'NONE', *, *, #2664, .F. ) ;
#8487 = DIRECTION ( 'NONE',  ( 0.000000000000000000, 0.000000000000000000, 1.000000000000000000 ) ) ;
#8488 = EDGE_LOOP ( 'NONE', ( #6817, #7012 ) ) ;
#8489 = CYLINDRICAL_SURFACE ( 'NONE', #7133, 1.549999999999988942 ) ;
#8490 = ADVANCED_FACE ( 'NONE', ( #5233 ), #8324, .F. ) ;
#8491 = CARTESIAN_POINT ( 'NONE',  ( -57.55000000000001847, -54.00000000000003553, 0.000000000000000000 ) ) ;
#8492 = FACE_OUTER_BOUND ( 'NONE', #4657, .T. ) ;
#8493 = ORIENTED_EDGE ( 'NONE', *, *, #7159, .T. ) ;
#8494 = EDGE_LOOP ( 'NONE', ( #3513, #1906, #694, #4989 ) ) ;
#8495 = DIRECTION ( 'NONE',  ( 1.000000000000000000, 0.000000000000000000, 0.000000000000000000 ) ) ;
#8496 = ORIENTED_EDGE ( 'NONE', *, *, #5934, .T. ) ;
#8497 = CARTESIAN_POINT ( 'NONE',  ( 30.54999999999999716, -24.50000000000000000, 0.000000000000000000 ) ) ;
#8498 = DIRECTION ( 'NONE',  ( 0.000000000000000000, 0.000000000000000000, 1.000000000000000000 ) ) ;
#8499 = DIRECTION ( 'NONE',  ( 0.000000000000000000, 0.000000000000000000, 1.000000000000000000 ) ) ;
#8500 = CARTESIAN_POINT ( 'NONE',  ( -7.499999999999995559, -39.50000000000001421, 2.000000000000000000 ) ) ;
#8501 = FACE_OUTER_BOUND ( 'NONE', #3107, .T. ) ;
#8502 = ORIENTED_EDGE ( 'NONE', *, *, #3649, .T. ) ;
#8503 = DIRECTION ( 'NONE',  ( 0.000000000000000000, 0.000000000000000000, 1.000000000000000000 ) ) ;
#8504 = CIRCLE ( 'NONE', #6430, 1.550000000000002709 ) ;
#8505 = VERTEX_POINT ( 'NONE', #7572 ) ;
#8506 = FACE_BOUND ( 'NONE', #7102, .T. ) ;
#8507 = CARTESIAN_POINT ( 'NONE',  ( -9.000000000000005329, 32.50000000000001421, 0.000000000000000000 ) ) ;
#8508 = ORIENTED_EDGE ( 'NONE', *, *, #9457, .T. ) ;
#8509 = DIRECTION ( 'NONE',  ( 1.000000000000000000, 0.000000000000000000, 0.000000000000000000 ) ) ;
#8510 = ORIENTED_EDGE ( 'NONE', *, *, #9157, .F. ) ;
#8511 = CARTESIAN_POINT ( 'NONE',  ( -54.00000000000001421, 99.00000000000000000, 2.000000000000000000 ) ) ;
#8512 = DIRECTION ( 'NONE',  ( -0.000000000000000000, -0.000000000000000000, -1.000000000000000000 ) ) ;
#8513 = CARTESIAN_POINT ( 'NONE',  ( 48.99999999999998579, 7.500000000000000888, 2.000000000000000000 ) ) ;
#8514 = ORIENTED_EDGE ( 'NONE', *, *, #2111, .F. ) ;
#8515 = DIRECTION ( 'NONE',  ( 1.000000000000000000, 3.469446951953612217E-16, 0.000000000000000000 ) ) ;
#8516 = ORIENTED_EDGE ( 'NONE', *, *, #1794, .T. ) ;
#8517 = CARTESIAN_POINT ( 'NONE',  ( 48.99999999999998579, 7.500000000000000888, 0.000000000000000000 ) ) ;
#8518 = ORIENTED_EDGE ( 'NONE', *, *, #911, .T. ) ;
#8519 = DIRECTION ( 'NONE',  ( -0.7682212795973755171, -0.6401843996644801527, 0.000000000000000000 ) ) ;
#8520 = ORIENTED_EDGE ( 'NONE', *, *, #5167, .F. ) ;
#8521 = FACE_BOUND ( 'NONE', #5882, .T. ) ;
#8522 = AXIS2_PLACEMENT_3D ( 'NONE', #9800, #3782, #4535 ) ;
#8523 = ORIENTED_EDGE ( 'NONE', *, *, #8982, .T. ) ;
#8524 = AXIS2_PLACEMENT_3D ( 'NONE', #9522, #7107, #3314 ) ;
#8525 = DIRECTION ( 'NONE',  ( -1.000000000000000000, 0.000000000000000000, 0.000000000000000000 ) ) ;
#8526 = EDGE_CURVE ( 'NONE', #7961, #9452, #713, .T. ) ;
#8527 = ORIENTED_EDGE ( 'NONE', *, *, #9138, .T. ) ;
#8528 = EDGE_CURVE ( 'NONE', #9500, #2808, #9660, .T. ) ;
#8529 = CARTESIAN_POINT ( 'NONE',  ( 1.550000000000009592, -91.00000000000000000, 0.000000000000000000 ) ) ;
#8530 = ORIENTED_EDGE ( 'NONE', *, *, #7433, .T. ) ;
#8531 = EDGE_CURVE ( 'NONE', #4599, #2096, #1482, .T. ) ;
#8532 = CARTESIAN_POINT ( 'NONE',  ( 33.76999999999999602, 20.36000000000000298, 0.000000000000000000 ) ) ;
#8533 = CIRCLE ( 'NONE', #1010, 1.550000000000002709 ) ;
#8534 = EDGE_CURVE ( 'NONE', #8315, #8320, #4228, .T. ) ;
#8535 = CIRCLE ( 'NONE', #4235, 1.549999999999988942 ) ;
#8536 = ORIENTED_EDGE ( 'NONE', *, *, #8591, .F. ) ;
#8537 = DIRECTION ( 'NONE',  ( 1.000000000000000000, 0.000000000000000000, 0.000000000000000000 ) ) ;
#8538 = CARTESIAN_POINT ( 'NONE',  ( -54.45000000000000995, 91.00000000000000000, 2.000000000000000000 ) ) ;
#8539 = ORIENTED_EDGE ( 'NONE', *, *, #8045, .T. ) ;
#8540 = ORIENTED_EDGE ( 'NONE', *, *, #5847, .F. ) ;
#8541 = FACE_OUTER_BOUND ( 'NONE', #2477, .T. ) ;
#8542 = ORIENTED_EDGE ( 'NONE', *, *, #4897, .F. ) ;
#8543 = CYLINDRICAL_SURFACE ( 'NONE', #1931, 1.550000000000002709 ) ;
#8544 = DIRECTION ( 'NONE',  ( 1.000000000000000000, 0.000000000000000000, 0.000000000000000000 ) ) ;
#8545 = AXIS2_PLACEMENT_3D ( 'NONE', #5753, #8740, #1137 ) ;
#8546 = DIRECTION ( 'NONE',  ( -0.000000000000000000, -0.000000000000000000, -1.000000000000000000 ) ) ;
#8547 = EDGE_CURVE ( 'NONE', #8012, #1149, #3583, .T. ) ;
#8548 = LINE ( 'NONE', #830, #5697 ) ;
#8549 =( NAMED_UNIT ( * ) SI_UNIT ( $, .STERADIAN. ) SOLID_ANGLE_UNIT ( ) );
#8550 = ORIENTED_EDGE ( 'NONE', *, *, #6459, .T. ) ;
#8551 = CIRCLE ( 'NONE', #6790, 1.550000000000002709 ) ;
#8552 = DIRECTION ( 'NONE',  ( -0.000000000000000000, -0.000000000000000000, -1.000000000000000000 ) ) ;
#8553 = ORIENTED_EDGE ( 'NONE', *, *, #9281, .F. ) ;
#8554 = FACE_BOUND ( 'NONE', #8796, .T. ) ;
#8555 = DIRECTION ( 'NONE',  ( -0.000000000000000000, -0.000000000000000000, 1.000000000000000000 ) ) ;
#8556 = EDGE_CURVE ( 'NONE', #3075, #5906, #8846, .T. ) ;
#8557 = ORIENTED_EDGE ( 'NONE', *, *, #6707, .T. ) ;
#8558 = DIRECTION ( 'NONE',  ( 0.000000000000000000, 0.000000000000000000, 1.000000000000000000 ) ) ;
#8559 = ORIENTED_EDGE ( 'NONE', *, *, #8547, .F. ) ;
#8560 = CARTESIAN_POINT ( 'NONE',  ( 44.00000000000000711, 7.499999999999999112, 0.000000000000000000 ) ) ;
#8561 = DIRECTION ( 'NONE',  ( 0.000000000000000000, 0.000000000000000000, 1.000000000000000000 ) ) ;
#8562 = ORIENTED_EDGE ( 'NONE', *, *, #7112, .T. ) ;
#8563 = CARTESIAN_POINT ( 'NONE',  ( -28.00000000000001776, -46.99999999999998579, 2.000000000000000000 ) ) ;
#8564 = VERTEX_POINT ( 'NONE', #7430 ) ;
#8565 = AXIS2_PLACEMENT_3D ( 'NONE', #7731, #6138, #8634 ) ;
#8566 = DIRECTION ( 'NONE',  ( -0.000000000000000000, -0.000000000000000000, 1.000000000000000000 ) ) ;
#8567 = EDGE_LOOP ( 'NONE', ( #2098, #407 ) ) ;
#8568 = LINE ( 'NONE', #1713, #9389 ) ;
#8569 = VECTOR ( 'NONE', #1725, 1000.000000000000000 ) ;
#8570 = AXIS2_PLACEMENT_3D ( 'NONE', #1971, #7325, #5027 ) ;
#8571 = EDGE_LOOP ( 'NONE', ( #6893, #6130, #9937, #7547 ) ) ;
#8572 = FACE_BOUND ( 'NONE', #8488, .T. ) ;
#8573 = DIRECTION ( 'NONE',  ( -0.000000000000000000, -0.000000000000000000, 1.000000000000000000 ) ) ;
#8574 = EDGE_LOOP ( 'NONE', ( #8902, #1222, #4675, #4712 ) ) ;
#8575 = CARTESIAN_POINT ( 'NONE',  ( 57.55000000000004690, -54.00000000000003553, 0.000000000000000000 ) ) ;
#8576 = ORIENTED_EDGE ( 'NONE', *, *, #2119, .T. ) ;
#8577 = CYLINDRICAL_SURFACE ( 'NONE', #2984, 1.550000000000000933 ) ;
#8578 = EDGE_LOOP ( 'NONE', ( #5590, #8809, #977, #9519 ) ) ;
#8579 = EDGE_CURVE ( 'NONE', #7983, #3834, #9165, .T. ) ;
#8580 = AXIS2_PLACEMENT_3D ( 'NONE', #9843, #5979, #3078 ) ;
#8581 = LINE ( 'NONE', #2387, #7577 ) ;
#8582 = EDGE_CURVE ( 'NONE', #783, #8628, #6181, .T. ) ;
#8583 = ORIENTED_EDGE ( 'NONE', *, *, #4601, .T. ) ;
#8584 = EDGE_CURVE ( 'NONE', #3018, #9158, #8048, .T. ) ;
#8585 = CARTESIAN_POINT ( 'NONE',  ( 6.000000000000015099, 91.00000000000000000, 2.000000000000000000 ) ) ;
#8586 = AXIS2_PLACEMENT_3D ( 'NONE', #5970, #1454, #9019 ) ;
#8587 = VECTOR ( 'NONE', #1581, 1000.000000000000000 ) ;
#8588 = CIRCLE ( 'NONE', #9881, 1.550000000000002709 ) ;
#8589 = CARTESIAN_POINT ( 'NONE',  ( 29.00000000000002842, -85.49999999999998579, 0.000000000000000000 ) ) ;
#8590 = EDGE_LOOP ( 'NONE', ( #2384, #5496, #4215, #4059 ) ) ;
#8591 = EDGE_CURVE ( 'NONE', #3180, #9581, #523, .T. ) ;
#8592 = CIRCLE ( 'NONE', #750, 1.549999999999995826 ) ;
#8593 = VERTEX_POINT ( 'NONE', #9293 ) ;
#8594 = DIRECTION ( 'NONE',  ( -0.000000000000000000, 1.000000000000000000, 0.000000000000000000 ) ) ;
#8595 = ORIENTED_EDGE ( 'NONE', *, *, #9382, .T. ) ;
#8596 = LINE ( 'NONE', #5497, #6243 ) ;
#8597 = DIRECTION ( 'NONE',  ( -0.000000000000000000, -0.000000000000000000, 1.000000000000000000 ) ) ;
#8598 = DIRECTION ( 'NONE',  ( -0.000000000000000000, -0.000000000000000000, -1.000000000000000000 ) ) ;
#8599 = ADVANCED_FACE ( 'NONE', ( #1016 ), #7876, .F. ) ;
#8600 = AXIS2_PLACEMENT_3D ( 'NONE', #4367, #4224, #545 ) ;
#8601 = AXIS2_PLACEMENT_3D ( 'NONE', #4691, #6190, #9250 ) ;
#8602 = CARTESIAN_POINT ( 'NONE',  ( -43.54999999999999716, -46.00000000000003553, 2.000000000000000000 ) ) ;
#8603 = ORIENTED_EDGE ( 'NONE', *, *, #4432, .T. ) ;
#8604 = CARTESIAN_POINT ( 'NONE',  ( -20.05000000000000071, 43.00000000000000000, 2.000000000000000000 ) ) ;
#8605 = ORIENTED_EDGE ( 'NONE', *, *, #9908, .T. ) ;
#8606 = VERTEX_POINT ( 'NONE', #9239 ) ;
#8607 = FACE_BOUND ( 'NONE', #200, .T. ) ;
#8608 = LINE ( 'NONE', #9418, #6883 ) ;
#8609 = CIRCLE ( 'NONE', #924, 1.549999999999995826 ) ;
#8610 = EDGE_LOOP ( 'NONE', ( #5329, #3181, #11, #7999 ) ) ;
#8611 = DIRECTION ( 'NONE',  ( 1.000000000000000000, 0.000000000000000000, 0.000000000000000000 ) ) ;
#8612 = AXIS2_PLACEMENT_3D ( 'NONE', #3352, #5642, #7087 ) ;
#8613 = VERTEX_POINT ( 'NONE', #3336 ) ;
#8614 = DIRECTION ( 'NONE',  ( -1.000000000000000000, 0.000000000000000000, 0.000000000000000000 ) ) ;
#8615 = CARTESIAN_POINT ( 'NONE',  ( 56.00000000000004263, -54.00000000000003553, 0.000000000000000000 ) ) ;
#8616 = EDGE_LOOP ( 'NONE', ( #3263, #1584 ) ) ;
#8617 = DIRECTION ( 'NONE',  ( 1.000000000000000000, 0.000000000000000000, 0.000000000000000000 ) ) ;
#8618 = DIRECTION ( 'NONE',  ( 0.000000000000000000, 0.000000000000000000, 1.000000000000000000 ) ) ;
#8619 = ORIENTED_EDGE ( 'NONE', *, *, #7986, .F. ) ;
#8620 = CARTESIAN_POINT ( 'NONE',  ( 40.45000000000003837, -70.00000000000002842, 0.000000000000000000 ) ) ;
#8621 = ORIENTED_EDGE ( 'NONE', *, *, #1669, .F. ) ;
#8622 = CARTESIAN_POINT ( 'NONE',  ( 46.00000000000004263, 92.55000000000001137, 2.000000000000000000 ) ) ;
#8623 = EDGE_CURVE ( 'NONE', #9731, #3211, #9337, .T. ) ;
#8624 = FACE_BOUND ( 'NONE', #7480, .T. ) ;
#8625 = LINE ( 'NONE', #1822, #4462 ) ;
#8626 = ORIENTED_EDGE ( 'NONE', *, *, #445, .T. ) ;
#8627 = DIRECTION ( 'NONE',  ( 1.525031627232357891E-16, -1.000000000000000000, 0.000000000000000000 ) ) ;
#8628 = VERTEX_POINT ( 'NONE', #4730 ) ;
#8629 = DIRECTION ( 'NONE',  ( 1.000000000000000000, 0.000000000000000000, 0.000000000000000000 ) ) ;
#8630 = ORIENTED_EDGE ( 'NONE', *, *, #9706, .T. ) ;
#8631 = DIRECTION ( 'NONE',  ( 0.000000000000000000, 0.000000000000000000, 1.000000000000000000 ) ) ;
#8632 = ORIENTED_EDGE ( 'NONE', *, *, #5101, .F. ) ;
#8633 = VECTOR ( 'NONE', #875, 1000.000000000000000 ) ;
#8634 = DIRECTION ( 'NONE',  ( 1.000000000000000000, 0.000000000000000000, 0.000000000000000000 ) ) ;
#8635 = CIRCLE ( 'NONE', #4340, 1.550000000000002709 ) ;
#8636 = DIRECTION ( 'NONE',  ( 1.000000000000000000, 0.000000000000000000, 0.000000000000000000 ) ) ;
#8637 = ORIENTED_EDGE ( 'NONE', *, *, #1516, .F. ) ;
#8638 = DIRECTION ( 'NONE',  ( -0.000000000000000000, -0.000000000000000000, -1.000000000000000000 ) ) ;
#8639 = ORIENTED_EDGE ( 'NONE', *, *, #9400, .F. ) ;
#8640 = CYLINDRICAL_SURFACE ( 'NONE', #9130, 1.550000000000009592 ) ;
#8641 = EDGE_CURVE ( 'NONE', #4484, #7898, #6301, .T. ) ;
#8642 = VECTOR ( 'NONE', #9060, 1000.000000000000000 ) ;
#8643 = CARTESIAN_POINT ( 'NONE',  ( -5.000000000000000000, 6.123233995736766282E-16, 2.000000000000000000 ) ) ;
#8644 = DIRECTION ( 'NONE',  ( 1.000000000000000000, 0.000000000000000000, 0.000000000000000000 ) ) ;
#8645 = EDGE_CURVE ( 'NONE', #1336, #3759, #368, .T. ) ;
#8646 = CIRCLE ( 'NONE', #4346, 1.550000000000002709 ) ;
#8647 = LINE ( 'NONE', #1795, #5719 ) ;
#8648 = DIRECTION ( 'NONE',  ( -0.000000000000000000, -0.000000000000000000, 1.000000000000000000 ) ) ;
#8649 = ORIENTED_EDGE ( 'NONE', *, *, #4284, .F. ) ;
#8650 = CARTESIAN_POINT ( 'NONE',  ( -7.499999999999996447, -27.49999999999998934, 0.000000000000000000 ) ) ;
#8651 = VERTEX_POINT ( 'NONE', #7076 ) ;
#8652 = ORIENTED_EDGE ( 'NONE', *, *, #6394, .T. ) ;
#8653 = FACE_BOUND ( 'NONE', #6170, .T. ) ;
#8654 = ORIENTED_EDGE ( 'NONE', *, *, #7321, .F. ) ;
#8655 = CARTESIAN_POINT ( 'NONE',  ( -19.90398448916086949, -22.09601551083912696, 2.000000000000000000 ) ) ;
#8656 = EDGE_LOOP ( 'NONE', ( #9442, #9603, #5534, #9787 ) ) ;
#8657 = DIRECTION ( 'NONE',  ( -0.000000000000000000, -0.000000000000000000, -1.000000000000000000 ) ) ;
#8658 = EDGE_LOOP ( 'NONE', ( #3864, #6975 ) ) ;
#8659 = EDGE_CURVE ( 'NONE', #9581, #3180, #1977, .T. ) ;
#8660 = EDGE_CURVE ( 'NONE', #3710, #2712, #4532, .T. ) ;
#8661 = EDGE_CURVE ( 'NONE', #4961, #5254, #7718, .T. ) ;
#8662 = EDGE_CURVE ( 'NONE', #1508, #6481, #3238, .T. ) ;
#8663 = DIRECTION ( 'NONE',  ( 0.000000000000000000, 0.000000000000000000, 1.000000000000000000 ) ) ;
#8664 = CARTESIAN_POINT ( 'NONE',  ( -56.00000000000002842, 70.00000000000000000, 2.000000000000000000 ) ) ;
#8665 = EDGE_LOOP ( 'NONE', ( #1854, #8386, #687, #4679 ) ) ;
#8666 = DIRECTION ( 'NONE',  ( 1.000000000000000000, 0.000000000000000000, 0.000000000000000000 ) ) ;
#8667 = CARTESIAN_POINT ( 'NONE',  ( -44.00000000000000711, 7.499999999999999112, 0.000000000000000000 ) ) ;
#8668 = DIRECTION ( 'NONE',  ( -0.000000000000000000, -0.000000000000000000, -1.000000000000000000 ) ) ;
#8669 = ORIENTED_EDGE ( 'NONE', *, *, #4372, .F. ) ;
#8670 = CARTESIAN_POINT ( 'NONE',  ( 52.00000000000004263, -77.00000000000002842, 2.000000000000000000 ) ) ;
#8671 = EDGE_CURVE ( 'NONE', #6356, #5433, #858, .T. ) ;
#8672 = FACE_BOUND ( 'NONE', #6070, .T. ) ;
#8673 = FACE_OUTER_BOUND ( 'NONE', #2282, .T. ) ;
#8674 = ORIENTED_EDGE ( 'NONE', *, *, #9211, .F. ) ;
#8675 = CARTESIAN_POINT ( 'NONE',  ( 19.90398448916085528, -22.09601551083915183, 0.000000000000000000 ) ) ;
#8676 = VERTEX_POINT ( 'NONE', #3925 ) ;
#8677 = CARTESIAN_POINT ( 'NONE',  ( -18.50000000000003553, -46.00000000000000711, 0.000000000000000000 ) ) ;
#8678 = EDGE_LOOP ( 'NONE', ( #8141, #3670 ) ) ;
#8679 = CARTESIAN_POINT ( 'NONE',  ( 54.45000000000005258, 70.00000000000000000, 0.000000000000000000 ) ) ;
#8680 = VECTOR ( 'NONE', #7338, 1000.000000000000000 ) ;
#8681 = ORIENTED_EDGE ( 'NONE', *, *, #8343, .T. ) ;
#8682 = DIRECTION ( 'NONE',  ( -1.000000000000000000, 0.000000000000000000, 0.000000000000000000 ) ) ;
#8683 = CARTESIAN_POINT ( 'NONE',  ( 48.99999999999998579, 7.500000000000000888, 0.000000000000000000 ) ) ;
#8684 = ORIENTED_EDGE ( 'NONE', *, *, #4561, .F. ) ;
#8685 = CYLINDRICAL_SURFACE ( 'NONE', #2543, 3.125000000000001776 ) ;
#8686 = ORIENTED_EDGE ( 'NONE', *, *, #5009, .F. ) ;
#8687 = CARTESIAN_POINT ( 'NONE',  ( 6.000000000000060396, -89.45000000000000284, 2.000000000000000000 ) ) ;
#8688 = ADVANCED_FACE ( 'NONE', ( #9438 ), #2528, .T. ) ;
#8689 = DIRECTION ( 'NONE',  ( 0.000000000000000000, 0.000000000000000000, 1.000000000000000000 ) ) ;
#8690 = LINE ( 'NONE', #4700, #3440 ) ;
#8691 = CARTESIAN_POINT ( 'NONE',  ( -57.55000000000001847, -91.00000000000000000, 2.000000000000000000 ) ) ;
#8692 = AXIS2_PLACEMENT_3D ( 'NONE', #4317, #5154, #7353 ) ;
#8693 = DIRECTION ( 'NONE',  ( -0.000000000000000000, -0.000000000000000000, -1.000000000000000000 ) ) ;
#8694 = DIRECTION ( 'NONE',  ( 1.000000000000000000, 0.000000000000000000, 0.000000000000000000 ) ) ;
#8695 = CIRCLE ( 'NONE', #6140, 1.549999999999999378 ) ;
#8696 = VERTEX_POINT ( 'NONE', #5531 ) ;
#8697 = DIRECTION ( 'NONE',  ( -0.000000000000000000, -0.000000000000000000, 1.000000000000000000 ) ) ;
#8698 = EDGE_LOOP ( 'NONE', ( #4867, #8020, #8130, #1929 ) ) ;
#8699 = VECTOR ( 'NONE', #9659, 1000.000000000000000 ) ;
#8700 = ORIENTED_EDGE ( 'NONE', *, *, #811, .F. ) ;
#8701 = FACE_BOUND ( 'NONE', #2586, .T. ) ;
#8702 = EDGE_LOOP ( 'NONE', ( #7824, #2393 ) ) ;
#8703 = CARTESIAN_POINT ( 'NONE',  ( 1.387778780781445676E-14, -91.00000000000000000, 2.000000000000000000 ) ) ;
#8704 = VERTEX_POINT ( 'NONE', #5484 ) ;
#8705 = DIRECTION ( 'NONE',  ( -0.000000000000000000, -0.000000000000000000, -1.000000000000000000 ) ) ;
#8706 = VERTEX_POINT ( 'NONE', #8575 ) ;
#8707 = EDGE_CURVE ( 'NONE', #675, #3550, #914, .T. ) ;
#8708 = EDGE_CURVE ( 'NONE', #1717, #3033, #4786, .T. ) ;
#8709 = AXIS2_PLACEMENT_3D ( 'NONE', #1580, #3643, #2989 ) ;
#8710 = DIRECTION ( 'NONE',  ( 0.000000000000000000, 0.000000000000000000, 1.000000000000000000 ) ) ;
#8711 = EDGE_CURVE ( 'NONE', #9569, #732, #4832, .T. ) ;
#8712 = CARTESIAN_POINT ( 'NONE',  ( 56.00000000000005684, 54.00000000000000711, 2.000000000000000000 ) ) ;
#8713 = ORIENTED_EDGE ( 'NONE', *, *, #3820, .T. ) ;
#8714 = DIRECTION ( 'NONE',  ( -1.000000000000000000, 0.000000000000000000, 0.000000000000000000 ) ) ;
#8715 = DIRECTION ( 'NONE',  ( -0.7682212795973755171, 0.6401843996644801527, -0.000000000000000000 ) ) ;
#8716 = EDGE_CURVE ( 'NONE', #2096, #6023, #3879, .T. ) ;
#8717 = CYLINDRICAL_SURFACE ( 'NONE', #8070, 1.550000000000002709 ) ;
#8718 = VERTEX_POINT ( 'NONE', #4337 ) ;
#8719 = DIRECTION ( 'NONE',  ( 0.7071067811865482389, 0.7071067811865469066, -0.000000000000000000 ) ) ;
#8720 = FACE_BOUND ( 'NONE', #1382, .T. ) ;
#8721 = DIRECTION ( 'NONE',  ( 1.000000000000000000, 0.000000000000000000, 0.000000000000000000 ) ) ;
#8722 = AXIS2_PLACEMENT_3D ( 'NONE', #1949, #8746, #4308 ) ;
#8723 = ORIENTED_EDGE ( 'NONE', *, *, #9496, .T. ) ;
#8724 = CARTESIAN_POINT ( 'NONE',  ( 29.00000000000004619, 36.50000000000000000, 2.000000000000000000 ) ) ;
#8725 = ORIENTED_EDGE ( 'NONE', *, *, #9883, .F. ) ;
#8726 = CARTESIAN_POINT ( 'NONE',  ( 42.00000000000004263, -70.00000000000002842, 2.000000000000000000 ) ) ;
#8727 = CIRCLE ( 'NONE', #4583, 3.125000000000001776 ) ;
#8728 = DIRECTION ( 'NONE',  ( 0.000000000000000000, 0.000000000000000000, 1.000000000000000000 ) ) ;
#8729 = CIRCLE ( 'NONE', #8570, 1.549999999999995826 ) ;
#8730 = ORIENTED_EDGE ( 'NONE', *, *, #5363, .T. ) ;
#8731 = CARTESIAN_POINT ( 'NONE',  ( 29.55000000000005045, -77.00000000000002842, 2.000000000000000000 ) ) ;
#8732 = ADVANCED_FACE ( 'NONE', ( #9543 ), #5738, .F. ) ;
#8733 = DIRECTION ( 'NONE',  ( -0.000000000000000000, -0.000000000000000000, 1.000000000000000000 ) ) ;
#8734 = ORIENTED_EDGE ( 'NONE', *, *, #9436, .T. ) ;
#8735 = AXIS2_PLACEMENT_3D ( 'NONE', #4726, #2426, #3277 ) ;
#8736 = CARTESIAN_POINT ( 'NONE',  ( -9.000000000000005329, 32.50000000000001421, 0.000000000000000000 ) ) ;
#8737 = ORIENTED_EDGE ( 'NONE', *, *, #5161, .T. ) ;
#8738 = DIRECTION ( 'NONE',  ( 1.000000000000000000, 0.000000000000000000, 0.000000000000000000 ) ) ;
#8739 = CARTESIAN_POINT ( 'NONE',  ( 43.55000000000006111, 70.00000000000000000, 2.000000000000000000 ) ) ;
#8740 = DIRECTION ( 'NONE',  ( -0.000000000000000000, -0.000000000000000000, 1.000000000000000000 ) ) ;
#8741 = DIRECTION ( 'NONE',  ( -1.000000000000000000, 0.000000000000000000, 0.000000000000000000 ) ) ;
#8742 = EDGE_CURVE ( 'NONE', #1595, #4785, #3896, .T. ) ;
#8743 = VECTOR ( 'NONE', #7200, 1000.000000000000000 ) ;
#8744 = VECTOR ( 'NONE', #9393, 1000.000000000000000 ) ;
#8745 = CIRCLE ( 'NONE', #1856, 1.550000000000002709 ) ;
#8746 = DIRECTION ( 'NONE',  ( 0.000000000000000000, 0.000000000000000000, 1.000000000000000000 ) ) ;
#8747 = VECTOR ( 'NONE', #5390, 1000.000000000000000 ) ;
#8748 =( NAMED_UNIT ( * ) PLANE_ANGLE_UNIT ( ) SI_UNIT ( $, .RADIAN. ) );
#8749 = ORIENTED_EDGE ( 'NONE', *, *, #5779, .T. ) ;
#8750 = CIRCLE ( 'NONE', #6041, 1.550000000000002709 ) ;
#8751 = VECTOR ( 'NONE', #9474, 1000.000000000000000 ) ;
#8752 = LINE ( 'NONE', #343, #1100 ) ;
#8753 = ORIENTED_EDGE ( 'NONE', *, *, #9639, .F. ) ;
#8754 = CIRCLE ( 'NONE', #9503, 1.550000000000002709 ) ;
#8755 = ORIENTED_EDGE ( 'NONE', *, *, #2659, .F. ) ;
#8756 = FACE_OUTER_BOUND ( 'NONE', #440, .T. ) ;
#8757 = ORIENTED_EDGE ( 'NONE', *, *, #2843, .T. ) ;
#8758 = DIRECTION ( 'NONE',  ( -0.7071067811865479058, 0.7071067811865471286, 0.000000000000000000 ) ) ;
#8759 = ADVANCED_FACE ( 'NONE', ( #2730 ), #6482, .F. ) ;
#8760 = EDGE_LOOP ( 'NONE', ( #2902, #5359, #5771, #3813 ) ) ;
#8761 = CARTESIAN_POINT ( 'NONE',  ( 43.55000000000008242, -38.20000000000000284, 0.000000000000000000 ) ) ;
#8762 = AXIS2_PLACEMENT_3D ( 'NONE', #609, #553, #1265 ) ;
#8763 = VERTEX_POINT ( 'NONE', #8786 ) ;
#8764 = VECTOR ( 'NONE', #2009, 1000.000000000000000 ) ;
#8765 = CIRCLE ( 'NONE', #7632, 1.550000000000002709 ) ;
#8766 = DIRECTION ( 'NONE',  ( -0.000000000000000000, -0.000000000000000000, -1.000000000000000000 ) ) ;
#8767 = ORIENTED_EDGE ( 'NONE', *, *, #4554, .F. ) ;
#8768 = DIRECTION ( 'NONE',  ( 0.000000000000000000, 0.000000000000000000, 1.000000000000000000 ) ) ;
#8769 = AXIS2_PLACEMENT_3D ( 'NONE', #3851, #1491, #5262 ) ;
#8770 = CARTESIAN_POINT ( 'NONE',  ( -14.99999999999999645, 52.99999999999999289, 0.000000000000000000 ) ) ;
#8771 = AXIS2_PLACEMENT_3D ( 'NONE', #9859, #9914, #2948 ) ;
#8772 = VERTEX_POINT ( 'NONE', #8129 ) ;
#8773 = CARTESIAN_POINT ( 'NONE',  ( -29.64999999999999858, 69.00000000000000000, 0.000000000000000000 ) ) ;
#8774 = DIRECTION ( 'NONE',  ( -1.000000000000000000, 0.000000000000000000, 0.000000000000000000 ) ) ;
#8775 = DIRECTION ( 'NONE',  ( -1.000000000000000000, -3.854941057726238097E-16, -0.000000000000000000 ) ) ;
#8776 = EDGE_LOOP ( 'NONE', ( #6485, #4853 ) ) ;
#8777 = EDGE_CURVE ( 'NONE', #3701, #7515, #3272, .T. ) ;
#8778 = CYLINDRICAL_SURFACE ( 'NONE', #9720, 1.550000000000002709 ) ;
#8779 = EDGE_CURVE ( 'NONE', #7898, #4484, #7727, .T. ) ;
#8780 = EDGE_CURVE ( 'NONE', #1648, #4842, #7375, .T. ) ;
#8781 = DIRECTION ( 'NONE',  ( -1.000000000000000000, 0.000000000000000000, 0.000000000000000000 ) ) ;
#8782 = CARTESIAN_POINT ( 'NONE',  ( -11.00000000000000000, -77.54999999999999716, 0.000000000000000000 ) ) ;
#8783 = CYLINDRICAL_SURFACE ( 'NONE', #1605, 1.550000000000000933 ) ;
#8784 = ORIENTED_EDGE ( 'NONE', *, *, #6531, .F. ) ;
#8785 = AXIS2_PLACEMENT_3D ( 'NONE', #7269, #9733, #496 ) ;
#8786 = CARTESIAN_POINT ( 'NONE',  ( 22.09601551083917670, 19.90398448916085883, 2.000000000000000000 ) ) ;
#8787 = ORIENTED_EDGE ( 'NONE', *, *, #5118, .F. ) ;
#8788 = DIRECTION ( 'NONE',  ( 1.000000000000000000, 0.000000000000000000, 0.000000000000000000 ) ) ;
#8789 = EDGE_CURVE ( 'NONE', #9359, #7020, #376, .T. ) ;
#8790 = ADVANCED_FACE ( 'NONE', ( #1213 ), #4881, .F. ) ;
#8791 = ORIENTED_EDGE ( 'NONE', *, *, #3094, .T. ) ;
#8792 = LINE ( 'NONE', #2587, #8259 ) ;
#8793 = DIRECTION ( 'NONE',  ( -0.000000000000000000, -0.000000000000000000, -1.000000000000000000 ) ) ;
#8794 = VERTEX_POINT ( 'NONE', #7981 ) ;
#8795 = DIRECTION ( 'NONE',  ( 1.000000000000000000, 0.000000000000000000, 0.000000000000000000 ) ) ;
#8796 = EDGE_LOOP ( 'NONE', ( #2839, #3414 ) ) ;
#8797 = CARTESIAN_POINT ( 'NONE',  ( 11.00000000000000000, -77.54999999999999716, 0.000000000000000000 ) ) ;
#8798 = DIRECTION ( 'NONE',  ( -0.000000000000000000, -0.000000000000000000, 1.000000000000000000 ) ) ;
#8799 = DIRECTION ( 'NONE',  ( -1.000000000000000000, 0.000000000000000000, 0.000000000000000000 ) ) ;
#8800 = CARTESIAN_POINT ( 'NONE',  ( 42.00000000000007816, -46.00000000000000711, 2.000000000000000000 ) ) ;
#8801 = CIRCLE ( 'NONE', #2246, 1.549999999999988942 ) ;
#8802 = VECTOR ( 'NONE', #5782, 1000.000000000000000 ) ;
#8803 = ADVANCED_FACE ( 'NONE', ( #4936 ), #4188, .F. ) ;
#8804 = LINE ( 'NONE', #5050, #3165 ) ;
#8805 = CARTESIAN_POINT ( 'NONE',  ( 0.000000000000000000, 0.000000000000000000, 0.000000000000000000 ) ) ;
#8806 = CARTESIAN_POINT ( 'NONE',  ( -46.00000000000001421, -89.45000000000003126, 2.000000000000000000 ) ) ;
#8807 = EDGE_LOOP ( 'NONE', ( #7077, #8352, #3610, #175 ) ) ;
#8808 = CIRCLE ( 'NONE', #645, 1.549999999999995826 ) ;
#8809 = ORIENTED_EDGE ( 'NONE', *, *, #6027, .F. ) ;
#8810 = CARTESIAN_POINT ( 'NONE',  ( 42.00000000000007816, -38.20000000000000284, 2.000000000000000000 ) ) ;
#8811 = VECTOR ( 'NONE', #6749, 1000.000000000000000 ) ;
#8812 = ORIENTED_EDGE ( 'NONE', *, *, #4475, .T. ) ;
#8813 = DIRECTION ( 'NONE',  ( 0.000000000000000000, -0.000000000000000000, -1.000000000000000000 ) ) ;
#8814 = ORIENTED_EDGE ( 'NONE', *, *, #9799, .T. ) ;
#8815 = DIRECTION ( 'NONE',  ( 1.000000000000000000, 0.000000000000000000, 0.000000000000000000 ) ) ;
#8816 = VECTOR ( 'NONE', #7288, 1000.000000000000000 ) ;
#8817 = CARTESIAN_POINT ( 'NONE',  ( 7.500000000000002665, -33.50000000000000000, 0.000000000000000000 ) ) ;
#8818 = EDGE_LOOP ( 'NONE', ( #5556, #7240 ) ) ;
#8819 = CARTESIAN_POINT ( 'NONE',  ( -50.45000000000000995, 47.00000000000000000, 0.000000000000000000 ) ) ;
#8820 = CARTESIAN_POINT ( 'NONE',  ( 29.00000000000000000, -24.50000000000000000, 0.000000000000000000 ) ) ;
#8821 = VERTEX_POINT ( 'NONE', #8878 ) ;
#8822 = DIRECTION ( 'NONE',  ( -0.000000000000000000, -0.000000000000000000, 1.000000000000000000 ) ) ;
#8823 = LINE ( 'NONE', #6568, #5028 ) ;
#8824 = CARTESIAN_POINT ( 'NONE',  ( 15.00000000000000355, 77.00000000000000000, 2.000000000000000000 ) ) ;
#8825 = ORIENTED_EDGE ( 'NONE', *, *, #4753, .T. ) ;
#8826 = CARTESIAN_POINT ( 'NONE',  ( 8.000000000000000000, 43.00000000000000000, 0.000000000000000000 ) ) ;
#8827 = FACE_BOUND ( 'NONE', #8882, .T. ) ;
#8828 = CARTESIAN_POINT ( 'NONE',  ( -26.45000000000001350, -46.99999999999998579, 2.000000000000000000 ) ) ;
#8829 = DIRECTION ( 'NONE',  ( -0.000000000000000000, 1.000000000000000000, 0.000000000000000000 ) ) ;
#8830 = DIRECTION ( 'NONE',  ( -0.000000000000000000, -0.000000000000000000, -1.000000000000000000 ) ) ;
#8831 = ORIENTED_EDGE ( 'NONE', *, *, #4041, .T. ) ;
#8832 = DIRECTION ( 'NONE',  ( 0.000000000000000000, 0.000000000000000000, 1.000000000000000000 ) ) ;
#8833 = EDGE_CURVE ( 'NONE', #5487, #2673, #9502, .T. ) ;
#8834 = ORIENTED_EDGE ( 'NONE', *, *, #2622, .F. ) ;
#8835 = CYLINDRICAL_SURFACE ( 'NONE', #2836, 1.549999999999995826 ) ;
#8836 = EDGE_CURVE ( 'NONE', #2673, #4364, #5077, .T. ) ;
#8837 = EDGE_CURVE ( 'NONE', #6481, #8957, #1660, .T. ) ;
#8838 = DIRECTION ( 'NONE',  ( 0.000000000000000000, 0.000000000000000000, 1.000000000000000000 ) ) ;
#8839 = EDGE_LOOP ( 'NONE', ( #3146, #9226 ) ) ;
#8840 = DIRECTION ( 'NONE',  ( 1.000000000000000000, 0.000000000000000000, 0.000000000000000000 ) ) ;
#8841 = VERTEX_POINT ( 'NONE', #7278 ) ;
#8842 = LINE ( 'NONE', #8687, #2742 ) ;
#8843 = DIRECTION ( 'NONE',  ( 0.000000000000000000, 0.000000000000000000, 1.000000000000000000 ) ) ;
#8844 = DIRECTION ( 'NONE',  ( -0.000000000000000000, -0.000000000000000000, 1.000000000000000000 ) ) ;
#8845 = EDGE_CURVE ( 'NONE', #7970, #5439, #414, .T. ) ;
#8846 = CIRCLE ( 'NONE', #2459, 1.550000000000002709 ) ;
#8847 = FACE_OUTER_BOUND ( 'NONE', #6004, .T. ) ;
#8848 = CARTESIAN_POINT ( 'NONE',  ( 30.55000000000007887, 85.49999999999998579, 0.000000000000000000 ) ) ;
#8849 = PRODUCT_CONTEXT ( 'NONE', #7560, 'mechanical' ) ;
#8850 = AXIS2_PLACEMENT_3D ( 'NONE', #3638, #9758, #3988 ) ;
#8851 = CYLINDRICAL_SURFACE ( 'NONE', #4939, 1.550000000000002709 ) ;
#8852 = ORIENTED_EDGE ( 'NONE', *, *, #261, .F. ) ;
#8853 = VECTOR ( 'NONE', #2206, 1000.000000000000000 ) ;
#8854 = ORIENTED_EDGE ( 'NONE', *, *, #4931, .T. ) ;
#8855 = DIRECTION ( 'NONE',  ( -1.000000000000000000, 0.000000000000000000, 0.000000000000000000 ) ) ;
#8856 = VERTEX_POINT ( 'NONE', #7183 ) ;
#8857 = DIRECTION ( 'NONE',  ( 0.000000000000000000, -1.000000000000000000, 0.000000000000000000 ) ) ;
#8858 = ADVANCED_FACE ( 'NONE', ( #9486 ), #5682, .F. ) ;
#8859 = EDGE_LOOP ( 'NONE', ( #9439, #331, #150, #7192 ) ) ;
#8860 = CIRCLE ( 'NONE', #212, 1.549999999999995826 ) ;
#8861 = CARTESIAN_POINT ( 'NONE',  ( 59.54999999999999716, 36.99999999999999289, 0.000000000000000000 ) ) ;
#8862 = VECTOR ( 'NONE', #6963, 1000.000000000000000 ) ;
#8863 = CARTESIAN_POINT ( 'NONE',  ( 40.45000000000003837, -54.00000000000003553, 2.000000000000000000 ) ) ;
#8864 = ORIENTED_EDGE ( 'NONE', *, *, #4335, .F. ) ;
#8865 = EDGE_CURVE ( 'NONE', #4918, #544, #6462, .T. ) ;
#8866 = DIRECTION ( 'NONE',  ( 1.000000000000000000, 0.000000000000000000, 0.000000000000000000 ) ) ;
#8867 = ORIENTED_EDGE ( 'NONE', *, *, #5536, .T. ) ;
#8868 = CARTESIAN_POINT ( 'NONE',  ( 29.00000000000008527, 85.49999999999998579, 0.000000000000000000 ) ) ;
#8869 = DIRECTION ( 'NONE',  ( 0.000000000000000000, 0.000000000000000000, 1.000000000000000000 ) ) ;
#8870 = VECTOR ( 'NONE', #6795, 1000.000000000000000 ) ;
#8871 = DIRECTION ( 'NONE',  ( -0.000000000000000000, -0.000000000000000000, 1.000000000000000000 ) ) ;
#8872 = ORIENTED_EDGE ( 'NONE', *, *, #933, .T. ) ;
#8873 = CARTESIAN_POINT ( 'NONE',  ( 11.09601551083916249, -8.903984489160855276, 0.000000000000000000 ) ) ;
#8874 = AXIS2_PLACEMENT_3D ( 'NONE', #7129, #265, #3341 ) ;
#8875 = FACE_BOUND ( 'NONE', #7439, .T. ) ;
#8876 = CYLINDRICAL_SURFACE ( 'NONE', #1054, 1.550000000000002709 ) ;
#8877 = DIRECTION ( 'NONE',  ( -1.000000000000000000, 0.000000000000000000, 0.000000000000000000 ) ) ;
#8878 = CARTESIAN_POINT ( 'NONE',  ( 50.45000000000005258, 77.00000000000002842, 0.000000000000000000 ) ) ;
#8879 = ORIENTED_EDGE ( 'NONE', *, *, #6459, .F. ) ;
#8880 = ADVANCED_FACE ( 'NONE', ( #1875 ), #3824, .F. ) ;
#8881 = CARTESIAN_POINT ( 'NONE',  ( 35.32000000000000028, 20.36000000000000298, 0.000000000000000000 ) ) ;
#8882 = EDGE_LOOP ( 'NONE', ( #3157, #5819 ) ) ;
#8883 = DIRECTION ( 'NONE',  ( 1.000000000000000000, 0.000000000000000000, 0.000000000000000000 ) ) ;
#8884 = DIRECTION ( 'NONE',  ( -0.000000000000000000, -0.000000000000000000, -1.000000000000000000 ) ) ;
#8885 = ORIENTED_EDGE ( 'NONE', *, *, #203, .T. ) ;
#8886 = EDGE_CURVE ( 'NONE', #4791, #2709, #9841, .T. ) ;
#8887 = CARTESIAN_POINT ( 'NONE',  ( -56.00000000000001421, -54.00000000000003553, 2.000000000000000000 ) ) ;
#8888 = EDGE_LOOP ( 'NONE', ( #2581, #7924 ) ) ;
#8889 = DIRECTION ( 'NONE',  ( 0.000000000000000000, 0.000000000000000000, 1.000000000000000000 ) ) ;
#8890 = LINE ( 'NONE', #5752, #6223 ) ;
#8891 = AXIS2_PLACEMENT_3D ( 'NONE', #2262, #6074, #6957 ) ;
#8892 = DIRECTION ( 'NONE',  ( 1.000000000000000000, 0.000000000000000000, 0.000000000000000000 ) ) ;
#8893 = AXIS2_PLACEMENT_3D ( 'NONE', #8380, #1521, #3090 ) ;
#8894 = EDGE_CURVE ( 'NONE', #7550, #8374, #9127, .T. ) ;
#8895 = FACE_OUTER_BOUND ( 'NONE', #2124, .T. ) ;
#8896 = ADVANCED_FACE ( 'NONE', ( #3724 ), #3771, .F. ) ;
#8897 = AXIS2_PLACEMENT_3D ( 'NONE', #7528, #4350, #4440 ) ;
#8898 = CARTESIAN_POINT ( 'NONE',  ( 52.00000000000005684, 47.00000000000001421, 2.000000000000000000 ) ) ;
#8899 = CIRCLE ( 'NONE', #6821, 4.999999999999984013 ) ;
#8900 = ADVANCED_FACE ( 'NONE', ( #2265 ), #8316, .F. ) ;
#8901 = FACE_OUTER_BOUND ( 'NONE', #4635, .T. ) ;
#8902 = ORIENTED_EDGE ( 'NONE', *, *, #1216, .F. ) ;
#8903 = ORIENTED_EDGE ( 'NONE', *, *, #8446, .F. ) ;
#8904 = CARTESIAN_POINT ( 'NONE',  ( 13.00000000000000000, 62.00000000000000000, 0.000000000000000000 ) ) ;
#8905 = ORIENTED_EDGE ( 'NONE', *, *, #2116, .F. ) ;
#8906 = CARTESIAN_POINT ( 'NONE',  ( -18.50000000000000000, 43.00000000000000000, 0.000000000000000000 ) ) ;
#8907 = ORIENTED_EDGE ( 'NONE', *, *, #7491, .F. ) ;
#8908 = DIRECTION ( 'NONE',  ( -0.000000000000000000, -0.000000000000000000, 1.000000000000000000 ) ) ;
#8909 = CIRCLE ( 'NONE', #3956, 1.550000000000002709 ) ;
#8910 = EDGE_CURVE ( 'NONE', #5480, #356, #4061, .T. ) ;
#8911 = CIRCLE ( 'NONE', #267, 1.549999999999995826 ) ;
#8912 = EDGE_CURVE ( 'NONE', #8345, #5662, #9747, .T. ) ;
#8913 = AXIS2_PLACEMENT_3D ( 'NONE', #55, #9477, #6129 ) ;
#8914 = CARTESIAN_POINT ( 'NONE',  ( 57.55000000000008953, -90.99999999999998579, 2.000000000000000000 ) ) ;
#8915 = EDGE_LOOP ( 'NONE', ( #7635, #1106, #7737, #8973 ) ) ;
#8916 = FACE_OUTER_BOUND ( 'NONE', #2157, .T. ) ;
#8917 = VECTOR ( 'NONE', #6861, 1000.000000000000000 ) ;
#8918 = CIRCLE ( 'NONE', #273, 1.549999999999999378 ) ;
#8919 = ORIENTED_EDGE ( 'NONE', *, *, #2481, .T. ) ;
#8920 = DIRECTION ( 'NONE',  ( -1.000000000000000000, 0.000000000000000000, 0.000000000000000000 ) ) ;
#8921 = CARTESIAN_POINT ( 'NONE',  ( -9.550000000000000711, 43.00000000000000000, 0.000000000000000000 ) ) ;
#8922 = VECTOR ( 'NONE', #4323, 1000.000000000000000 ) ;
#8923 = ORIENTED_EDGE ( 'NONE', *, *, #8226, .T. ) ;
#8924 = AXIS2_PLACEMENT_3D ( 'NONE', #9756, #6033, #5890 ) ;
#8925 = DIRECTION ( 'NONE',  ( -1.000000000000000000, 0.000000000000000000, 0.000000000000000000 ) ) ;
#8926 = CARTESIAN_POINT ( 'NONE',  ( -57.55000000000001847, 91.00000000000000000, 2.000000000000000000 ) ) ;
#8927 = AXIS2_PLACEMENT_3D ( 'NONE', #3221, #8463, #3116 ) ;
#8928 = EDGE_LOOP ( 'NONE', ( #5130, #9006 ) ) ;
#8929 = DIRECTION ( 'NONE',  ( 0.000000000000000000, 0.000000000000000000, 1.000000000000000000 ) ) ;
#8930 = AXIS2_PLACEMENT_3D ( 'NONE', #5055, #9769, #2857 ) ;
#8931 = DIRECTION ( 'NONE',  ( 0.000000000000000000, 0.000000000000000000, 1.000000000000000000 ) ) ;
#8932 = CYLINDRICAL_SURFACE ( 'NONE', #6337, 1.550000000000002709 ) ;
#8933 = CARTESIAN_POINT ( 'NONE',  ( -11.00000000000000000, -49.45000000000000284, 0.000000000000000000 ) ) ;
#8934 = DIRECTION ( 'NONE',  ( 0.000000000000000000, 0.000000000000000000, 1.000000000000000000 ) ) ;
#8935 = EDGE_LOOP ( 'NONE', ( #2368, #1109, #9767, #3917 ) ) ;
#8936 = CIRCLE ( 'NONE', #762, 1.550000000000002709 ) ;
#8937 = EDGE_CURVE ( 'NONE', #1937, #1807, #2927, .T. ) ;
#8938 = CIRCLE ( 'NONE', #9902, 1.549999999999995826 ) ;
#8939 = CARTESIAN_POINT ( 'NONE',  ( 31.19999999999999929, 69.00000000000000000, 2.000000000000000000 ) ) ;
#8940 = VECTOR ( 'NONE', #5140, 1000.000000000000000 ) ;
#8941 = EDGE_LOOP ( 'NONE', ( #3743, #9801, #4884, #4826 ) ) ;
#8942 = CARTESIAN_POINT ( 'NONE',  ( -43.54999999999999716, -46.00000000000003553, 2.000000000000000000 ) ) ;
#8943 =( GEOMETRIC_REPRESENTATION_CONTEXT ( 3 ) GLOBAL_UNCERTAINTY_ASSIGNED_CONTEXT ( ( #7650 ) ) GLOBAL_UNIT_ASSIGNED_CONTEXT ( ( #7745, #3948, #9309 ) ) REPRESENTATION_CONTEXT ( 'NONE', 'WORKASPACE' ) );
#8944 = DIRECTION ( 'NONE',  ( 0.000000000000000000, 0.000000000000000000, 1.000000000000000000 ) ) ;
#8945 = ORIENTED_EDGE ( 'NONE', *, *, #3126, .F. ) ;
#8946 = CARTESIAN_POINT ( 'NONE',  ( -1.549999999999995159, -11.99999999999999645, 2.000000000000000000 ) ) ;
#8947 = EDGE_LOOP ( 'NONE', ( #7609, #4873, #5975, #1876 ) ) ;
#8948 = CARTESIAN_POINT ( 'NONE',  ( -64.00000000000001421, 91.00000000000000000, 0.000000000000000000 ) ) ;
#8949 = CARTESIAN_POINT ( 'NONE',  ( -18.50000000000003908, -83.00000000000000000, 2.000000000000000000 ) ) ;
#8950 = DIRECTION ( 'NONE',  ( 1.000000000000000000, 0.000000000000000000, 0.000000000000000000 ) ) ;
#8951 = FACE_OUTER_BOUND ( 'NONE', #6488, .T. ) ;
#8952 = EDGE_CURVE ( 'NONE', #4775, #8209, #7261, .T. ) ;
#8953 = CARTESIAN_POINT ( 'NONE',  ( 6.000000000000060396, -92.54999999999999716, 0.000000000000000000 ) ) ;
#8954 = ORIENTED_EDGE ( 'NONE', *, *, #7067, .T. ) ;
#8955 = ORIENTED_EDGE ( 'NONE', *, *, #8660, .F. ) ;
#8956 = CARTESIAN_POINT ( 'NONE',  ( 44.00000000000000711, -7.500000000000000888, 0.000000000000000000 ) ) ;
#8957 = VERTEX_POINT ( 'NONE', #2164 ) ;
#8958 = LINE ( 'NONE', #9813, #639 ) ;
#8959 = ORIENTED_EDGE ( 'NONE', *, *, #9292, .T. ) ;
#8960 = LINE ( 'NONE', #8103, #4062 ) ;
#8961 = CIRCLE ( 'NONE', #1441, 1.550000000000002709 ) ;
#8962 = CYLINDRICAL_SURFACE ( 'NONE', #1730, 5.000000000000000000 ) ;
#8963 = ORIENTED_EDGE ( 'NONE', *, *, #5552, .F. ) ;
#8964 = VECTOR ( 'NONE', #6898, 1000.000000000000000 ) ;
#8965 = DIRECTION ( 'NONE',  ( 0.000000000000000000, 0.000000000000000000, 1.000000000000000000 ) ) ;
#8966 = EDGE_LOOP ( 'NONE', ( #3561, #8050, #118, #32 ) ) ;
#8967 = CARTESIAN_POINT ( 'NONE',  ( 40.45000000000007390, -46.00000000000000711, 0.000000000000000000 ) ) ;
#8968 = EDGE_CURVE ( 'NONE', #4904, #651, #8533, .T. ) ;
#8969 = DIRECTION ( 'NONE',  ( 0.000000000000000000, 0.000000000000000000, 1.000000000000000000 ) ) ;
#8970 = ORIENTED_EDGE ( 'NONE', *, *, #8645, .F. ) ;
#8971 = EDGE_CURVE ( 'NONE', #2732, #9128, #7611, .T. ) ;
#8972 = DIRECTION ( 'NONE',  ( 0.000000000000000000, 0.000000000000000000, 1.000000000000000000 ) ) ;
#8973 = ORIENTED_EDGE ( 'NONE', *, *, #1014, .F. ) ;
#8974 = LINE ( 'NONE', #7411, #429 ) ;
#8975 = ADVANCED_FACE ( 'NONE', ( #4527 ), #6024, .F. ) ;
#8976 = VECTOR ( 'NONE', #6991, 1000.000000000000000 ) ;
#8977 = CARTESIAN_POINT ( 'NONE',  ( 22.09601551083917670, -19.90398448916085883, 0.000000000000000000 ) ) ;
#8978 = CARTESIAN_POINT ( 'NONE',  ( 18.50000000000000000, 43.00000000000000000, 0.000000000000000000 ) ) ;
#8979 = CARTESIAN_POINT ( 'NONE',  ( 64.00000000000004263, 91.00000000000001421, 0.000000000000000000 ) ) ;
#8980 = CARTESIAN_POINT ( 'NONE',  ( 11.44999999999999751, 62.00000000000000000, 0.000000000000000000 ) ) ;
#8981 = EDGE_LOOP ( 'NONE', ( #3690, #1451 ) ) ;
#8982 = EDGE_CURVE ( 'NONE', #7392, #6030, #4232, .T. ) ;
#8983 = CARTESIAN_POINT ( 'NONE',  ( -4.574681805324714957E-15, 37.00000000000000000, 2.000000000000000000 ) ) ;
#8984 = EDGE_LOOP ( 'NONE', ( #4465, #5687, #2679, #2715 ) ) ;
#8985 = CYLINDRICAL_SURFACE ( 'NONE', #903, 1.550000000000002709 ) ;
#8986 = CIRCLE ( 'NONE', #1628, 1.550000000000002709 ) ;
#8987 = DIRECTION ( 'NONE',  ( 0.000000000000000000, 0.000000000000000000, 1.000000000000000000 ) ) ;
#8988 = ORIENTED_EDGE ( 'NONE', *, *, #9091, .T. ) ;
#8989 = DIRECTION ( 'NONE',  ( 0.000000000000000000, 0.000000000000000000, 1.000000000000000000 ) ) ;
#8990 = EDGE_LOOP ( 'NONE', ( #6912, #2491, #955, #7174 ) ) ;
#8991 = CYLINDRICAL_SURFACE ( 'NONE', #9865, 1.550000000000002709 ) ;
#8992 = FACE_OUTER_BOUND ( 'NONE', #4162, .T. ) ;
#8993 = DIRECTION ( 'NONE',  ( -0.000000000000000000, -0.000000000000000000, 1.000000000000000000 ) ) ;
#8994 = DIRECTION ( 'NONE',  ( 1.000000000000000000, 0.000000000000000000, 0.000000000000000000 ) ) ;
#8995 = DIRECTION ( 'NONE',  ( -1.000000000000000000, -0.000000000000000000, -0.000000000000000000 ) ) ;
#8996 = DIRECTION ( 'NONE',  ( 0.000000000000000000, 0.000000000000000000, 1.000000000000000000 ) ) ;
#8997 = ORIENTED_EDGE ( 'NONE', *, *, #9331, .T. ) ;
#8998 = ORIENTED_EDGE ( 'NONE', *, *, #1188, .T. ) ;
#8999 = DIRECTION ( 'NONE',  ( -0.7808688094430297211, 0.6246950475544250647, 0.000000000000000000 ) ) ;
#9000 = ORIENTED_EDGE ( 'NONE', *, *, #1669, .T. ) ;
#9001 = DIRECTION ( 'NONE',  ( -0.000000000000000000, -0.000000000000000000, -1.000000000000000000 ) ) ;
#9002 = EDGE_LOOP ( 'NONE', ( #2231, #4651, #3955, #2602 ) ) ;
#9003 = CARTESIAN_POINT ( 'NONE',  ( 16.54999999999999716, 77.00000000000000000, 0.000000000000000000 ) ) ;
#9004 = CARTESIAN_POINT ( 'NONE',  ( 56.00000000000003553, -70.00000000000002842, 0.000000000000000000 ) ) ;
#9005 = AXIS2_PLACEMENT_3D ( 'NONE', #5438, #6382, #9385 ) ;
#9006 = ORIENTED_EDGE ( 'NONE', *, *, #395, .T. ) ;
#9007 = LINE ( 'NONE', #5205, #4139 ) ;
#9008 = CIRCLE ( 'NONE', #1015, 1.550000000000016698 ) ;
#9009 = ORIENTED_EDGE ( 'NONE', *, *, #1138, .F. ) ;
#9010 = LINE ( 'NONE', #2153, #116 ) ;
#9011 = DIRECTION ( 'NONE',  ( 1.000000000000000000, 0.000000000000000000, 0.000000000000000000 ) ) ;
#9012 = EDGE_CURVE ( 'NONE', #4891, #6037, #5026, .T. ) ;
#9013 = ORIENTED_EDGE ( 'NONE', *, *, #3891, .F. ) ;
#9014 = LINE ( 'NONE', #5210, #6870 ) ;
#9015 = EDGE_CURVE ( 'NONE', #2527, #3756, #5274, .T. ) ;
#9016 = EDGE_LOOP ( 'NONE', ( #8542, #9134 ) ) ;
#9017 = CIRCLE ( 'NONE', #9829, 1.550000000000002709 ) ;
#9018 = VECTOR ( 'NONE', #4368, 1000.000000000000000 ) ;
#9019 = DIRECTION ( 'NONE',  ( 1.000000000000000000, 0.000000000000000000, 0.000000000000000000 ) ) ;
#9020 = AXIS2_PLACEMENT_3D ( 'NONE', #7691, #1439, #6896 ) ;
#9021 = EDGE_CURVE ( 'NONE', #9310, #215, #5931, .T. ) ;
#9022 = DIRECTION ( 'NONE',  ( -1.525031627232357891E-16, 1.000000000000000000, 0.000000000000000000 ) ) ;
#9023 = AXIS2_PLACEMENT_3D ( 'NONE', #679, #8443, #8170 ) ;
#9024 = CARTESIAN_POINT ( 'NONE',  ( 20.44999999999999574, 60.19999999999999574, 0.000000000000000000 ) ) ;
#9025 = EDGE_CURVE ( 'NONE', #1113, #7850, #9017, .T. ) ;
#9026 = CARTESIAN_POINT ( 'NONE',  ( 43.55000000000008242, 46.00000000000000711, 0.000000000000000000 ) ) ;
#9027 = EDGE_LOOP ( 'NONE', ( #8834, #3858, #1642, #5891 ) ) ;
#9028 = CIRCLE ( 'NONE', #6624, 1.549999999999995826 ) ;
#9029 = DIRECTION ( 'NONE',  ( 1.000000000000000000, 0.000000000000000000, 0.000000000000000000 ) ) ;
#9030 = ORIENTED_EDGE ( 'NONE', *, *, #9836, .F. ) ;
#9031 = DIRECTION ( 'NONE',  ( 0.000000000000000000, 0.000000000000000000, 1.000000000000000000 ) ) ;
#9032 = CIRCLE ( 'NONE', #7909, 1.550000000000002709 ) ;
#9033 = ORIENTED_EDGE ( 'NONE', *, *, #6332, .F. ) ;
#9034 = CARTESIAN_POINT ( 'NONE',  ( -30.55000000000000426, -9.500000000000000000, 0.000000000000000000 ) ) ;
#9035 = DIRECTION ( 'NONE',  ( 0.000000000000000000, 0.000000000000000000, 1.000000000000000000 ) ) ;
#9036 = VERTEX_POINT ( 'NONE', #6673 ) ;
#9037 = CARTESIAN_POINT ( 'NONE',  ( -30.54999999999992966, 85.50000000000002842, 0.000000000000000000 ) ) ;
#9038 = VERTEX_POINT ( 'NONE', #8218 ) ;
#9039 = DIRECTION ( 'NONE',  ( -1.000000000000000000, 0.000000000000000000, 0.000000000000000000 ) ) ;
#9040 = DIRECTION ( 'NONE',  ( 0.000000000000000000, 0.000000000000000000, 1.000000000000000000 ) ) ;
#9041 = DIRECTION ( 'NONE',  ( -0.000000000000000000, -0.000000000000000000, -1.000000000000000000 ) ) ;
#9042 = CARTESIAN_POINT ( 'NONE',  ( -3.081487911019577365E-30, 75.70000000000000284, 0.000000000000000000 ) ) ;
#9043 = LINE ( 'NONE', #773, #9069 ) ;
#9044 = VERTEX_POINT ( 'NONE', #8980 ) ;
#9045 = VECTOR ( 'NONE', #9411, 1000.000000000000000 ) ;
#9046 = VERTEX_POINT ( 'NONE', #2121 ) ;
#9047 = CARTESIAN_POINT ( 'NONE',  ( 27.45000000000001705, 9.500000000000000000, 2.000000000000000000 ) ) ;
#9048 = ORIENTED_EDGE ( 'NONE', *, *, #1685, .F. ) ;
#9049 = CARTESIAN_POINT ( 'NONE',  ( 21.00000000000000000, 21.00000000000000355, 0.000000000000000000 ) ) ;
#9050 = ORIENTED_EDGE ( 'NONE', *, *, #4443, .F. ) ;
#9051 = DIRECTION ( 'NONE',  ( -1.000000000000000000, 0.000000000000000000, 0.000000000000000000 ) ) ;
#9052 = CIRCLE ( 'NONE', #6811, 1.550000000000002709 ) ;
#9053 = ADVANCED_FACE ( 'NONE', ( #1356 ), #956, .F. ) ;
#9054 = VECTOR ( 'NONE', #5973, 1000.000000000000000 ) ;
#9055 = DIRECTION ( 'NONE',  ( 0.000000000000000000, 0.000000000000000000, 1.000000000000000000 ) ) ;
#9056 = ORIENTED_EDGE ( 'NONE', *, *, #6020, .T. ) ;
#9057 = CYLINDRICAL_SURFACE ( 'NONE', #7008, 1.549999999999999378 ) ;
#9058 = ORIENTED_EDGE ( 'NONE', *, *, #3820, .F. ) ;
#9059 = FACE_BOUND ( 'NONE', #5174, .T. ) ;
#9060 = DIRECTION ( 'NONE',  ( -0.000000000000000000, -0.000000000000000000, 1.000000000000000000 ) ) ;
#9061 = VERTEX_POINT ( 'NONE', #9173 ) ;
#9062 = AXIS2_PLACEMENT_3D ( 'NONE', #7564, #7520, #2977 ) ;
#9063 = DIRECTION ( 'NONE',  ( -0.000000000000000000, -0.000000000000000000, 1.000000000000000000 ) ) ;
#9064 = ORIENTED_EDGE ( 'NONE', *, *, #337, .T. ) ;
#9065 = LINE ( 'NONE', #2071, #6360 ) ;
#9066 = CIRCLE ( 'NONE', #1072, 1.550000000000000933 ) ;
#9067 = CYLINDRICAL_SURFACE ( 'NONE', #8762, 1.549999999999995826 ) ;
#9068 = AXIS2_PLACEMENT_3D ( 'NONE', #4803, #4703, #3154 ) ;
#9069 = VECTOR ( 'NONE', #7580, 1000.000000000000000 ) ;
#9070 = LINE ( 'NONE', #1607, #7294 ) ;
#9071 = AXIS2_PLACEMENT_3D ( 'NONE', #9900, #3035, #9133 ) ;
#9072 = CARTESIAN_POINT ( 'NONE',  ( -29.00000000000000711, 9.500000000000000000, 0.000000000000000000 ) ) ;
#9073 = EDGE_CURVE ( 'NONE', #7685, #4391, #6277, .T. ) ;
#9074 = ORIENTED_EDGE ( 'NONE', *, *, #6809, .F. ) ;
#9075 = CIRCLE ( 'NONE', #4447, 1.550000000000009592 ) ;
#9076 = DIRECTION ( 'NONE',  ( 1.000000000000000000, 0.000000000000000000, 0.000000000000000000 ) ) ;
#9077 = EDGE_LOOP ( 'NONE', ( #3922, #8164, #3890, #8814 ) ) ;
#9078 = CARTESIAN_POINT ( 'NONE',  ( 42.00000000000007816, -46.00000000000000711, 0.000000000000000000 ) ) ;
#9079 = CIRCLE ( 'NONE', #2360, 1.549999999999998712 ) ;
#9080 = EDGE_CURVE ( 'NONE', #87, #6589, #5825, .T. ) ;
#9081 = AXIS2_PLACEMENT_3D ( 'NONE', #6518, #9588, #5772 ) ;
#9082 = VECTOR ( 'NONE', #5155, 1000.000000000000000 ) ;
#9083 = EDGE_LOOP ( 'NONE', ( #3928, #3907 ) ) ;
#9084 = FACE_OUTER_BOUND ( 'NONE', #7088, .T. ) ;
#9085 = AXIS2_PLACEMENT_3D ( 'NONE', #5557, #4309, #4355 ) ;
#9086 = DIRECTION ( 'NONE',  ( 1.000000000000000000, 0.000000000000000000, 0.000000000000000000 ) ) ;
#9087 = VERTEX_POINT ( 'NONE', #5579 ) ;
#9088 = AXIS2_PLACEMENT_3D ( 'NONE', #1011, #3431, #1063 ) ;
#9089 = VECTOR ( 'NONE', #724, 1000.000000000000000 ) ;
#9090 = DIRECTION ( 'NONE',  ( 0.000000000000000000, 0.000000000000000000, 1.000000000000000000 ) ) ;
#9091 = EDGE_CURVE ( 'NONE', #2122, #8323, #6124, .T. ) ;
#9092 = VERTEX_POINT ( 'NONE', #2317 ) ;
#9093 = LINE ( 'NONE', #8948, #84 ) ;
#9094 = EDGE_CURVE ( 'NONE', #4106, #2564, #6772, .T. ) ;
#9095 = DIRECTION ( 'NONE',  ( 0.000000000000000000, 0.000000000000000000, 1.000000000000000000 ) ) ;
#9096 = EDGE_CURVE ( 'NONE', #644, #4944, #4027, .T. ) ;
#9097 = AXIS2_PLACEMENT_3D ( 'NONE', #4159, #8648, #8694 ) ;
#9098 = DIRECTION ( 'NONE',  ( 1.000000000000000000, 0.000000000000000000, 0.000000000000000000 ) ) ;
#9099 = CARTESIAN_POINT ( 'NONE',  ( 46.00000000000004263, -91.00000000000001421, 2.000000000000000000 ) ) ;
#9100 = CARTESIAN_POINT ( 'NONE',  ( 50.45000000000005258, -77.00000000000002842, 0.000000000000000000 ) ) ;
#9101 = ORIENTED_EDGE ( 'NONE', *, *, #5420, .F. ) ;
#9102 = EDGE_LOOP ( 'NONE', ( #2211, #3856, #2743, #6904 ) ) ;
#9103 = CARTESIAN_POINT ( 'NONE',  ( 59.55000000000000426, -11.99999999999999645, 0.000000000000000000 ) ) ;
#9104 = VERTEX_POINT ( 'NONE', #153 ) ;
#9105 = FACE_OUTER_BOUND ( 'NONE', #2155, .T. ) ;
#9106 = CARTESIAN_POINT ( 'NONE',  ( -30.55000000000000782, 9.500000000000000000, 2.000000000000000000 ) ) ;
#9107 = LINE ( 'NONE', #5301, #8217 ) ;
#9108 = ADVANCED_FACE ( 'NONE', ( #199 ), #850, .F. ) ;
#9109 = DIRECTION ( 'NONE',  ( -0.000000000000000000, -0.000000000000000000, -1.000000000000000000 ) ) ;
#9110 = ORIENTED_EDGE ( 'NONE', *, *, #9091, .F. ) ;
#9111 = CARTESIAN_POINT ( 'NONE',  ( -11.44999999999999751, 62.00000000000000000, 0.000000000000000000 ) ) ;
#9112 = ORIENTED_EDGE ( 'NONE', *, *, #4264, .F. ) ;
#9113 = CYLINDRICAL_SURFACE ( 'NONE', #4771, 1.550000000000009592 ) ;
#9114 = DIRECTION ( 'NONE',  ( 0.000000000000000000, 0.000000000000000000, 1.000000000000000000 ) ) ;
#9115 = EDGE_LOOP ( 'NONE', ( #4315, #7195 ) ) ;
#9116 = DIRECTION ( 'NONE',  ( -0.000000000000000000, -0.000000000000000000, -1.000000000000000000 ) ) ;
#9117 = ORIENTED_EDGE ( 'NONE', *, *, #2804, .F. ) ;
#9118 = LINE ( 'NONE', #6015, #6189 ) ;
#9119 = AXIS2_PLACEMENT_3D ( 'NONE', #6794, #7638, #3844 ) ;
#9120 = CIRCLE ( 'NONE', #4645, 1.550000000000002709 ) ;
#9121 = DIRECTION ( 'NONE',  ( 0.000000000000000000, 0.000000000000000000, 1.000000000000000000 ) ) ;
#9122 = DIRECTION ( 'NONE',  ( 0.000000000000000000, 0.000000000000000000, 1.000000000000000000 ) ) ;
#9123 = CARTESIAN_POINT ( 'NONE',  ( -36.86999999999999744, 20.36000000000000298, 0.000000000000000000 ) ) ;
#9124 = ORIENTED_EDGE ( 'NONE', *, *, #4818, .T. ) ;
#9125 = EDGE_CURVE ( 'NONE', #4459, #2258, #3919, .T. ) ;
#9126 = AXIS2_PLACEMENT_3D ( 'NONE', #4759, #836, #4856 ) ;
#9127 = LINE ( 'NONE', #7468, #6136 ) ;
#9128 = VERTEX_POINT ( 'NONE', #7820 ) ;
#9129 = DIRECTION ( 'NONE',  ( 0.000000000000000000, 0.000000000000000000, 1.000000000000000000 ) ) ;
#9130 = AXIS2_PLACEMENT_3D ( 'NONE', #4843, #71, #3895 ) ;
#9131 = ORIENTED_EDGE ( 'NONE', *, *, #8716, .F. ) ;
#9132 = FACE_BOUND ( 'NONE', #8859, .T. ) ;
#9133 = DIRECTION ( 'NONE',  ( 1.000000000000000000, 0.000000000000000000, 0.000000000000000000 ) ) ;
#9134 = ORIENTED_EDGE ( 'NONE', *, *, #4194, .F. ) ;
#9135 = DIRECTION ( 'NONE',  ( -0.000000000000000000, -0.000000000000000000, 1.000000000000000000 ) ) ;
#9136 = ORIENTED_EDGE ( 'NONE', *, *, #5167, .T. ) ;
#9137 = DIRECTION ( 'NONE',  ( -0.000000000000000000, -0.000000000000000000, 1.000000000000000000 ) ) ;
#9138 = EDGE_CURVE ( 'NONE', #4211, #5559, #1987, .T. ) ;
#9139 = DIRECTION ( 'NONE',  ( 0.000000000000000000, 0.000000000000000000, 1.000000000000000000 ) ) ;
#9140 = EDGE_CURVE ( 'NONE', #1780, #2249, #7664, .T. ) ;
#9141 = EDGE_CURVE ( 'NONE', #3408, #5078, #1711, .T. ) ;
#9142 = FACE_OUTER_BOUND ( 'NONE', #9302, .T. ) ;
#9143 = EDGE_CURVE ( 'NONE', #8320, #9464, #4776, .T. ) ;
#9144 = CARTESIAN_POINT ( 'NONE',  ( -56.00000000000001421, 91.00000000000000000, 0.000000000000000000 ) ) ;
#9145 = CARTESIAN_POINT ( 'NONE',  ( -5.999999999999985789, 92.54999999999999716, 2.000000000000000000 ) ) ;
#9146 = ORIENTED_EDGE ( 'NONE', *, *, #338, .F. ) ;
#9147 = ADVANCED_FACE ( 'NONE', ( #9225 ), #2517, .F. ) ;
#9148 = VERTEX_POINT ( 'NONE', #6915 ) ;
#9149 = DIRECTION ( 'NONE',  ( 1.000000000000000000, 0.000000000000000000, 0.000000000000000000 ) ) ;
#9150 = EDGE_LOOP ( 'NONE', ( #7227, #1624, #7452, #513 ) ) ;
#9151 = DIRECTION ( 'NONE',  ( 0.000000000000000000, 0.000000000000000000, 1.000000000000000000 ) ) ;
#9152 = CARTESIAN_POINT ( 'NONE',  ( -54.45000000000000995, -70.00000000000002842, 0.000000000000000000 ) ) ;
#9153 = CARTESIAN_POINT ( 'NONE',  ( 19.90398448916088014, 22.09601551083915183, 0.000000000000000000 ) ) ;
#9154 = DIRECTION ( 'NONE',  ( -1.000000000000000000, 0.000000000000000000, 0.000000000000000000 ) ) ;
#9155 = EDGE_LOOP ( 'NONE', ( #8700, #8753, #35, #318 ) ) ;
#9156 = CARTESIAN_POINT ( 'NONE',  ( 27.45000000000000995, -9.500000000000000000, 0.000000000000000000 ) ) ;
#9157 = EDGE_CURVE ( 'NONE', #5165, #8613, #7870, .T. ) ;
#9158 = VERTEX_POINT ( 'NONE', #48 ) ;
#9159 = FACE_BOUND ( 'NONE', #9083, .T. ) ;
#9160 = DIRECTION ( 'NONE',  ( 0.000000000000000000, 0.000000000000000000, 1.000000000000000000 ) ) ;
#9161 = VERTEX_POINT ( 'NONE', #8620 ) ;
#9162 = DIRECTION ( 'NONE',  ( -1.000000000000000000, 0.000000000000000000, 0.000000000000000000 ) ) ;
#9163 = VERTEX_POINT ( 'NONE', #5429 ) ;
#9164 = CARTESIAN_POINT ( 'NONE',  ( 53.55000000000006821, 47.00000000000001421, 0.000000000000000000 ) ) ;
#9165 = CIRCLE ( 'NONE', #8850, 1.549999999999995826 ) ;
#9166 = EDGE_CURVE ( 'NONE', #7298, #323, #1663, .T. ) ;
#9167 = CARTESIAN_POINT ( 'NONE',  ( -26.45000000000001350, 46.99999999999998579, 0.000000000000000000 ) ) ;
#9168 = CARTESIAN_POINT ( 'NONE',  ( -6.000000000000031086, 89.45000000000000284, 2.000000000000000000 ) ) ;
#9169 = CARTESIAN_POINT ( 'NONE',  ( 28.00000000000006040, 46.99999999999999289, 0.000000000000000000 ) ) ;
#9170 = AXIS2_PLACEMENT_3D ( 'NONE', #5784, #6579, #5829 ) ;
#9171 = ORIENTED_EDGE ( 'NONE', *, *, #7315, .F. ) ;
#9172 = ORIENTED_EDGE ( 'NONE', *, *, #1555, .F. ) ;
#9173 = CARTESIAN_POINT ( 'NONE',  ( -54.45000000000002416, 1.898202538678397212E-16, 0.000000000000000000 ) ) ;
#9174 = ORIENTED_EDGE ( 'NONE', *, *, #7670, .T. ) ;
#9175 = DIRECTION ( 'NONE',  ( 0.000000000000000000, 0.000000000000000000, 1.000000000000000000 ) ) ;
#9176 = CIRCLE ( 'NONE', #4863, 1.550000000000002709 ) ;
#9177 = AXIS2_PLACEMENT_3D ( 'NONE', #4977, #2767, #4122 ) ;
#9178 = VERTEX_POINT ( 'NONE', #4724 ) ;
#9179 = FACE_BOUND ( 'NONE', #9675, .T. ) ;
#9180 = EDGE_CURVE ( 'NONE', #3433, #6925, #1768, .T. ) ;
#9181 = ADVANCED_FACE ( 'NONE', ( #4825 ), #5723, .F. ) ;
#9182 = CARTESIAN_POINT ( 'NONE',  ( -16.94999999999999574, 43.00000000000000000, 2.000000000000000000 ) ) ;
#9183 = ORIENTED_EDGE ( 'NONE', *, *, #4075, .T. ) ;
#9184 = DIRECTION ( 'NONE',  ( -1.000000000000000000, -1.284980352575411959E-16, -0.000000000000000000 ) ) ;
#9185 = ORIENTED_EDGE ( 'NONE', *, *, #321, .T. ) ;
#9186 = DIRECTION ( 'NONE',  ( -0.000000000000000000, -0.000000000000000000, 1.000000000000000000 ) ) ;
#9187 = AXIS2_PLACEMENT_3D ( 'NONE', #3252, #7942, #4800 ) ;
#9188 = CYLINDRICAL_SURFACE ( 'NONE', #6785, 1.549999999999988942 ) ;
#9189 = CIRCLE ( 'NONE', #3122, 1.550000000000002709 ) ;
#9190 = CARTESIAN_POINT ( 'NONE',  ( 8.000000000000000000, 18.00000000000000000, 0.000000000000000000 ) ) ;
#9191 = EDGE_CURVE ( 'NONE', #3570, #9061, #1816, .T. ) ;
#9192 = DIRECTION ( 'NONE',  ( 1.000000000000000000, 0.000000000000000000, 0.000000000000000000 ) ) ;
#9193 = LINE ( 'NONE', #7489, #1716 ) ;
#9194 = ORIENTED_EDGE ( 'NONE', *, *, #5902, .F. ) ;
#9195 = ORIENTED_EDGE ( 'NONE', *, *, #7487, .F. ) ;
#9196 = CYLINDRICAL_SURFACE ( 'NONE', #2864, 1.550000000000002709 ) ;
#9197 = ORIENTED_EDGE ( 'NONE', *, *, #261, .T. ) ;
#9198 = LINE ( 'NONE', #1791, #8309 ) ;
#9199 = EDGE_CURVE ( 'NONE', #6288, #3725, #4872, .T. ) ;
#9200 = DIRECTION ( 'NONE',  ( 0.000000000000000000, 0.000000000000000000, 1.000000000000000000 ) ) ;
#9201 = DIRECTION ( 'NONE',  ( 0.000000000000000000, 0.000000000000000000, 1.000000000000000000 ) ) ;
#9202 = ADVANCED_FACE ( 'NONE', ( #2672 ), #3528, .F. ) ;
#9203 = EDGE_CURVE ( 'NONE', #6793, #1141, #8214, .T. ) ;
#9204 = DIRECTION ( 'NONE',  ( -0.000000000000000000, -0.000000000000000000, 1.000000000000000000 ) ) ;
#9205 = VERTEX_POINT ( 'NONE', #9479 ) ;
#9206 = LINE ( 'NONE', #4658, #9419 ) ;
#9207 = ORIENTED_EDGE ( 'NONE', *, *, #7120, .F. ) ;
#9208 = CARTESIAN_POINT ( 'NONE',  ( -11.00000000000000000, -52.55000000000001847, 0.000000000000000000 ) ) ;
#9209 = LINE ( 'NONE', #3109, #8853 ) ;
#9210 = ORIENTED_EDGE ( 'NONE', *, *, #4374, .F. ) ;
#9211 = EDGE_CURVE ( 'NONE', #8856, #4053, #6473, .T. ) ;
#9212 = DIRECTION ( 'NONE',  ( 1.000000000000000000, 0.000000000000000000, 0.000000000000000000 ) ) ;
#9213 = ORIENTED_EDGE ( 'NONE', *, *, #9015, .T. ) ;
#9214 = EDGE_CURVE ( 'NONE', #2423, #5369, #1666, .T. ) ;
#9215 = CARTESIAN_POINT ( 'NONE',  ( -8.000000000000000000, 18.00000000000000000, 0.000000000000000000 ) ) ;
#9216 = AXIS2_PLACEMENT_3D ( 'NONE', #2728, #3819, #3766 ) ;
#9217 = AXIS2_PLACEMENT_3D ( 'NONE', #7578, #717, #3787 ) ;
#9218 = CARTESIAN_POINT ( 'NONE',  ( 15.00000000000000355, 77.00000000000000000, 0.000000000000000000 ) ) ;
#9219 = DIRECTION ( 'NONE',  ( 1.000000000000000000, 0.000000000000000000, 0.000000000000000000 ) ) ;
#9220 = AXIS2_PLACEMENT_3D ( 'NONE', #2886, #9129, #3682 ) ;
#9221 = VERTEX_POINT ( 'NONE', #5020 ) ;
#9222 = DIRECTION ( 'NONE',  ( 0.000000000000000000, 0.000000000000000000, 1.000000000000000000 ) ) ;
#9223 = ORIENTED_EDGE ( 'NONE', *, *, #5363, .F. ) ;
#9224 = ORIENTED_EDGE ( 'NONE', *, *, #1386, .T. ) ;
#9225 = FACE_OUTER_BOUND ( 'NONE', #7958, .T. ) ;
#9226 = ORIENTED_EDGE ( 'NONE', *, *, #9840, .F. ) ;
#9227 = PLANE ( 'NONE',  #3152 ) ;
#9228 = CIRCLE ( 'NONE', #902, 1.550000000000009592 ) ;
#9229 = VECTOR ( 'NONE', #9445, 1000.000000000000000 ) ;
#9230 = CIRCLE ( 'NONE', #9068, 1.550000000000002709 ) ;
#9231 = AXIS2_PLACEMENT_3D ( 'NONE', #6438, #2637, #9497 ) ;
#9232 = ORIENTED_EDGE ( 'NONE', *, *, #2537, .F. ) ;
#9233 = CIRCLE ( 'NONE', #4923, 1.550000000000002709 ) ;
#9234 = FACE_BOUND ( 'NONE', #5586, .T. ) ;
#9235 = CARTESIAN_POINT ( 'NONE',  ( 28.00000000000006040, 46.99999999999999289, 0.000000000000000000 ) ) ;
#9236 = VERTEX_POINT ( 'NONE', #3380 ) ;
#9237 = EDGE_CURVE ( 'NONE', #3681, #6229, #7222, .T. ) ;
#9238 = VECTOR ( 'NONE', #2924, 1000.000000000000114 ) ;
#9239 = CARTESIAN_POINT ( 'NONE',  ( -26.45000000000001350, 46.99999999999998579, 2.000000000000000000 ) ) ;
#9240 = ORIENTED_EDGE ( 'NONE', *, *, #2342, .F. ) ;
#9241 = CARTESIAN_POINT ( 'NONE',  ( 11.00000000000000000, -52.55000000000001847, 0.000000000000000000 ) ) ;
#9242 = CIRCLE ( 'NONE', #4769, 1.549999999999995826 ) ;
#9243 = VERTEX_POINT ( 'NONE', #2618 ) ;
#9244 = CARTESIAN_POINT ( 'NONE',  ( 10.00000000000001066, 9.999999999999996447, 0.000000000000000000 ) ) ;
#9245 = AXIS2_PLACEMENT_3D ( 'NONE', #786, #7649, #735 ) ;
#9246 = AXIS2_PLACEMENT_3D ( 'NONE', #1474, #18, #9855 ) ;
#9247 = ORIENTED_EDGE ( 'NONE', *, *, #5380, .T. ) ;
#9248 = DIRECTION ( 'NONE',  ( -1.000000000000000000, 0.000000000000000000, 0.000000000000000000 ) ) ;
#9249 = CIRCLE ( 'NONE', #284, 1.550000000000002709 ) ;
#9250 = DIRECTION ( 'NONE',  ( 1.000000000000000000, 0.000000000000000000, 0.000000000000000000 ) ) ;
#9251 = CIRCLE ( 'NONE', #4941, 1.550000000000002709 ) ;
#9252 = CARTESIAN_POINT ( 'NONE',  ( 42.00000000000007816, -38.20000000000000284, 0.000000000000000000 ) ) ;
#9253 = ORIENTED_EDGE ( 'NONE', *, *, #9892, .F. ) ;
#9254 = EDGE_LOOP ( 'NONE', ( #4727, #7074 ) ) ;
#9255 = CARTESIAN_POINT ( 'NONE',  ( -11.00000000000000000, -74.45000000000003126, 0.000000000000000000 ) ) ;
#9256 = VERTEX_POINT ( 'NONE', #7271 ) ;
#9257 = CARTESIAN_POINT ( 'NONE',  ( 43.55000000000004690, -54.00000000000003553, 0.000000000000000000 ) ) ;
#9258 = DIRECTION ( 'NONE',  ( 1.000000000000000000, 0.000000000000000000, 0.000000000000000000 ) ) ;
#9259 = CARTESIAN_POINT ( 'NONE',  ( -22.09601551083914828, 19.90398448916085883, 0.000000000000000000 ) ) ;
#9260 = AXIS2_PLACEMENT_3D ( 'NONE', #2744, #519, #8840 ) ;
#9261 = DIRECTION ( 'NONE',  ( 0.000000000000000000, 0.000000000000000000, 1.000000000000000000 ) ) ;
#9262 = VERTEX_POINT ( 'NONE', #5674 ) ;
#9263 = CARTESIAN_POINT ( 'NONE',  ( 42.00000000000007816, 46.00000000000000711, 2.000000000000000000 ) ) ;
#9264 = CIRCLE ( 'NONE', #8785, 1.550000000000002709 ) ;
#9265 = ORIENTED_EDGE ( 'NONE', *, *, #8168, .F. ) ;
#9266 = FACE_BOUND ( 'NONE', #3501, .T. ) ;
#9267 = DIRECTION ( 'NONE',  ( -1.000000000000000000, 0.000000000000000000, 0.000000000000000000 ) ) ;
#9268 = ORIENTED_EDGE ( 'NONE', *, *, #2922, .T. ) ;
#9269 = CARTESIAN_POINT ( 'NONE',  ( -23.09999999999998366, -29.60000000000000142, 0.000000000000000000 ) ) ;
#9270 = ORIENTED_EDGE ( 'NONE', *, *, #2291, .T. ) ;
#9271 = DIRECTION ( 'NONE',  ( 1.000000000000000000, 0.000000000000000000, 0.000000000000000000 ) ) ;
#9272 = FACE_OUTER_BOUND ( 'NONE', #8990, .T. ) ;
#9273 = ADVANCED_FACE ( 'NONE', ( #3478 ), #9535, .F. ) ;
#9274 = ADVANCED_FACE ( 'NONE', ( #6524 ), #8717, .F. ) ;
#9275 = CYLINDRICAL_SURFACE ( 'NONE', #2670, 1.549999999999999378 ) ;
#9276 = EDGE_CURVE ( 'NONE', #6290, #9221, #1865, .T. ) ;
#9277 = EDGE_LOOP ( 'NONE', ( #3521, #1978, #7599, #7346 ) ) ;
#9278 = DIRECTION ( 'NONE',  ( -1.000000000000000000, 0.000000000000000000, 0.000000000000000000 ) ) ;
#9279 = ORIENTED_EDGE ( 'NONE', *, *, #8288, .F. ) ;
#9280 = EDGE_LOOP ( 'NONE', ( #5382, #5250, #1290, #2468 ) ) ;
#9281 = EDGE_CURVE ( 'NONE', #9421, #4165, #8071, .T. ) ;
#9282 = CARTESIAN_POINT ( 'NONE',  ( 29.64999999999999858, 69.00000000000000000, 0.000000000000000000 ) ) ;
#9283 = VERTEX_POINT ( 'NONE', #5625 ) ;
#9284 = DIRECTION ( 'NONE',  ( 0.000000000000000000, -0.000000000000000000, -1.000000000000000000 ) ) ;
#9285 = CIRCLE ( 'NONE', #7036, 1.550000000000001155 ) ;
#9286 = AXIS2_PLACEMENT_3D ( 'NONE', #6219, #4714, #8509 ) ;
#9287 = EDGE_LOOP ( 'NONE', ( #7328, #8001, #4505, #802 ) ) ;
#9288 = FACE_BOUND ( 'NONE', #3014, .T. ) ;
#9289 = AXIS2_PLACEMENT_3D ( 'NONE', #8703, #1851, #9669 ) ;
#9290 = AXIS2_PLACEMENT_3D ( 'NONE', #3664, #2909, #5958 ) ;
#9291 = EDGE_LOOP ( 'NONE', ( #1146, #2067 ) ) ;
#9292 = EDGE_CURVE ( 'NONE', #8676, #7392, #359, .T. ) ;
#9293 = CARTESIAN_POINT ( 'NONE',  ( 43.55000000000006111, 54.00000000000000711, 2.000000000000000000 ) ) ;
#9294 = ORIENTED_EDGE ( 'NONE', *, *, #2978, .T. ) ;
#9295 = LINE ( 'NONE', #1675, #1532 ) ;
#9296 = VERTEX_POINT ( 'NONE', #2571 ) ;
#9297 = DIRECTION ( 'NONE',  ( 0.000000000000000000, 0.000000000000000000, 1.000000000000000000 ) ) ;
#9298 = ORIENTED_EDGE ( 'NONE', *, *, #3599, .T. ) ;
#9299 = DIRECTION ( 'NONE',  ( -1.000000000000000000, 0.000000000000000000, 0.000000000000000000 ) ) ;
#9300 = CARTESIAN_POINT ( 'NONE',  ( -42.00000000000000711, 46.00000000000000711, 0.000000000000000000 ) ) ;
#9301 = VERTEX_POINT ( 'NONE', #4179 ) ;
#9302 = EDGE_LOOP ( 'NONE', ( #4039, #3377, #8963, #4528 ) ) ;
#9303 = DIRECTION ( 'NONE',  ( 0.000000000000000000, 0.000000000000000000, 1.000000000000000000 ) ) ;
#9304 = ORIENTED_EDGE ( 'NONE', *, *, #5847, .T. ) ;
#9305 = DIRECTION ( 'NONE',  ( 0.000000000000000000, 0.000000000000000000, 1.000000000000000000 ) ) ;
#9306 = CARTESIAN_POINT ( 'NONE',  ( -8.449999999999985079, 9.999999999999994671, 0.000000000000000000 ) ) ;
#9307 = DIRECTION ( 'NONE',  ( 0.000000000000000000, 0.000000000000000000, 1.000000000000000000 ) ) ;
#9308 = DIRECTION ( 'NONE',  ( -0.000000000000000000, -0.000000000000000000, 1.000000000000000000 ) ) ;
#9309 =( NAMED_UNIT ( * ) SI_UNIT ( $, .STERADIAN. ) SOLID_ANGLE_UNIT ( ) );
#9310 = VERTEX_POINT ( 'NONE', #1206 ) ;
#9311 = CARTESIAN_POINT ( 'NONE',  ( -16.94999999999999574, 43.00000000000000000, 0.000000000000000000 ) ) ;
#9312 = AXIS2_PLACEMENT_3D ( 'NONE', #7661, #2973, #3722 ) ;
#9313 = VERTEX_POINT ( 'NONE', #3426 ) ;
#9314 = FACE_BOUND ( 'NONE', #4526, .T. ) ;
#9315 = CARTESIAN_POINT ( 'NONE',  ( 16.94999999999999574, 43.00000000000000000, 0.000000000000000000 ) ) ;
#9316 = ORIENTED_EDGE ( 'NONE', *, *, #1983, .F. ) ;
#9317 = DIRECTION ( 'NONE',  ( -1.000000000000000000, 0.000000000000000000, 0.000000000000000000 ) ) ;
#9318 = ORIENTED_EDGE ( 'NONE', *, *, #1609, .F. ) ;
#9319 = CYLINDRICAL_SURFACE ( 'NONE', #6042, 4.999999999999984013 ) ;
#9320 = CYLINDRICAL_SURFACE ( 'NONE', #2057, 5.000000000000000000 ) ;
#9321 = EDGE_CURVE ( 'NONE', #5178, #313, #9348, .T. ) ;
#9322 = ORIENTED_EDGE ( 'NONE', *, *, #8032, .T. ) ;
#9323 = DIRECTION ( 'NONE',  ( -0.000000000000000000, -0.000000000000000000, -1.000000000000000000 ) ) ;
#9324 = EDGE_LOOP ( 'NONE', ( #7247, #68, #5575, #2907 ) ) ;
#9325 = CARTESIAN_POINT ( 'NONE',  ( 0.000000000000000000, 72.70000000000000284, 0.000000000000000000 ) ) ;
#9326 = VERTEX_POINT ( 'NONE', #6569 ) ;
#9327 = EDGE_CURVE ( 'NONE', #9679, #7961, #2633, .T. ) ;
#9328 = FACE_OUTER_BOUND ( 'NONE', #5021, .T. ) ;
#9329 = ADVANCED_FACE ( 'NONE', ( #827 ), #6106, .F. ) ;
#9330 = EDGE_LOOP ( 'NONE', ( #4925, #9322 ) ) ;
#9331 = EDGE_CURVE ( 'NONE', #3688, #2188, #3750, .T. ) ;
#9332 = FACE_BOUND ( 'NONE', #7401, .T. ) ;
#9333 = AXIS2_PLACEMENT_3D ( 'NONE', #3191, #4034, #6922 ) ;
#9334 = CARTESIAN_POINT ( 'NONE',  ( 16.94999999999995666, -45.99999999999998579, 0.000000000000000000 ) ) ;
#9335 = EDGE_LOOP ( 'NONE', ( #6051, #7113, #6465, #2451 ) ) ;
#9336 = VECTOR ( 'NONE', #6651, 1000.000000000000000 ) ;
#9337 = LINE ( 'NONE', #4680, #683 ) ;
#9338 = ORIENTED_EDGE ( 'NONE', *, *, #6931, .T. ) ;
#9339 = CARTESIAN_POINT ( 'NONE',  ( -36.86999999999999744, 20.36000000000000298, 2.000000000000000000 ) ) ;
#9340 = ORIENTED_EDGE ( 'NONE', *, *, #1371, .F. ) ;
#9341 = CARTESIAN_POINT ( 'NONE',  ( 22.09601551083917670, -19.90398448916085883, 0.000000000000000000 ) ) ;
#9342 = EDGE_CURVE ( 'NONE', #5254, #4961, #8695, .T. ) ;
#9343 = AXIS2_PLACEMENT_3D ( 'NONE', #4135, #7926, #1065 ) ;
#9344 = VECTOR ( 'NONE', #4976, 1000.000000000000000 ) ;
#9345 = CIRCLE ( 'NONE', #6310, 1.549999999999999378 ) ;
#9346 = ORIENTED_EDGE ( 'NONE', *, *, #75, .T. ) ;
#9347 = CYLINDRICAL_SURFACE ( 'NONE', #1211, 1.549999999999988942 ) ;
#9348 = CIRCLE ( 'NONE', #9510, 1.549999999999999378 ) ;
#9349 = CARTESIAN_POINT ( 'NONE',  ( 27.45000000000001705, -36.50000000000000000, 2.000000000000000000 ) ) ;
#9350 = EDGE_LOOP ( 'NONE', ( #4638, #3388 ) ) ;
#9351 = ORIENTED_EDGE ( 'NONE', *, *, #7429, .F. ) ;
#9352 = DIRECTION ( 'NONE',  ( 0.7071067811865486830, 0.7071067811865464625, 0.000000000000000000 ) ) ;
#9353 = ORIENTED_EDGE ( 'NONE', *, *, #4381, .F. ) ;
#9354 = CARTESIAN_POINT ( 'NONE',  ( 42.00000000000007816, -38.20000000000000284, 2.000000000000000000 ) ) ;
#9355 = DIRECTION ( 'NONE',  ( 1.000000000000000000, 3.652049423109067827E-16, 0.000000000000000000 ) ) ;
#9356 = VECTOR ( 'NONE', #1728, 1000.000000000000000 ) ;
#9357 = CARTESIAN_POINT ( 'NONE',  ( 1.387778780781445676E-14, -91.00000000000000000, 2.000000000000000000 ) ) ;
#9358 = CARTESIAN_POINT ( 'NONE',  ( -11.00000000000000000, -74.45000000000003126, 0.000000000000000000 ) ) ;
#9359 = VERTEX_POINT ( 'NONE', #6147 ) ;
#9360 = AXIS2_PLACEMENT_3D ( 'NONE', #9647, #2828, #3438 ) ;
#9361 = CARTESIAN_POINT ( 'NONE',  ( -41.99999999999999289, -46.00000000000003553, 0.000000000000000000 ) ) ;
#9362 = EDGE_LOOP ( 'NONE', ( #2928, #1085 ) ) ;
#9363 = FACE_BOUND ( 'NONE', #6412, .T. ) ;
#9364 = LINE ( 'NONE', #2505, #9779 ) ;
#9365 = ADVANCED_FACE ( 'NONE', ( #8339 ), #4550, .F. ) ;
#9366 = ORIENTED_EDGE ( 'NONE', *, *, #2279, .F. ) ;
#9367 = DIRECTION ( 'NONE',  ( 0.000000000000000000, 0.000000000000000000, 1.000000000000000000 ) ) ;
#9368 = ORIENTED_EDGE ( 'NONE', *, *, #6098, .F. ) ;
#9369 = DIRECTION ( 'NONE',  ( 1.000000000000000000, 0.000000000000000000, 0.000000000000000000 ) ) ;
#9370 = CARTESIAN_POINT ( 'NONE',  ( 57.99999999999999289, 36.99999999999999289, 0.000000000000000000 ) ) ;
#9371 = ORIENTED_EDGE ( 'NONE', *, *, #2778, .F. ) ;
#9372 = DIRECTION ( 'NONE',  ( 0.7808688094430301652, 0.6246950475544245096, -0.000000000000000000 ) ) ;
#9373 = ORIENTED_EDGE ( 'NONE', *, *, #8342, .F. ) ;
#9374 = CIRCLE ( 'NONE', #3625, 1.550000000000009592 ) ;
#9375 = AXIS2_PLACEMENT_3D ( 'NONE', #1375, #4449, #64 ) ;
#9376 = DIRECTION ( 'NONE',  ( -0.000000000000000000, -0.000000000000000000, -1.000000000000000000 ) ) ;
#9377 = EDGE_LOOP ( 'NONE', ( #8997, #1613, #5230, #3250 ) ) ;
#9378 = CYLINDRICAL_SURFACE ( 'NONE', #8254, 1.549999999999995826 ) ;
#9379 = AXIS2_PLACEMENT_3D ( 'NONE', #8232, #1470, #5330 ) ;
#9380 = CIRCLE ( 'NONE', #5545, 1.550000000000009592 ) ;
#9381 = FACE_BOUND ( 'NONE', #1272, .T. ) ;
#9382 = EDGE_CURVE ( 'NONE', #9038, #5616, #699, .T. ) ;
#9383 = CYLINDRICAL_SURFACE ( 'NONE', #615, 4.000000000000014211 ) ;
#9384 = ORIENTED_EDGE ( 'NONE', *, *, #2609, .T. ) ;
#9385 = DIRECTION ( 'NONE',  ( 1.000000000000000000, 0.000000000000000000, 0.000000000000000000 ) ) ;
#9386 = ORIENTED_EDGE ( 'NONE', *, *, #995, .T. ) ;
#9387 = FACE_OUTER_BOUND ( 'NONE', #4311, .T. ) ;
#9388 = ORIENTED_EDGE ( 'NONE', *, *, #997, .F. ) ;
#9389 = VECTOR ( 'NONE', #100, 1000.000000000000000 ) ;
#9390 = LINE ( 'NONE', #3137, #1679 ) ;
#9391 = EDGE_CURVE ( 'NONE', #5474, #1499, #52, .T. ) ;
#9392 = VERTEX_POINT ( 'NONE', #7540 ) ;
#9393 = DIRECTION ( 'NONE',  ( 0.7808688094430297211, -0.6246950475544250647, 0.000000000000000000 ) ) ;
#9394 = VECTOR ( 'NONE', #604, 1000.000000000000000 ) ;
#9395 = AXIS2_PLACEMENT_3D ( 'NONE', #1820, #9640, #7324 ) ;
#9396 = EDGE_CURVE ( 'NONE', #591, #5660, #1438, .T. ) ;
#9397 = AXIS2_PLACEMENT_3D ( 'NONE', #3654, #8382, #9808 ) ;
#9398 = DIRECTION ( 'NONE',  ( 1.000000000000000000, 0.000000000000000000, 0.000000000000000000 ) ) ;
#9399 = ORIENTED_EDGE ( 'NONE', *, *, #2739, .T. ) ;
#9400 = EDGE_CURVE ( 'NONE', #349, #6890, #3845, .T. ) ;
#9401 = AXIS2_PLACEMENT_3D ( 'NONE', #4919, #8017, #8617 ) ;
#9402 = DIRECTION ( 'NONE',  ( 0.000000000000000000, 0.000000000000000000, 1.000000000000000000 ) ) ;
#9403 = AXIS2_PLACEMENT_3D ( 'NONE', #3374, #8768, #4063 ) ;
#9404 = ORIENTED_EDGE ( 'NONE', *, *, #7659, .F. ) ;
#9405 = DIRECTION ( 'NONE',  ( -1.000000000000000000, 0.000000000000000000, 0.000000000000000000 ) ) ;
#9406 = CARTESIAN_POINT ( 'NONE',  ( -40.45000000000001705, -54.00000000000003553, 2.000000000000000000 ) ) ;
#9407 = CARTESIAN_POINT ( 'NONE',  ( -18.50000000000003553, -46.00000000000000711, 2.000000000000000000 ) ) ;
#9408 = EDGE_CURVE ( 'NONE', #8383, #360, #3439, .T. ) ;
#9409 = AXIS2_PLACEMENT_3D ( 'NONE', #6514, #493, #6608 ) ;
#9410 = AXIS2_PLACEMENT_3D ( 'NONE', #8455, #4660, #2406 ) ;
#9411 = DIRECTION ( 'NONE',  ( -0.000000000000000000, -0.000000000000000000, -1.000000000000000000 ) ) ;
#9412 = FACE_OUTER_BOUND ( 'NONE', #9002, .T. ) ;
#9413 = ORIENTED_EDGE ( 'NONE', *, *, #5349, .F. ) ;
#9414 = CYLINDRICAL_SURFACE ( 'NONE', #9583, 1.549999999999999378 ) ;
#9415 = ORIENTED_EDGE ( 'NONE', *, *, #9012, .T. ) ;
#9416 = ORIENTED_EDGE ( 'NONE', *, *, #5325, .F. ) ;
#9417 = FACE_BOUND ( 'NONE', #5493, .T. ) ;
#9418 = CARTESIAN_POINT ( 'NONE',  ( 29.55000000000006111, 46.99999999999999289, 2.000000000000000000 ) ) ;
#9419 = VECTOR ( 'NONE', #832, 1000.000000000000000 ) ;
#9420 = EDGE_CURVE ( 'NONE', #198, #419, #7270, .T. ) ;
#9421 = VERTEX_POINT ( 'NONE', #9917 ) ;
#9422 = AXIS2_PLACEMENT_3D ( 'NONE', #964, #7181, #7028 ) ;
#9423 = DIRECTION ( 'NONE',  ( 1.000000000000000000, 0.000000000000000000, 0.000000000000000000 ) ) ;
#9424 = VECTOR ( 'NONE', #9352, 999.9999999999998863 ) ;
#9425 = ORIENTED_EDGE ( 'NONE', *, *, #5731, .F. ) ;
#9426 = CARTESIAN_POINT ( 'NONE',  ( -39.00000000000001421, -7.500000000000000000, 0.000000000000000000 ) ) ;
#9427 = CARTESIAN_POINT ( 'NONE',  ( 48.99999999999998579, 7.500000000000000888, 0.000000000000000000 ) ) ;
#9428 = VERTEX_POINT ( 'NONE', #2398 ) ;
#9429 = CARTESIAN_POINT ( 'NONE',  ( 23.55000000000000071, 60.19999999999999574, 2.000000000000000000 ) ) ;
#9430 = CYLINDRICAL_SURFACE ( 'NONE', #3495, 1.550000000000002709 ) ;
#9431 = CARTESIAN_POINT ( 'NONE',  ( 16.95000000000004547, -83.00000000000000000, 0.000000000000000000 ) ) ;
#9432 = ORIENTED_EDGE ( 'NONE', *, *, #7421, .F. ) ;
#9433 = FACE_OUTER_BOUND ( 'NONE', #81, .T. ) ;
#9434 = FACE_BOUND ( 'NONE', #8839, .T. ) ;
#9435 = CARTESIAN_POINT ( 'NONE',  ( 28.00000000000005329, 77.00000000000002842, 2.000000000000000000 ) ) ;
#9436 = EDGE_CURVE ( 'NONE', #104, #9296, #1994, .T. ) ;
#9437 = ORIENTED_EDGE ( 'NONE', *, *, #1992, .F. ) ;
#9438 = FACE_OUTER_BOUND ( 'NONE', #8354, .T. ) ;
#9439 = ORIENTED_EDGE ( 'NONE', *, *, #6118, .F. ) ;
#9440 = AXIS2_PLACEMENT_3D ( 'NONE', #8933, #8829, #5171 ) ;
#9441 = CYLINDRICAL_SURFACE ( 'NONE', #8474, 1.550000000000002709 ) ;
#9442 = ORIENTED_EDGE ( 'NONE', *, *, #6327, .F. ) ;
#9443 = DIRECTION ( 'NONE',  ( -0.000000000000000000, -0.000000000000000000, 1.000000000000000000 ) ) ;
#9444 = ORIENTED_EDGE ( 'NONE', *, *, #7659, .T. ) ;
#9445 = DIRECTION ( 'NONE',  ( -0.000000000000000000, -0.000000000000000000, 1.000000000000000000 ) ) ;
#9446 = CIRCLE ( 'NONE', #4183, 1.549999999999999378 ) ;
#9447 = DIRECTION ( 'NONE',  ( -0.000000000000000000, -0.000000000000000000, -1.000000000000000000 ) ) ;
#9448 = EDGE_LOOP ( 'NONE', ( #5182, #8508, #851, #5296 ) ) ;
#9449 = ADVANCED_FACE ( 'NONE', ( #1638 ), #6846, .F. ) ;
#9450 = EDGE_CURVE ( 'NONE', #9301, #6705, #2954, .T. ) ;
#9451 = DIRECTION ( 'NONE',  ( 0.000000000000000000, -0.000000000000000000, 1.000000000000000000 ) ) ;
#9452 = VERTEX_POINT ( 'NONE', #9152 ) ;
#9453 = DIRECTION ( 'NONE',  ( -0.000000000000000000, -0.000000000000000000, -1.000000000000000000 ) ) ;
#9454 = LINE ( 'NONE', #4893, #1026 ) ;
#9455 = CARTESIAN_POINT ( 'NONE',  ( 42.00000000000004263, -54.00000000000003553, 0.000000000000000000 ) ) ;
#9456 = DIRECTION ( 'NONE',  ( -0.000000000000000000, -0.000000000000000000, 1.000000000000000000 ) ) ;
#9457 = EDGE_CURVE ( 'NONE', #6296, #3433, #4393, .T. ) ;
#9458 = CIRCLE ( 'NONE', #5138, 1.549999999999995604 ) ;
#9459 = CARTESIAN_POINT ( 'NONE',  ( 29.55000000000005045, 77.00000000000002842, 0.000000000000000000 ) ) ;
#9460 = FILL_AREA_STYLE_COLOUR ( '', #3816 ) ;
#9461 = ORIENTED_EDGE ( 'NONE', *, *, #1682, .F. ) ;
#9462 = EDGE_CURVE ( 'NONE', #492, #2872, #2288, .T. ) ;
#9463 = CARTESIAN_POINT ( 'NONE',  ( -45.99999999999997158, -91.00000000000002842, 2.000000000000000000 ) ) ;
#9464 = VERTEX_POINT ( 'NONE', #2816 ) ;
#9465 = EDGE_CURVE ( 'NONE', #4672, #8334, #2069, .T. ) ;
#9466 = VERTEX_POINT ( 'NONE', #6614 ) ;
#9467 = FACE_BOUND ( 'NONE', #2323, .T. ) ;
#9468 = ORIENTED_EDGE ( 'NONE', *, *, #4284, .T. ) ;
#9469 = CARTESIAN_POINT ( 'NONE',  ( 29.00000000000002842, -85.49999999999998579, 2.000000000000000000 ) ) ;
#9470 = EDGE_LOOP ( 'NONE', ( #7334, #2438, #6688, #6335 ) ) ;
#9471 = DIRECTION ( 'NONE',  ( 0.000000000000000000, 0.000000000000000000, 1.000000000000000000 ) ) ;
#9472 = EDGE_LOOP ( 'NONE', ( #8523, #7397, #1968, #8959 ) ) ;
#9473 = AXIS2_PLACEMENT_3D ( 'NONE', #6121, #1559, #2367 ) ;
#9474 = DIRECTION ( 'NONE',  ( -0.000000000000000000, -0.000000000000000000, 1.000000000000000000 ) ) ;
#9475 = FACE_OUTER_BOUND ( 'NONE', #1174, .T. ) ;
#9476 = ORIENTED_EDGE ( 'NONE', *, *, #3651, .T. ) ;
#9477 = DIRECTION ( 'NONE',  ( 0.000000000000000000, 0.000000000000000000, 1.000000000000000000 ) ) ;
#9478 = CARTESIAN_POINT ( 'NONE',  ( -3.081487911019577365E-30, 75.70000000000000284, 0.000000000000000000 ) ) ;
#9479 = CARTESIAN_POINT ( 'NONE',  ( -30.54999999999995808, 36.50000000000003553, 0.000000000000000000 ) ) ;
#9480 = ORIENTED_EDGE ( 'NONE', *, *, #3312, .T. ) ;
#9481 = CARTESIAN_POINT ( 'NONE',  ( -56.00000000000002842, 0.000000000000000000, 0.000000000000000000 ) ) ;
#9482 = EDGE_CURVE ( 'NONE', #2163, #2976, #5120, .T. ) ;
#9483 = FACE_BOUND ( 'NONE', #8888, .T. ) ;
#9484 = CARTESIAN_POINT ( 'NONE',  ( 18.50000000000003908, -83.00000000000000000, 0.000000000000000000 ) ) ;
#9485 = ORIENTED_EDGE ( 'NONE', *, *, #3229, .T. ) ;
#9486 = FACE_OUTER_BOUND ( 'NONE', #3362, .T. ) ;
#9487 = EDGE_LOOP ( 'NONE', ( #2201, #1701, #5458, #6868 ) ) ;
#9488 = CYLINDRICAL_SURFACE ( 'NONE', #6017, 1.550000000000002709 ) ;
#9489 = ORIENTED_EDGE ( 'NONE', *, *, #2792, .T. ) ;
#9490 = EDGE_CURVE ( 'NONE', #3127, #9262, #7096, .T. ) ;
#9491 = LINE ( 'NONE', #1123, #2159 ) ;
#9492 = VECTOR ( 'NONE', #1723, 1000.000000000000000 ) ;
#9493 = EDGE_CURVE ( 'NONE', #2425, #3700, #4069, .T. ) ;
#9494 = ORIENTED_EDGE ( 'NONE', *, *, #7814, .F. ) ;
#9495 = DIRECTION ( 'NONE',  ( 0.000000000000000000, 0.000000000000000000, 1.000000000000000000 ) ) ;
#9496 = EDGE_CURVE ( 'NONE', #9511, #7422, #5338, .T. ) ;
#9497 = DIRECTION ( 'NONE',  ( 1.000000000000000000, 0.000000000000000000, 0.000000000000000000 ) ) ;
#9498 = ORIENTED_EDGE ( 'NONE', *, *, #1963, .F. ) ;
#9499 = CARTESIAN_POINT ( 'NONE',  ( 8.000000000000000000, 18.00000000000000000, 2.000000000000000000 ) ) ;
#9500 = VERTEX_POINT ( 'NONE', #8643 ) ;
#9501 = DIRECTION ( 'NONE',  ( -1.000000000000000000, 0.000000000000000000, 0.000000000000000000 ) ) ;
#9502 = CIRCLE ( 'NONE', #5176, 1.550000000000002709 ) ;
#9503 = AXIS2_PLACEMENT_3D ( 'NONE', #4025, #197, #3271 ) ;
#9504 = CARTESIAN_POINT ( 'NONE',  ( 46.00000000000004263, 92.55000000000001137, 2.000000000000000000 ) ) ;
#9505 = DIRECTION ( 'NONE',  ( 0.000000000000000000, -0.000000000000000000, -1.000000000000000000 ) ) ;
#9506 = DIRECTION ( 'NONE',  ( 1.000000000000000000, 0.000000000000000000, 0.000000000000000000 ) ) ;
#9507 = AXIS2_PLACEMENT_3D ( 'NONE', #7303, #1197, #5011 ) ;
#9508 = DIRECTION ( 'NONE',  ( 0.000000000000000000, 0.000000000000000000, 1.000000000000000000 ) ) ;
#9509 = CARTESIAN_POINT ( 'NONE',  ( 22.55000000000000071, 21.00000000000000355, 2.000000000000000000 ) ) ;
#9510 = AXIS2_PLACEMENT_3D ( 'NONE', #4274, #7317, #458 ) ;
#9511 = VERTEX_POINT ( 'NONE', #1032 ) ;
#9512 = EDGE_CURVE ( 'NONE', #6750, #3427, #7895, .T. ) ;
#9513 = CARTESIAN_POINT ( 'NONE',  ( -29.55000000000001847, -77.00000000000002842, 2.000000000000000000 ) ) ;
#9514 = ORIENTED_EDGE ( 'NONE', *, *, #131, .F. ) ;
#9515 = CIRCLE ( 'NONE', #4074, 1.550000000000002709 ) ;
#9516 = ORIENTED_EDGE ( 'NONE', *, *, #2609, .F. ) ;
#9517 = FACE_BOUND ( 'NONE', #7071, .T. ) ;
#9518 = EDGE_CURVE ( 'NONE', #242, #8794, #4076, .T. ) ;
#9519 = ORIENTED_EDGE ( 'NONE', *, *, #2865, .T. ) ;
#9520 = CARTESIAN_POINT ( 'NONE',  ( 27.45000000000008811, 85.49999999999998579, 0.000000000000000000 ) ) ;
#9521 = ORIENTED_EDGE ( 'NONE', *, *, #4910, .T. ) ;
#9522 = CARTESIAN_POINT ( 'NONE',  ( -28.99999999999998934, -85.50000000000000000, 0.000000000000000000 ) ) ;
#9523 = ORIENTED_EDGE ( 'NONE', *, *, #3707, .F. ) ;
#9524 = EDGE_CURVE ( 'NONE', #9511, #7983, #9454, .T. ) ;
#9525 = AXIS2_PLACEMENT_3D ( 'NONE', #973, #8487, #6977 ) ;
#9526 = CYLINDRICAL_SURFACE ( 'NONE', #3178, 1.550000000000002709 ) ;
#9527 = EDGE_LOOP ( 'NONE', ( #2965, #1496, #4725, #4565 ) ) ;
#9528 = DIRECTION ( 'NONE',  ( 1.000000000000000000, 0.000000000000000000, 0.000000000000000000 ) ) ;
#9529 = LINE ( 'NONE', #453, #8922 ) ;
#9530 = ORIENTED_EDGE ( 'NONE', *, *, #1869, .T. ) ;
#9531 = DIRECTION ( 'NONE',  ( 0.000000000000000000, 0.000000000000000000, 1.000000000000000000 ) ) ;
#9532 = EDGE_CURVE ( 'NONE', #4618, #799, #230, .T. ) ;
#9533 = DIRECTION ( 'NONE',  ( -1.000000000000000000, 0.000000000000000000, 0.000000000000000000 ) ) ;
#9534 = ADVANCED_FACE ( 'NONE', ( #7143 ), #3355, .F. ) ;
#9535 = CYLINDRICAL_SURFACE ( 'NONE', #1505, 1.550000000000002709 ) ;
#9536 = EDGE_LOOP ( 'NONE', ( #971, #8450, #7425, #7853 ) ) ;
#9537 = DIRECTION ( 'NONE',  ( 1.000000000000000000, 0.000000000000000000, 0.000000000000000000 ) ) ;
#9538 = FACE_OUTER_BOUND ( 'NONE', #7902, .T. ) ;
#9539 = LINE ( 'NONE', #909, #1900 ) ;
#9540 = CIRCLE ( 'NONE', #5213, 1.549999999999995826 ) ;
#9541 = DIRECTION ( 'NONE',  ( -0.000000000000000000, -0.000000000000000000, -1.000000000000000000 ) ) ;
#9542 = VERTEX_POINT ( 'NONE', #8739 ) ;
#9543 = FACE_OUTER_BOUND ( 'NONE', #9487, .T. ) ;
#9544 = ORIENTED_EDGE ( 'NONE', *, *, #19, .F. ) ;
#9545 = CIRCLE ( 'NONE', #9379, 1.550000000000002709 ) ;
#9546 = EDGE_CURVE ( 'NONE', #978, #1688, #3299, .T. ) ;
#9547 = CARTESIAN_POINT ( 'NONE',  ( 59.54999999999999716, 36.99999999999999289, 0.000000000000000000 ) ) ;
#9548 = CIRCLE ( 'NONE', #5217, 5.000000000000000000 ) ;
#9549 = ORIENTED_EDGE ( 'NONE', *, *, #8641, .F. ) ;
#9550 = CARTESIAN_POINT ( 'NONE',  ( -1.549999999999981837, 91.00000000000000000, 2.000000000000000000 ) ) ;
#9551 = CARTESIAN_POINT ( 'NONE',  ( -13.44999999999999751, 52.99999999999999289, 0.000000000000000000 ) ) ;
#9552 = ORIENTED_EDGE ( 'NONE', *, *, #6155, .F. ) ;
#9553 = VECTOR ( 'NONE', #5175, 1000.000000000000000 ) ;
#9554 = DIRECTION ( 'NONE',  ( -1.000000000000000000, 0.000000000000000000, 0.000000000000000000 ) ) ;
#9555 = ORIENTED_EDGE ( 'NONE', *, *, #6571, .F. ) ;
#9556 = CARTESIAN_POINT ( 'NONE',  ( -21.00000000000000355, 20.99999999999999289, 0.000000000000000000 ) ) ;
#9557 = DIRECTION ( 'NONE',  ( 0.9486832980505137680, -0.3162277660168381632, 0.000000000000000000 ) ) ;
#9558 = DIRECTION ( 'NONE',  ( 0.000000000000000000, 0.000000000000000000, 1.000000000000000000 ) ) ;
#9559 = DIRECTION ( 'NONE',  ( 0.000000000000000000, 0.000000000000000000, 1.000000000000000000 ) ) ;
#9560 = VECTOR ( 'NONE', #7015, 1000.000000000000000 ) ;
#9561 = VECTOR ( 'NONE', #2028, 1000.000000000000000 ) ;
#9562 = CIRCLE ( 'NONE', #7291, 1.550000000000009592 ) ;
#9563 = DIRECTION ( 'NONE',  ( 0.000000000000000000, 0.000000000000000000, 1.000000000000000000 ) ) ;
#9564 = AXIS2_PLACEMENT_3D ( 'NONE', #3995, #6984, #8636 ) ;
#9565 = VERTEX_POINT ( 'NONE', #1743 ) ;
#9566 = AXIS2_PLACEMENT_3D ( 'NONE', #7427, #8944, #7524 ) ;
#9567 = VECTOR ( 'NONE', #5666, 1000.000000000000000 ) ;
#9568 = DIRECTION ( 'NONE',  ( -1.000000000000000000, 0.000000000000000000, 0.000000000000000000 ) ) ;
#9569 = VERTEX_POINT ( 'NONE', #1840 ) ;
#9570 = VECTOR ( 'NONE', #9372, 1000.000000000000114 ) ;
#9571 = ORIENTED_EDGE ( 'NONE', *, *, #6937, .T. ) ;
#9572 = FACE_BOUND ( 'NONE', #2152, .T. ) ;
#9573 = ORIENTED_EDGE ( 'NONE', *, *, #7543, .F. ) ;
#9574 = CARTESIAN_POINT ( 'NONE',  ( 54.00000000000004263, 99.00000000000001421, 0.000000000000000000 ) ) ;
#9575 = VERTEX_POINT ( 'NONE', #5695 ) ;
#9576 = CARTESIAN_POINT ( 'NONE',  ( 56.44999999999999574, 36.99999999999999289, 0.000000000000000000 ) ) ;
#9577 = CIRCLE ( 'NONE', #3498, 1.550000000000009592 ) ;
#9578 = AXIS2_PLACEMENT_3D ( 'NONE', #4412, #3525, #5114 ) ;
#9579 = VECTOR ( 'NONE', #8108, 1000.000000000000000 ) ;
#9580 = CARTESIAN_POINT ( 'NONE',  ( 12.54999999999998117, -76.00000000000002842, 2.000000000000000000 ) ) ;
#9581 = VERTEX_POINT ( 'NONE', #1792 ) ;
#9582 = CYLINDRICAL_SURFACE ( 'NONE', #6364, 1.550000000000002709 ) ;
#9583 = AXIS2_PLACEMENT_3D ( 'NONE', #6948, #8552, #2557 ) ;
#9584 = DIRECTION ( 'NONE',  ( 1.000000000000000000, 0.000000000000000000, 0.000000000000000000 ) ) ;
#9585 = AXIS2_PLACEMENT_3D ( 'NONE', #7826, #1872, #3283 ) ;
#9586 = CIRCLE ( 'NONE', #6686, 1.550000000000002709 ) ;
#9587 = EDGE_LOOP ( 'NONE', ( #144, #7395 ) ) ;
#9588 = DIRECTION ( 'NONE',  ( -0.000000000000000000, -0.000000000000000000, -1.000000000000000000 ) ) ;
#9589 = CYLINDRICAL_SURFACE ( 'NONE', #5333, 1.550000000000002709 ) ;
#9590 = EDGE_CURVE ( 'NONE', #6636, #5658, #6348, .T. ) ;
#9591 = DIRECTION ( 'NONE',  ( -0.000000000000000000, -0.000000000000000000, -1.000000000000000000 ) ) ;
#9592 = ORIENTED_EDGE ( 'NONE', *, *, #5351, .T. ) ;
#9593 = CARTESIAN_POINT ( 'NONE',  ( 42.00000000000004263, -54.00000000000003553, 2.000000000000000000 ) ) ;
#9594 = ADVANCED_FACE ( 'NONE', ( #3941 ), #7046, .F. ) ;
#9595 = EDGE_CURVE ( 'NONE', #313, #5178, #4876, .T. ) ;
#9596 = DIRECTION ( 'NONE',  ( 0.000000000000000000, 0.000000000000000000, 1.000000000000000000 ) ) ;
#9597 = CYLINDRICAL_SURFACE ( 'NONE', #9216, 1.550000000000002709 ) ;
#9598 = ADVANCED_FACE ( 'NONE', ( #6302 ), #2550, .F. ) ;
#9599 = CARTESIAN_POINT ( 'NONE',  ( 64.00000000000007105, -90.99999999999998579, 2.000000000000000000 ) ) ;
#9600 = DIRECTION ( 'NONE',  ( -0.000000000000000000, -0.000000000000000000, -1.000000000000000000 ) ) ;
#9601 = ORIENTED_EDGE ( 'NONE', *, *, #5437, .T. ) ;
#9602 = DIRECTION ( 'NONE',  ( -0.000000000000000000, -0.000000000000000000, 1.000000000000000000 ) ) ;
#9603 = ORIENTED_EDGE ( 'NONE', *, *, #4374, .T. ) ;
#9604 = CARTESIAN_POINT ( 'NONE',  ( 36.86999999999999744, 20.36000000000000298, 0.000000000000000000 ) ) ;
#9605 = EDGE_CURVE ( 'NONE', #6906, #603, #297, .T. ) ;
#9606 = DIRECTION ( 'NONE',  ( 0.000000000000000000, 0.000000000000000000, 1.000000000000000000 ) ) ;
#9607 = ORIENTED_EDGE ( 'NONE', *, *, #2539, .T. ) ;
#9608 = DIRECTION ( 'NONE',  ( 1.000000000000000000, 0.000000000000000000, 0.000000000000000000 ) ) ;
#9609 = EDGE_LOOP ( 'NONE', ( #6414, #8725 ) ) ;
#9610 = CARTESIAN_POINT ( 'NONE',  ( 16.94999999999999574, 43.00000000000000000, 2.000000000000000000 ) ) ;
#9611 = DIRECTION ( 'NONE',  ( -0.000000000000000000, -0.000000000000000000, 1.000000000000000000 ) ) ;
#9612 = CARTESIAN_POINT ( 'NONE',  ( -45.99999999999997158, -91.00000000000002842, 2.000000000000000000 ) ) ;
#9613 = FACE_OUTER_BOUND ( 'NONE', #9470, .T. ) ;
#9614 = VECTOR ( 'NONE', #4458, 1000.000000000000000 ) ;
#9615 = VECTOR ( 'NONE', #1018, 1000.000000000000000 ) ;
#9616 = ADVANCED_FACE ( 'NONE', ( #333 ), #6443, .T. ) ;
#9617 = CARTESIAN_POINT ( 'NONE',  ( -9.999999999999989342, -9.999999999999973355, 2.000000000000000000 ) ) ;
#9618 = LINE ( 'NONE', #5802, #6694 ) ;
#9619 = EDGE_LOOP ( 'NONE', ( #9432, #3916, #3840, #8437 ) ) ;
#9620 = VECTOR ( 'NONE', #2758, 1000.000000000000114 ) ;
#9621 = ORIENTED_EDGE ( 'NONE', *, *, #737, .F. ) ;
#9622 = DIRECTION ( 'NONE',  ( 0.000000000000000000, 0.000000000000000000, 1.000000000000000000 ) ) ;
#9623 = ORIENTED_EDGE ( 'NONE', *, *, #8968, .T. ) ;
#9624 = DIRECTION ( 'NONE',  ( 1.000000000000000000, 0.000000000000000000, 0.000000000000000000 ) ) ;
#9625 = ORIENTED_EDGE ( 'NONE', *, *, #729, .F. ) ;
#9626 = DIRECTION ( 'NONE',  ( 0.000000000000000000, 0.000000000000000000, 1.000000000000000000 ) ) ;
#9627 = CIRCLE ( 'NONE', #1450, 1.550000000000002709 ) ;
#9628 = LINE ( 'NONE', #8863, #921 ) ;
#9629 = ORIENTED_EDGE ( 'NONE', *, *, #2171, .T. ) ;
#9630 = CARTESIAN_POINT ( 'NONE',  ( -53.55000000000002558, 47.00000000000000000, 2.000000000000000000 ) ) ;
#9631 = EDGE_CURVE ( 'NONE', #9782, #6363, #5583, .T. ) ;
#9632 = LINE ( 'NONE', #402, #8272 ) ;
#9633 = ORIENTED_EDGE ( 'NONE', *, *, #9214, .T. ) ;
#9634 = CARTESIAN_POINT ( 'NONE',  ( 12.55000000000000959, -51.00000000000000711, 2.000000000000000000 ) ) ;
#9635 = DIRECTION ( 'NONE',  ( 0.000000000000000000, 0.000000000000000000, 1.000000000000000000 ) ) ;
#9636 = CARTESIAN_POINT ( 'NONE',  ( -56.00000000000000711, -70.00000000000002842, 2.000000000000000000 ) ) ;
#9637 = EDGE_LOOP ( 'NONE', ( #1030, #5546 ) ) ;
#9638 = DIRECTION ( 'NONE',  ( -0.000000000000000000, -0.000000000000000000, 1.000000000000000000 ) ) ;
#9639 = EDGE_CURVE ( 'NONE', #5117, #7694, #3668, .T. ) ;
#9640 = DIRECTION ( 'NONE',  ( -0.000000000000000000, 0.000000000000000000, 1.000000000000000000 ) ) ;
#9641 = CARTESIAN_POINT ( 'NONE',  ( 0.000000000000000000, 0.000000000000000000, 2.000000000000000000 ) ) ;
#9642 = DIRECTION ( 'NONE',  ( 0.000000000000000000, 0.000000000000000000, 1.000000000000000000 ) ) ;
#9643 = ADVANCED_FACE ( 'NONE', ( #3552 ), #3505, .F. ) ;
#9644 = CARTESIAN_POINT ( 'NONE',  ( 29.00000000000000000, -24.50000000000000000, 2.000000000000000000 ) ) ;
#9645 = ADVANCED_FACE ( 'NONE', ( #9658 ), #8088, .F. ) ;
#9646 = ORIENTED_EDGE ( 'NONE', *, *, #3385, .F. ) ;
#9647 = CARTESIAN_POINT ( 'NONE',  ( 28.00000000000005329, -77.00000000000002842, 0.000000000000000000 ) ) ;
#9648 = EDGE_CURVE ( 'NONE', #8471, #9713, #2698, .T. ) ;
#9649 = VERTEX_POINT ( 'NONE', #5844 ) ;
#9650 = FACE_OUTER_BOUND ( 'NONE', #4024, .T. ) ;
#9651 = DIRECTION ( 'NONE',  ( -0.7682212795973755171, 0.6401843996644801527, -0.000000000000000000 ) ) ;
#9652 = EDGE_LOOP ( 'NONE', ( #4696, #8486, #3712, #859 ) ) ;
#9653 = ADVANCED_FACE ( 'NONE', ( #1946 ), #5797, .F. ) ;
#9654 = DIRECTION ( 'NONE',  ( -1.000000000000000000, -3.854941057726238097E-16, 0.000000000000000000 ) ) ;
#9655 = ORIENTED_EDGE ( 'NONE', *, *, #173, .F. ) ;
#9656 = CARTESIAN_POINT ( 'NONE',  ( -11.00000000000000000, -76.00000000000002842, 0.000000000000000000 ) ) ;
#9657 = EDGE_CURVE ( 'NONE', #4213, #7003, #8890, .T. ) ;
#9658 = FACE_OUTER_BOUND ( 'NONE', #5430, .T. ) ;
#9659 = DIRECTION ( 'NONE',  ( 1.000000000000000000, -0.000000000000000000, -0.000000000000000000 ) ) ;
#9660 = CIRCLE ( 'NONE', #2132, 5.000000000000000000 ) ;
#9661 = CARTESIAN_POINT ( 'NONE',  ( -7.499999999999996447, -27.49999999999998934, 2.000000000000000000 ) ) ;
#9662 = DIRECTION ( 'NONE',  ( 0.000000000000000000, 0.000000000000000000, 1.000000000000000000 ) ) ;
#9663 = VECTOR ( 'NONE', #6230, 1000.000000000000000 ) ;
#9664 = DIRECTION ( 'NONE',  ( -0.000000000000000000, -0.000000000000000000, -1.000000000000000000 ) ) ;
#9665 = ORIENTED_EDGE ( 'NONE', *, *, #8378, .T. ) ;
#9666 = ORIENTED_EDGE ( 'NONE', *, *, #6406, .F. ) ;
#9667 = DIRECTION ( 'NONE',  ( 1.000000000000000000, 0.000000000000000000, 0.000000000000000000 ) ) ;
#9668 = ORIENTED_EDGE ( 'NONE', *, *, #9532, .T. ) ;
#9669 = DIRECTION ( 'NONE',  ( -1.000000000000000000, 0.000000000000000000, 0.000000000000000000 ) ) ;
#9670 = ORIENTED_EDGE ( 'NONE', *, *, #9512, .F. ) ;
#9671 = AXIS2_PLACEMENT_3D ( 'NONE', #6415, #9471, #2509 ) ;
#9672 = DIRECTION ( 'NONE',  ( -0.000000000000000000, -0.000000000000000000, -1.000000000000000000 ) ) ;
#9673 = AXIS2_PLACEMENT_3D ( 'NONE', #282, #5499, #4750 ) ;
#9674 = LINE ( 'NONE', #2102, #4298 ) ;
#9675 = EDGE_LOOP ( 'NONE', ( #7559, #300 ) ) ;
#9676 = CIRCLE ( 'NONE', #5347, 1.549999999999995826 ) ;
#9677 = FACE_OUTER_BOUND ( 'NONE', #9335, .T. ) ;
#9678 = EDGE_CURVE ( 'NONE', #5950, #4857, #5899, .T. ) ;
#9679 = VERTEX_POINT ( 'NONE', #1136 ) ;
#9680 = CARTESIAN_POINT ( 'NONE',  ( 54.45000000000008100, -90.99999999999998579, 2.000000000000000000 ) ) ;
#9681 = LINE ( 'NONE', #8069, #9344 ) ;
#9682 = VECTOR ( 'NONE', #3205, 1000.000000000000000 ) ;
#9683 = DIRECTION ( 'NONE',  ( -0.000000000000000000, -0.000000000000000000, -1.000000000000000000 ) ) ;
#9684 = CARTESIAN_POINT ( 'NONE',  ( 44.00000000000000711, 7.499999999999999112, 0.000000000000000000 ) ) ;
#9685 = ORIENTED_EDGE ( 'NONE', *, *, #8836, .T. ) ;
#9686 = DIRECTION ( 'NONE',  ( -1.000000000000000000, 0.000000000000000000, 0.000000000000000000 ) ) ;
#9687 = CIRCLE ( 'NONE', #6318, 1.550000000000002709 ) ;
#9688 = CARTESIAN_POINT ( 'NONE',  ( 7.632783294297951215E-14, 85.50000000000001421, 0.000000000000000000 ) ) ;
#9689 = LINE ( 'NONE', #8828, #6021 ) ;
#9690 = CARTESIAN_POINT ( 'NONE',  ( 1.550000000000007372, -11.99999999999999645, 2.000000000000000000 ) ) ;
#9691 = CARTESIAN_POINT ( 'NONE',  ( 10.00000000000001066, -9.999999999999989342, 0.000000000000000000 ) ) ;
#9692 = VERTEX_POINT ( 'NONE', #426 ) ;
#9693 = CARTESIAN_POINT ( 'NONE',  ( -52.00000000000002132, 47.00000000000000000, 0.000000000000000000 ) ) ;
#9694 = EDGE_CURVE ( 'NONE', #7685, #2122, #6548, .T. ) ;
#9695 = ORIENTED_EDGE ( 'NONE', *, *, #5651, .F. ) ;
#9696 = DIRECTION ( 'NONE',  ( 1.000000000000000000, 0.000000000000000000, 0.000000000000000000 ) ) ;
#9697 = CARTESIAN_POINT ( 'NONE',  ( 46.00000000000008527, -89.45000000000001705, 0.000000000000000000 ) ) ;
#9698 = ORIENTED_EDGE ( 'NONE', *, *, #9436, .F. ) ;
#9699 = CARTESIAN_POINT ( 'NONE',  ( 29.55000000000006111, -46.99999999999999289, 0.000000000000000000 ) ) ;
#9700 = EDGE_LOOP ( 'NONE', ( #5407, #3935 ) ) ;
#9701 = CYLINDRICAL_SURFACE ( 'NONE', #1366, 1.550000000000002709 ) ;
#9702 = AXIS2_PLACEMENT_3D ( 'NONE', #5127, #5169, #9745 ) ;
#9703 = PLANE ( 'NONE',  #2634 ) ;
#9704 = AXIS2_PLACEMENT_3D ( 'NONE', #4497, #2278, #7530 ) ;
#9705 = DIRECTION ( 'NONE',  ( 1.000000000000000000, 0.000000000000000000, 0.000000000000000000 ) ) ;
#9706 = EDGE_CURVE ( 'NONE', #4857, #5950, #2214, .T. ) ;
#9707 = FACE_OUTER_BOUND ( 'NONE', #905, .T. ) ;
#9708 = EDGE_CURVE ( 'NONE', #8593, #4755, #7972, .T. ) ;
#9709 = CIRCLE ( 'NONE', #1376, 1.550000000000009592 ) ;
#9710 = CARTESIAN_POINT ( 'NONE',  ( -42.00000000000000000, -38.20000000000003126, 0.000000000000000000 ) ) ;
#9711 = VERTEX_POINT ( 'NONE', #7242 ) ;
#9712 = EDGE_CURVE ( 'NONE', #5148, #1937, #8282, .T. ) ;
#9713 = VERTEX_POINT ( 'NONE', #7123 ) ;
#9714 = FACE_BOUND ( 'NONE', #1922, .T. ) ;
#9715 = ORIENTED_EDGE ( 'NONE', *, *, #2520, .F. ) ;
#9716 = DIRECTION ( 'NONE',  ( -1.000000000000000000, 0.000000000000000000, 0.000000000000000000 ) ) ;
#9717 = ORIENTED_EDGE ( 'NONE', *, *, #1060, .T. ) ;
#9718 = CARTESIAN_POINT ( 'NONE',  ( 14.55000000000000071, 62.00000000000000000, 2.000000000000000000 ) ) ;
#9719 = ADVANCED_FACE ( 'NONE', ( #4133 ), #6380, .F. ) ;
#9720 = AXIS2_PLACEMENT_3D ( 'NONE', #9593, #8021, #5821 ) ;
#9721 = VECTOR ( 'NONE', #370, 1000.000000000000000 ) ;
#9722 = CIRCLE ( 'NONE', #4418, 1.549999999999995826 ) ;
#9723 = AXIS2_PLACEMENT_3D ( 'NONE', #8192, #8996, #6840 ) ;
#9724 = CIRCLE ( 'NONE', #8924, 1.549999999999998712 ) ;
#9725 = DIRECTION ( 'NONE',  ( 1.000000000000000000, 0.000000000000000000, 0.000000000000000000 ) ) ;
#9726 = ORIENTED_EDGE ( 'NONE', *, *, #3168, .T. ) ;
#9727 = CARTESIAN_POINT ( 'NONE',  ( 54.45000000000008100, 1.371604415045036973E-14, 0.000000000000000000 ) ) ;
#9728 = ADVANCED_FACE ( 'NONE', ( #312 ), #258, .F. ) ;
#9729 = AXIS2_PLACEMENT_3D ( 'NONE', #2749, #7996, #4303 ) ;
#9730 = AXIS2_PLACEMENT_3D ( 'NONE', #3677, #3720, #6762 ) ;
#9731 = VERTEX_POINT ( 'NONE', #3235 ) ;
#9732 = DIRECTION ( 'NONE',  ( 0.000000000000000000, 0.000000000000000000, 1.000000000000000000 ) ) ;
#9733 = DIRECTION ( 'NONE',  ( 0.000000000000000000, 0.000000000000000000, 1.000000000000000000 ) ) ;
#9734 = AXIS2_PLACEMENT_3D ( 'NONE', #3721, #8464, #4569 ) ;
#9735 = ORIENTED_EDGE ( 'NONE', *, *, #2659, .T. ) ;
#9736 = CIRCLE ( 'NONE', #5401, 1.549999999999995826 ) ;
#9737 = LINE ( 'NONE', #6384, #3471 ) ;
#9738 = AXIS2_PLACEMENT_3D ( 'NONE', #5619, #8663, #1809 ) ;
#9739 = ORIENTED_EDGE ( 'NONE', *, *, #5226, .T. ) ;
#9740 = FACE_OUTER_BOUND ( 'NONE', #3621, .T. ) ;
#9741 = EDGE_CURVE ( 'NONE', #6066, #7790, #8625, .T. ) ;
#9742 = AXIS2_PLACEMENT_3D ( 'NONE', #185, #3257, #6309 ) ;
#9743 = CIRCLE ( 'NONE', #5900, 1.550000000000002709 ) ;
#9744 = DIRECTION ( 'NONE',  ( -1.000000000000000000, 0.000000000000000000, 0.000000000000000000 ) ) ;
#9745 = DIRECTION ( 'NONE',  ( -1.000000000000000000, 0.000000000000000000, 0.000000000000000000 ) ) ;
#9746 = CARTESIAN_POINT ( 'NONE',  ( 0.000000000000000000, 0.000000000000000000, 0.000000000000000000 ) ) ;
#9747 = LINE ( 'NONE', #660, #6307 ) ;
#9748 = ORIENTED_EDGE ( 'NONE', *, *, #5404, .T. ) ;
#9749 = AXIS2_PLACEMENT_3D ( 'NONE', #5147, #6499, #4161 ) ;
#9750 = CIRCLE ( 'NONE', #3982, 1.550000000000002709 ) ;
#9751 = DIRECTION ( 'NONE',  ( -0.000000000000000000, -0.000000000000000000, 1.000000000000000000 ) ) ;
#9752 = AXIS2_PLACEMENT_3D ( 'NONE', #8185, #8140, #7286 ) ;
#9753 = ORIENTED_EDGE ( 'NONE', *, *, #7717, .F. ) ;
#9754 = CARTESIAN_POINT ( 'NONE',  ( -52.00000000000002132, -77.00000000000001421, 2.000000000000000000 ) ) ;
#9755 = AXIS2_PLACEMENT_3D ( 'NONE', #358, #8869, #5068 ) ;
#9756 = CARTESIAN_POINT ( 'NONE',  ( 7.632783294297951215E-14, 85.50000000000001421, 2.000000000000000000 ) ) ;
#9757 = ORIENTED_EDGE ( 'NONE', *, *, #5959, .T. ) ;
#9758 = DIRECTION ( 'NONE',  ( 0.000000000000000000, 0.000000000000000000, 1.000000000000000000 ) ) ;
#9759 = ORIENTED_EDGE ( 'NONE', *, *, #8777, .T. ) ;
#9760 = DIRECTION ( 'NONE',  ( 1.000000000000000000, 0.000000000000000000, 0.000000000000000000 ) ) ;
#9761 = CARTESIAN_POINT ( 'NONE',  ( 0.000000000000000000, 75.69999999999998863, 2.000000000000000000 ) ) ;
#9762 = PLANE ( 'NONE',  #1372 ) ;
#9763 = DIRECTION ( 'NONE',  ( 1.000000000000000000, 0.000000000000000000, 0.000000000000000000 ) ) ;
#9764 = EDGE_CURVE ( 'NONE', #1418, #1160, #925, .T. ) ;
#9765 = ADVANCED_FACE ( 'NONE', ( #6428 ), #4784, .F. ) ;
#9766 = CARTESIAN_POINT ( 'NONE',  ( -23.09999999999998366, -29.60000000000000142, 2.000000000000000000 ) ) ;
#9767 = ORIENTED_EDGE ( 'NONE', *, *, #7315, .T. ) ;
#9768 = EDGE_LOOP ( 'NONE', ( #882, #1845, #4057, #8919 ) ) ;
#9769 = DIRECTION ( 'NONE',  ( -0.000000000000000000, 0.000000000000000000, 1.000000000000000000 ) ) ;
#9770 = ORIENTED_EDGE ( 'NONE', *, *, #9141, .T. ) ;
#9771 = CARTESIAN_POINT ( 'NONE',  ( -9.000000000000005329, 24.49999999999999289, 0.000000000000000000 ) ) ;
#9772 = EDGE_LOOP ( 'NONE', ( #5294, #4812, #2591, #186, #1528 ) ) ;
#9773 = DIRECTION ( 'NONE',  ( 0.000000000000000000, 0.000000000000000000, 1.000000000000000000 ) ) ;
#9774 = EDGE_CURVE ( 'NONE', #8239, #3723, #4186, .T. ) ;
#9775 = CIRCLE ( 'NONE', #2081, 1.550000000000002709 ) ;
#9776 = EDGE_CURVE ( 'NONE', #6037, #4891, #9750, .T. ) ;
#9777 = CARTESIAN_POINT ( 'NONE',  ( -30.55000000000000782, 9.500000000000000000, 2.000000000000000000 ) ) ;
#9778 = ORIENTED_EDGE ( 'NONE', *, *, #4815, .T. ) ;
#9779 = VECTOR ( 'NONE', #7857, 1000.000000000000000 ) ;
#9780 = CIRCLE ( 'NONE', #3220, 5.000000000000000000 ) ;
#9781 = CARTESIAN_POINT ( 'NONE',  ( 0.000000000000000000, 41.99999999999999289, 0.000000000000000000 ) ) ;
#9782 = VERTEX_POINT ( 'NONE', #5734 ) ;
#9783 = CARTESIAN_POINT ( 'NONE',  ( -30.54999999999999716, 24.50000000000000000, 0.000000000000000000 ) ) ;
#9784 = CARTESIAN_POINT ( 'NONE',  ( -28.99999999999998934, -85.50000000000000000, 0.000000000000000000 ) ) ;
#9785 = ORIENTED_EDGE ( 'NONE', *, *, #8661, .F. ) ;
#9786 = DIRECTION ( 'NONE',  ( -1.000000000000000000, 0.000000000000000000, 0.000000000000000000 ) ) ;
#9787 = ORIENTED_EDGE ( 'NONE', *, *, #7670, .F. ) ;
#9788 = FACE_OUTER_BOUND ( 'NONE', #9768, .T. ) ;
#9789 = CARTESIAN_POINT ( 'NONE',  ( 21.00000000000000000, -21.00000000000000355, 2.000000000000000000 ) ) ;
#9790 = DIRECTION ( 'NONE',  ( 0.000000000000000000, 0.000000000000000000, 1.000000000000000000 ) ) ;
#9791 = FACE_OUTER_BOUND ( 'NONE', #2755, .T. ) ;
#9792 = CARTESIAN_POINT ( 'NONE',  ( -11.00000000000000000, -74.45000000000003126, 2.000000000000000000 ) ) ;
#9793 = ORIENTED_EDGE ( 'NONE', *, *, #6992, .F. ) ;
#9794 = CARTESIAN_POINT ( 'NONE',  ( -30.54999999999999716, -24.50000000000000000, 0.000000000000000000 ) ) ;
#9795 = ORIENTED_EDGE ( 'NONE', *, *, #9708, .F. ) ;
#9796 = LINE ( 'NONE', #9034, #5716 ) ;
#9797 = FACE_OUTER_BOUND ( 'NONE', #753, .T. ) ;
#9798 = ORIENTED_EDGE ( 'NONE', *, *, #2046, .T. ) ;
#9799 = EDGE_CURVE ( 'NONE', #8484, #6363, #9539, .T. ) ;
#9800 = CARTESIAN_POINT ( 'NONE',  ( -52.00000000000002132, -47.00000000000000000, 2.000000000000000000 ) ) ;
#9801 = ORIENTED_EDGE ( 'NONE', *, *, #3335, .F. ) ;
#9802 = DIRECTION ( 'NONE',  ( 1.000000000000000000, 0.000000000000000000, 0.000000000000000000 ) ) ;
#9803 = DIRECTION ( 'NONE',  ( 1.000000000000000000, 0.000000000000000000, 0.000000000000000000 ) ) ;
#9804 = CARTESIAN_POINT ( 'NONE',  ( -11.44999999999999751, 62.00000000000000000, 2.000000000000000000 ) ) ;
#9805 = EDGE_CURVE ( 'NONE', #4908, #6290, #8938, .T. ) ;
#9806 = CARTESIAN_POINT ( 'NONE',  ( 48.99999999999998579, -7.500000000000000000, 0.000000000000000000 ) ) ;
#9807 = CARTESIAN_POINT ( 'NONE',  ( -47.54999999999995453, -91.00000000000002842, 2.000000000000000000 ) ) ;
#9808 = DIRECTION ( 'NONE',  ( -1.000000000000000000, 0.000000000000000000, 0.000000000000000000 ) ) ;
#9809 = ORIENTED_EDGE ( 'NONE', *, *, #8357, .T. ) ;
#9810 = VERTEX_POINT ( 'NONE', #5630 ) ;
#9811 = CARTESIAN_POINT ( 'NONE',  ( -46.00000000000005684, 89.45000000000000284, 2.000000000000000000 ) ) ;
#9812 = VERTEX_POINT ( 'NONE', #4830 ) ;
#9813 = CARTESIAN_POINT ( 'NONE',  ( -63.99999999999998579, -91.00000000000000000, 2.000000000000000000 ) ) ;
#9814 = EDGE_LOOP ( 'NONE', ( #5998, #3559, #8955, #712 ) ) ;
#9815 = CYLINDRICAL_SURFACE ( 'NONE', #1655, 1.550000000000002709 ) ;
#9816 = CARTESIAN_POINT ( 'NONE',  ( -7.499999999999995559, -39.50000000000001421, 2.000000000000000000 ) ) ;
#9817 = ADVANCED_FACE ( 'NONE', ( #8673 ), #9383, .F. ) ;
#9818 = ORIENTED_EDGE ( 'NONE', *, *, #1888, .T. ) ;
#9819 = EDGE_CURVE ( 'NONE', #5148, #7753, #1720, .T. ) ;
#9820 = DIRECTION ( 'NONE',  ( -0.000000000000000000, -0.000000000000000000, 1.000000000000000000 ) ) ;
#9821 = AXIS2_PLACEMENT_3D ( 'NONE', #5661, #8705, #2563 ) ;
#9822 = EDGE_LOOP ( 'NONE', ( #9050, #9913, #1153, #293 ) ) ;
#9823 = FACE_BOUND ( 'NONE', #7219, .T. ) ;
#9824 = LINE ( 'NONE', #6011, #8642 ) ;
#9825 = ORIENTED_EDGE ( 'NONE', *, *, #9605, .F. ) ;
#9826 = EDGE_CURVE ( 'NONE', #6290, #4908, #5098, .T. ) ;
#9827 = DIRECTION ( 'NONE',  ( 1.000000000000000000, 0.000000000000000000, 0.000000000000000000 ) ) ;
#9828 = ORIENTED_EDGE ( 'NONE', *, *, #4065, .T. ) ;
#9829 = AXIS2_PLACEMENT_3D ( 'NONE', #4378, #7420, #3628 ) ;
#9830 = CARTESIAN_POINT ( 'NONE',  ( 20.05000000000003624, -83.00000000000000000, 0.000000000000000000 ) ) ;
#9831 = AXIS2_PLACEMENT_3D ( 'NONE', #6444, #2644, #5046 ) ;
#9832 = CARTESIAN_POINT ( 'NONE',  ( 20.05000000000000071, 43.00000000000000000, 2.000000000000000000 ) ) ;
#9833 = ADVANCED_FACE ( 'NONE', ( #7977 ), #4878, .F. ) ;
#9834 = VECTOR ( 'NONE', #8775, 1000.000000000000000 ) ;
#9835 = DIRECTION ( 'NONE',  ( -1.000000000000000000, 0.000000000000000000, 0.000000000000000000 ) ) ;
#9836 = EDGE_CURVE ( 'NONE', #2653, #5508, #6479, .T. ) ;
#9837 = CARTESIAN_POINT ( 'NONE',  ( 22.09601551083917670, 19.90398448916085883, 0.000000000000000000 ) ) ;
#9838 = ORIENTED_EDGE ( 'NONE', *, *, #4091, .T. ) ;
#9839 = CIRCLE ( 'NONE', #8874, 1.550000000000002709 ) ;
#9840 = EDGE_CURVE ( 'NONE', #6090, #8179, #1103, .T. ) ;
#9841 = LINE ( 'NONE', #9792, #2466 ) ;
#9842 = VERTEX_POINT ( 'NONE', #9334 ) ;
#9843 = CARTESIAN_POINT ( 'NONE',  ( -42.00000000000001421, -54.00000000000003553, 2.000000000000000000 ) ) ;
#9844 = VECTOR ( 'NONE', #5787, 1000.000000000000000 ) ;
#9845 = ORIENTED_EDGE ( 'NONE', *, *, #1783, .F. ) ;
#9846 = CYLINDRICAL_SURFACE ( 'NONE', #2522, 1.549999999999995826 ) ;
#9847 = DIRECTION ( 'NONE',  ( 0.000000000000000000, 0.000000000000000000, 1.000000000000000000 ) ) ;
#9848 = EDGE_LOOP ( 'NONE', ( #8536, #8081, #345, #7590 ) ) ;
#9849 = EDGE_CURVE ( 'NONE', #791, #8109, #2526, .T. ) ;
#9850 = CARTESIAN_POINT ( 'NONE',  ( 52.00000000000005684, -47.00000000000001421, 0.000000000000000000 ) ) ;
#9851 = VERTEX_POINT ( 'NONE', #4804 ) ;
#9852 = DIRECTION ( 'NONE',  ( -0.000000000000000000, -0.000000000000000000, -1.000000000000000000 ) ) ;
#9853 = CARTESIAN_POINT ( 'NONE',  ( -46.00000000000001421, -92.54999999999999716, 2.000000000000000000 ) ) ;
#9854 = DIRECTION ( 'NONE',  ( 1.000000000000000000, 0.000000000000000000, 0.000000000000000000 ) ) ;
#9855 = DIRECTION ( 'NONE',  ( 1.000000000000000000, 0.000000000000000000, 0.000000000000000000 ) ) ;
#9856 = DIRECTION ( 'NONE',  ( 1.000000000000000000, 0.000000000000000000, 0.000000000000000000 ) ) ;
#9857 = ORIENTED_EDGE ( 'NONE', *, *, #3460, .T. ) ;
#9858 = ORIENTED_EDGE ( 'NONE', *, *, #9138, .F. ) ;
#9859 = CARTESIAN_POINT ( 'NONE',  ( -56.00000000000002842, 0.000000000000000000, 0.000000000000000000 ) ) ;
#9860 = ORIENTED_EDGE ( 'NONE', *, *, #2276, .F. ) ;
#9861 = CARTESIAN_POINT ( 'NONE',  ( 57.99999999999999289, 36.99999999999999289, 0.000000000000000000 ) ) ;
#9862 = MANIFOLD_SOLID_BREP ( 'ÇÐ³ý-À­Éì1', #2437 ) ;
#9863 = DIRECTION ( 'NONE',  ( -1.000000000000000000, 0.000000000000000000, 0.000000000000000000 ) ) ;
#9864 = CARTESIAN_POINT ( 'NONE',  ( -42.00000000000001421, -54.00000000000003553, 2.000000000000000000 ) ) ;
#9865 = AXIS2_PLACEMENT_3D ( 'NONE', #3784, #4491, #2987 ) ;
#9866 = AXIS2_PLACEMENT_3D ( 'NONE', #4524, #6813, #8263 ) ;
#9867 = DIRECTION ( 'NONE',  ( -0.000000000000000000, -0.000000000000000000, -1.000000000000000000 ) ) ;
#9868 = EDGE_LOOP ( 'NONE', ( #5609, #4472, #7929, #4176 ) ) ;
#9869 = DIRECTION ( 'NONE',  ( -0.000000000000000000, -0.000000000000000000, 1.000000000000000000 ) ) ;
#9870 = ORIENTED_EDGE ( 'NONE', *, *, #6388, .T. ) ;
#9871 = CARTESIAN_POINT ( 'NONE',  ( -21.00000000000000355, -21.00000000000000000, 2.000000000000000000 ) ) ;
#9872 = DIRECTION ( 'NONE',  ( -0.000000000000000000, -0.000000000000000000, -1.000000000000000000 ) ) ;
#9873 = EDGE_LOOP ( 'NONE', ( #5113, #5685, #2856, #7384 ) ) ;
#9874 = CIRCLE ( 'NONE', #894, 1.550000000000002709 ) ;
#9875 = DIRECTION ( 'NONE',  ( 1.000000000000000000, 0.000000000000000000, 0.000000000000000000 ) ) ;
#9876 = VERTEX_POINT ( 'NONE', #1035 ) ;
#9877 = DIRECTION ( 'NONE',  ( -0.000000000000000000, -0.000000000000000000, 1.000000000000000000 ) ) ;
#9878 = CIRCLE ( 'NONE', #3488, 1.550000000000002709 ) ;
#9879 = VECTOR ( 'NONE', #2688, 1000.000000000000000 ) ;
#9880 = DIRECTION ( 'NONE',  ( 0.000000000000000000, 0.000000000000000000, 1.000000000000000000 ) ) ;
#9881 = AXIS2_PLACEMENT_3D ( 'NONE', #275, #6935, #7783 ) ;
#9882 = DIRECTION ( 'NONE',  ( -0.000000000000000000, -0.000000000000000000, 1.000000000000000000 ) ) ;
#9883 = EDGE_CURVE ( 'NONE', #1539, #9876, #6695, .T. ) ;
#9884 = CIRCLE ( 'NONE', #9071, 1.550000000000004485 ) ;
#9885 = VECTOR ( 'NONE', #2361, 1000.000000000000000 ) ;
#9886 = DIRECTION ( 'NONE',  ( 0.7071067811865469066, -0.7071067811865481278, 0.000000000000000000 ) ) ;
#9887 = ORIENTED_EDGE ( 'NONE', *, *, #3026, .F. ) ;
#9888 = DIRECTION ( 'NONE',  ( -0.000000000000000000, -0.000000000000000000, 1.000000000000000000 ) ) ;
#9889 = VERTEX_POINT ( 'NONE', #2499 ) ;
#9890 = DIRECTION ( 'NONE',  ( 0.000000000000000000, 0.000000000000000000, 1.000000000000000000 ) ) ;
#9891 = ADVANCED_FACE ( 'NONE', ( #9412 ), #7802, .F. ) ;
#9892 = EDGE_CURVE ( 'NONE', #2266, #7648, #1092, .T. ) ;
#9893 = CIRCLE ( 'NONE', #5086, 1.550000000000002709 ) ;
#9894 = CIRCLE ( 'NONE', #6838, 1.549999999999999378 ) ;
#9895 = VECTOR ( 'NONE', #5012, 1000.000000000000000 ) ;
#9896 = VERTEX_POINT ( 'NONE', #3302 ) ;
#9897 = ADVANCED_FACE ( 'NONE', ( #6447 ), #1844, .F. ) ;
#9898 = DIRECTION ( 'NONE',  ( 1.000000000000000000, 0.000000000000000000, 0.000000000000000000 ) ) ;
#9899 = AXIS2_PLACEMENT_3D ( 'NONE', #8650, #5506, #4851 ) ;
#9900 = CARTESIAN_POINT ( 'NONE',  ( -9.999999999999989342, 9.999999999999994671, 2.000000000000000000 ) ) ;
#9901 = ORIENTED_EDGE ( 'NONE', *, *, #3527, .F. ) ;
#9902 = AXIS2_PLACEMENT_3D ( 'NONE', #9484, #7226, #2475 ) ;
#9903 = AXIS2_PLACEMENT_3D ( 'NONE', #9255, #8594, #9451 ) ;
#9904 = CARTESIAN_POINT ( 'NONE',  ( -54.45000000000000995, -70.00000000000002842, 2.000000000000000000 ) ) ;
#9905 = EDGE_LOOP ( 'NONE', ( #9494, #3188, #5071, #2768 ) ) ;
#9906 = DIRECTION ( 'NONE',  ( -0.000000000000000000, -0.000000000000000000, -1.000000000000000000 ) ) ;
#9907 = DIRECTION ( 'NONE',  ( -0.000000000000000000, -0.000000000000000000, 1.000000000000000000 ) ) ;
#9908 = EDGE_CURVE ( 'NONE', #4944, #5708, #7642, .T. ) ;
#9909 = LINE ( 'NONE', #6739, #880 ) ;
#9910 = DIRECTION ( 'NONE',  ( 1.000000000000000000, 0.000000000000000000, 0.000000000000000000 ) ) ;
#9911 = LINE ( 'NONE', #6788, #8418 ) ;
#9912 = VERTEX_POINT ( 'NONE', #9509 ) ;
#9913 = ORIENTED_EDGE ( 'NONE', *, *, #4175, .F. ) ;
#9914 = DIRECTION ( 'NONE',  ( 0.000000000000000000, 0.000000000000000000, 1.000000000000000000 ) ) ;
#9915 = ORIENTED_EDGE ( 'NONE', *, *, #8661, .T. ) ;
#9916 = DIRECTION ( 'NONE',  ( 1.000000000000000000, 0.000000000000000000, 0.000000000000000000 ) ) ;
#9917 = CARTESIAN_POINT ( 'NONE',  ( -54.45000000000002416, 70.00000000000000000, 2.000000000000000000 ) ) ;
#9918 = CARTESIAN_POINT ( 'NONE',  ( 1.549999999999998268, 37.00000000000000000, 2.000000000000000000 ) ) ;
#9919 = EDGE_CURVE ( 'NONE', #4731, #4015, #8452, .T. ) ;
#9920 = CARTESIAN_POINT ( 'NONE',  ( 29.55000000000006111, -46.99999999999999289, 2.000000000000000000 ) ) ;
#9921 = ORIENTED_EDGE ( 'NONE', *, *, #5731, .T. ) ;
#9922 = DIRECTION ( 'NONE',  ( 0.000000000000000000, 0.000000000000000000, 1.000000000000000000 ) ) ;
#9923 = ORIENTED_EDGE ( 'NONE', *, *, #8836, .F. ) ;
#9924 = CARTESIAN_POINT ( 'NONE',  ( -28.00000000000001776, -77.00000000000002842, 2.000000000000000000 ) ) ;
#9925 = DIRECTION ( 'NONE',  ( 1.000000000000000000, 0.000000000000000000, 0.000000000000000000 ) ) ;
#9926 = VERTEX_POINT ( 'NONE', #939 ) ;
#9927 = DIRECTION ( 'NONE',  ( 0.000000000000000000, 0.000000000000000000, 1.000000000000000000 ) ) ;
#9928 = ORIENTED_EDGE ( 'NONE', *, *, #2340, .T. ) ;
#9929 = CARTESIAN_POINT ( 'NONE',  ( 1.550000000000009592, 91.00000000000000000, 0.000000000000000000 ) ) ;
#9930 = CIRCLE ( 'NONE', #4971, 1.549999999999999378 ) ;
#9931 = VECTOR ( 'NONE', #790, 1000.000000000000000 ) ;
#9932 = ADVANCED_FACE ( 'NONE', ( #8501 ), #6306, .F. ) ;
#9933 = DIRECTION ( 'NONE',  ( 1.000000000000000000, 0.000000000000000000, 0.000000000000000000 ) ) ;
#9934 = DIRECTION ( 'NONE',  ( 1.000000000000000000, 0.000000000000000000, 0.000000000000000000 ) ) ;
#9935 = CARTESIAN_POINT ( 'NONE',  ( -56.00000000000002842, 70.00000000000000000, 2.000000000000000000 ) ) ;
#9936 = VERTEX_POINT ( 'NONE', #6260 ) ;
#9937 = ORIENTED_EDGE ( 'NONE', *, *, #9595, .F. ) ;
#9938 = CIRCLE ( 'NONE', #8480, 1.549999999999982059 ) ;
ENDSEC;
END-ISO-10303-21;
